In EGS_Application::initSimulation()
================================================================================
EGSnrc version 4 for x86_64-unknown-linux-gnu          Fri Mar 10 19:01:42 2023
================================================================================
configuration....................................................linux
user code........................................................TB
pegs file........................................................
using host.......................................................narvi.cc.tut.fi
input file.......................................................BladesOnly
output file(s)...................................................BladesOnly
================================================================================

               ***************************************************
               *                                                 *
               *                  TB                       *
               *                                                 *
               ***************************************************

This is TB   based on
      EGS_AdvancedApplication  

In initCrossSections(): spin effects = 1
Property Photon cross-sections output: 0
Property Photonuclear attenuation: 0
Property Bound Compton scattering: 1
Property Radiative Compton corrections: 1
Property Rayleigh scattering: 1
Property Atomic relaxations: 1
Property Photoelectron angular sampling: 1
Property Spin effects: 1
Property Triplet production: 1
Property Brems cross sections: 2
Property Brems angular sampling: 1
Property Pair cross sections: 1
Property Pair angular sampling: 2
Property Electron-step algorithm: 2
Property Boundary crossing algorithm: 0
 ===> Photonuclear flag:   0
 RAYLEIGH OPTION REQUESTED FOR MEDIUM NUMBER  1

 RAYLEIGH OPTION REQUESTED FOR MEDIUM NUMBER  2

 RAYLEIGH OPTION REQUESTED FOR MEDIUM NUMBER  3

 RAYLEIGH OPTION REQUESTED FOR MEDIUM NUMBER  4

 RAYLEIGH OPTION REQUESTED FOR MEDIUM NUMBER  5

 RAYLEIGH OPTION REQUESTED FOR MEDIUM NUMBER  6

 RAYLEIGH OPTION REQUESTED FOR MEDIUM NUMBER  7

 RAYLEIGH OPTION REQUESTED FOR MEDIUM NUMBER  8

  PEGSLESS INPUT.  CALCULATING ELECTRON CROSS-SECTIONS.
  density_file carbon_graphite_icru90_2.0g_cm3                                                                                                                                                                                                                                 
  density_file molybdenum                                                                                                                                                                                                                                                      
  density_file lead                                                                                                                                                                                                                                                            
  density_file steel_stainless_type302                                                                                                                                                                                                                                         
  density_file air_dry_nearsealevel                                                                                                                                                                                                                                            
  density_file polystyrene                                                                                                                                                                                                                                                     
  density_file radiochromicdyefilm_nylonbase                                                                                                                                                                                                                                   

  Medium data: 

 AE =    5.12000E-01 MeV,  UE =    1.51100E+00 MeV
 AP =    1.00000E-03 MeV,  UP =    1.00000E+00 MeV

  No material data file supplied.  Material data obtained from
  .egsinp file or density correction file.

   Medium: graphite                
 Sterncid: graphite                
     rho:    2.00000E+00 g/cm^3
 Elements: C   
    rhoz:    1.00000E+00
      pz:    8.32560E-02
  iunrst:     0
  iaprim:     1
    gasp:    0.00000E+00 atm.
  density correction file: /home/rsmina/EGSnrc/HEN_HOUSE/pegs4/density_corrections/elements/carbon_graphite_icru90_2.0g_cm3.density

   Medium: target_material         
 Sterncid: target_material         
     rho:    1.93860E+01 g/cm^3
 Elements: W   RE  
    rhoz:    9.50000E-01   5.00000E-02
      pz:    5.16726E-03   2.68528E-04
  iunrst:     0
  iaprim:     1
    gasp:    0.00000E+00 atm.

   Medium: molybdenum              
 Sterncid: molybdenum              
     rho:    1.02200E+01 g/cm^3
 Elements: MO  
    rhoz:    1.00000E+00
      pz:    1.04232E-02
  iunrst:     0
  iaprim:     1
    gasp:    0.00000E+00 atm.
  density correction file: /home/rsmina/EGSnrc/HEN_HOUSE/pegs4/density_corrections/elements/molybdenum.density

   Medium: pb                      
 Sterncid: pb                      
     rho:    1.13500E+01 g/cm^3
 Elements: PB  
    rhoz:    1.00000E+00
      pz:    4.82649E-03
  iunrst:     0
  iaprim:     1
    gasp:    0.00000E+00 atm.
  density correction file: /home/rsmina/EGSnrc/HEN_HOUSE/pegs4/density_corrections/elements/lead.density

   Medium: steel                   
 Sterncid: steel                   
     rho:    8.06000E+00 g/cm^3
 Elements: C   SI  CR  MN  FE  NI  
    rhoz:    1.00000E-03   7.00000E-03   1.80000E-01   1.00000E-02   7.12000E-01   9.00000E-02
      pz:    8.32560E-05   2.49217E-04   3.46167E-03   1.82023E-04   1.27491E-02   1.53296E-03
  iunrst:     0
  iaprim:     1
    gasp:    0.00000E+00 atm.
  density correction file: /home/rsmina/EGSnrc/HEN_HOUSE/pegs4/density_corrections/compounds/steel_stainless_type302.density

   Medium: air                     
 Sterncid: air                     
     rho:    1.20479E-03 g/cm^3
 Elements: C   N   O   AR  
    rhoz:    1.24000E-04   7.55267E-01   2.31781E-01   1.28270E-02
      pz:    1.03237E-05   5.39218E-02   1.44869E-02   3.21092E-04
  iunrst:     0
  iaprim:     1
    gasp:    0.00000E+00 atm.
  density correction file: /home/rsmina/EGSnrc/HEN_HOUSE/pegs4/density_corrections/compounds/air_dry_nearsealevel.density

   Medium: polystyrene             
 Sterncid: polystyrene             
     rho:    1.06000E+00 g/cm^3
 Elements: H   C   
    rhoz:    7.74180E-02   9.22582E-01
      pz:    7.68059E-02   7.68105E-02
  iunrst:     0
  iaprim:     1
    gasp:    0.00000E+00 atm.
  density correction file: /home/rsmina/EGSnrc/HEN_HOUSE/pegs4/density_corrections/compounds/polystyrene.density

   Medium: film                    
 Sterncid: film                    
     rho:    1.14000E+00 g/cm^3
 Elements: H   C   N   O   
    rhoz:    1.05000E-01   6.56000E-01   1.11000E-01   1.28000E-01
      pz:    1.04170E-01   5.46159E-02   7.92478E-03   8.00030E-03
  iunrst:     0
  iaprim:     1
    gasp:    0.00000E+00 atm.
  density correction file: /home/rsmina/EGSnrc/HEN_HOUSE/pegs4/density_corrections/compounds/radiochromicdyefilm_nylonbase.density


(Re)-initializing photon cross sections with files from the series: xcom

 Compton cross sections: default
 Using Compton cross sections from /home/rsmina/EGSnrc/HEN_HOUSE/data/compton_sigma.data

 Reading renormalized photoelectric cross sections ...... done

 Working on medium   1 ... 
  ->  100 atomic ff values computed!
      preparing data for Rayleigh sampling ... done

OK
 Working on medium   2 ... 
  ->  100 atomic ff values computed!
      preparing data for Rayleigh sampling ... done

OK
 Working on medium   3 ... 
  ->  100 atomic ff values computed!
      preparing data for Rayleigh sampling ... done

OK
 Working on medium   4 ... 
  ->  100 atomic ff values computed!
      preparing data for Rayleigh sampling ... done

OK
 Working on medium   5 ... 
  ->  100 atomic ff values computed!
      preparing data for Rayleigh sampling ... done

OK
 Working on medium   6 ... 
  ->  100 atomic ff values computed!
      preparing data for Rayleigh sampling ... done

OK
 Working on medium   7 ... 
  ->  100 atomic ff values computed!
      preparing data for Rayleigh sampling ... done

OK
 Working on medium   8 ... 
  ->  100 atomic ff values computed!
      preparing data for Rayleigh sampling ... done

OK

Reading screened Rutherford MS data ...............  done 


Reading spin data base from /home/rsmina/EGSnrc/HEN_HOUSE/data/spinms.data
EGSnrc spin data, version 2.0   
Data generated on a machine with 1234 endianess
The endianess of this CPU is 1234
Ranges:      1.00   100.00  0.30054  1.00000


  medium    1 .....................  done
  medium    2 .....................  done
  medium    3 .....................  done
  medium    4 .....................  done
  medium    5 .....................  done
  medium    6 .....................  done
  medium    7 .....................  done
  medium    8 .....................  done
  
  Medium            1  sige =    88.732676887657149        101.89662531002678       monotone =  F F
  Medium            2  sige =    172.57741978179737        235.40232772540153       monotone =  F F
  Medium            3  sige =    134.22848806796372        168.69238010014359       monotone =  F F
  Medium            4  sige =    172.75604562338430        235.60337980532134       monotone =  F F
  Medium            5  sige =    123.18338032147462        151.05228366131078       monotone =  F F
  Medium            6  sige =    89.591859601344183        103.21541676401796       monotone =  F F
  Medium            7  sige =    85.799574936291847        98.126563048670249       monotone =  F F
  Medium            8  sige =    84.596696459844324        96.521242628028816       monotone =  F F
  
  Initializing tmxs for estepe =   0.25000000000000000       and ximax =   0.50000000000000000     
  
  
 Radiative Compton corrections requested:
    Reading radiative Compton data ...  OK
    Modifying cross sections and branching ratios ... OK

Bound Compton scattering requested, reading data ......  Done

 Initializing Bound Compton scattering ......
 Medium   1 has   3 shells: 
   1   10   1  0.33333 0.210E+02     0.285
   2   11   2  0.33333 0.110E+03     0.011
   3   12   3  0.33333 0.669E+02     0.011
 Medium   2 has  42 shells: 
   1  882   1  0.02567 0.138E+01    69.525
   2  883   2  0.02567 0.495E+01    12.100
   3  884   3  0.02567 0.242E+01    11.544
   4  885   4  0.05135 0.267E+01    10.207
   5  886   5  0.02567 0.109E+02     2.820
   6  887   6  0.02567 0.640E+01     2.575
   7  888   7  0.05135 0.684E+01     2.281
   8  889   8  0.05135 0.444E+01     1.872
   9  890   9  0.07702 0.453E+01     1.809
  10  891  10  0.02567 0.229E+02     0.592
  11  892  11  0.02567 0.144E+02     0.489
  12  893  12  0.05135 0.155E+02     0.423
  13  894  13  0.05135 0.118E+02     0.255
  14  895  14  0.07702 0.121E+02     0.243
  15  896  15  0.02567 0.585E+02     0.074
  16  897  16  0.02567 0.399E+02     0.044
  17  898  17  0.05135 0.426E+02     0.034
  18  899  18  0.07702 0.111E+02     0.034
  19  900  19  0.10270 0.112E+02     0.032
  20  901  20  0.05135 0.482E+02     0.008
  21  902  21  0.02567 0.212E+03     0.008
  22  903   1  0.00133 0.137E+01    71.677
  23  904   2  0.00133 0.485E+01    12.527
  24  905   3  0.00133 0.237E+01    11.959
  25  906   4  0.00267 0.263E+01    10.535
  26  907   5  0.00133 0.107E+02     2.932
  27  908   6  0.00133 0.627E+01     2.682
  28  909   7  0.00267 0.673E+01     2.367
  29  910   8  0.00267 0.436E+01     1.949
  30  911   9  0.00400 0.445E+01     1.822
  31  912  10  0.00133 0.223E+02     0.625
  32  913  11  0.00133 0.141E+02     0.518
  33  914  12  0.00267 0.151E+02     0.445
  34  915  13  0.00267 0.115E+02     0.274
  35  916  14  0.00400 0.118E+02     0.260
  36  917  15  0.00133 0.564E+02     0.083
  37  918  16  0.00133 0.382E+02     0.046
  38  919  17  0.00267 0.411E+02     0.035
  39  920  18  0.00400 0.106E+02     0.043
  40  921  19  0.00534 0.107E+02     0.040
  41  922  20  0.00267 0.448E+02     0.008
  42  923  21  0.00200 0.152E+03     0.008
 Medium   3 has  14 shells: 
   1  321   1  0.04762 0.271E+01    19.999
   2  322   2  0.04762 0.986E+01     2.866
   3  323   3  0.04762 0.493E+01     2.625
   4  324   4  0.09524 0.508E+01     2.520
   5  325   5  0.04762 0.241E+02     0.505
   6  326   6  0.04762 0.144E+02     0.410
   7  327   7  0.09524 0.148E+02     0.393
   8  328   8  0.09524 0.102E+02     0.230
   9  329   9  0.14286 0.103E+02     0.226
  10  330  10  0.04762 0.625E+02     0.062
  11  331  11  0.04762 0.419E+02     0.035
  12  332  12  0.09524 0.423E+02     0.035
  13  333  13  0.09524 0.475E+02     0.007
  14  334  14  0.04762 0.149E+03     0.007
 Medium   4 has  23 shells: 
   1 1054   1  0.02439 0.121E+01    88.004
   2 1055   2  0.02439 0.430E+01    15.861
   3 1056   3  0.02439 0.210E+01    15.200
   4 1057   4  0.04878 0.238E+01    13.035
   5 1058   5  0.02439 0.944E+01     3.851
   6 1059   6  0.02439 0.552E+01     3.554
   7 1060   7  0.04878 0.600E+01     3.066
   8 1061   8  0.04878 0.388E+01     2.586
   9 1062   9  0.07317 0.397E+01     2.484
  10 1063  10  0.02439 0.193E+02     0.894
  11 1064  11  0.02439 0.121E+02     0.764
  12 1065  12  0.04878 0.131E+02     0.645
  13 1066  13  0.04878 0.984E+01     0.434
  14 1067  14  0.07317 0.101E+02     0.412
  15 1068  15  0.02439 0.445E+02     0.148
  16 1069  16  0.02439 0.295E+02     0.105
  17 1070  17  0.04878 0.325E+02     0.086
  18 1071  18  0.07317 0.830E+01     0.141
  19 1072  19  0.09756 0.841E+01     0.136
  20 1073  20  0.04878 0.303E+02     0.020
  21 1074  21  0.07317 0.311E+02     0.018
  22 1075  22  0.02439 0.142E+03     0.007
  23 1076  23  0.02439 0.111E+03     0.007
 Medium   5 has  45 shells: 
   1   10   1  0.00036 0.210E+02     0.285
   2   11   2  0.00036 0.110E+03     0.011
   3   12   3  0.00036 0.669E+02     0.011
   4   45   1  0.00107 0.870E+01     1.839
   5   46   2  0.00107 0.377E+02     0.149
   6   47   3  0.00107 0.204E+02     0.100
   7   48   4  0.00214 0.204E+02     0.099
   8   49   5  0.00107 0.142E+03     0.008
   9   50   6  0.00107 0.102E+03     0.008
  10  120   1  0.01486 0.500E+01     5.989
  11  121   2  0.01486 0.192E+02     0.698
  12  122   3  0.01486 0.981E+01     0.585
  13  123   4  0.02971 0.981E+01     0.576
  14  124   5  0.01486 0.545E+02     0.075
  15  125   6  0.01486 0.347E+02     0.043
  16  126   7  0.02971 0.347E+02     0.043
  17  127   8  0.02971 0.721E+02     0.007
  18  128   9  0.01486 0.721E+02     0.007
  19  129   1  0.00078 0.480E+01     6.539
  20  130   2  0.00078 0.182E+02     0.769
  21  131   3  0.00078 0.933E+01     0.651
  22  132   4  0.00156 0.933E+01     0.639
  23  133   5  0.00078 0.511E+02     0.082
  24  134   6  0.00078 0.322E+02     0.047
  25  135   7  0.00156 0.322E+02     0.047
  26  136   8  0.00156 0.833E+02     0.007
  27  137   9  0.00117 0.833E+02     0.007
  28  138   1  0.05471 0.460E+01     7.112
  29  139   2  0.05471 0.174E+02     0.848
  30  140   3  0.05471 0.891E+01     0.721
  31  141   4  0.10943 0.891E+01     0.708
  32  142   5  0.05471 0.486E+02     0.092
  33  143   6  0.05471 0.306E+02     0.053
  34  144   7  0.10943 0.306E+02     0.053
  35  145   8  0.10943 0.737E+02     0.008
  36  146   9  0.10943 0.737E+02     0.008
  37  156   1  0.00658 0.426E+01     8.333
  38  157   2  0.00658 0.160E+02     1.008
  39  158   3  0.00658 0.815E+01     0.871
  40  159   4  0.01316 0.815E+01     0.854
  41  160   5  0.00658 0.445E+02     0.111
  42  161   6  0.00658 0.277E+02     0.067
  43  162   7  0.01316 0.277E+02     0.067
  44  163   8  0.01316 0.599E+02     0.008
  45  164   9  0.01974 0.599E+02     0.008
 Medium   6 has  18 shells: 
   1   10   1  0.00004 0.210E+02     0.285
   2   11   2  0.00004 0.110E+03     0.011
   3   12   3  0.00004 0.669E+02     0.011
   4   13   1  0.21604 0.178E+02     0.410
   5   14   2  0.21604 0.921E+02     0.015
   6   15   3  0.21604 0.558E+02     0.014
   7   16   4  0.10802 0.558E+02     0.014
   8   17   1  0.05804 0.155E+02     0.543
   9   18   2  0.05804 0.793E+02     0.024
  10   19   3  0.05804 0.479E+02     0.014
  11   20   4  0.05804 0.479E+02     0.014
  12   72   1  0.00129 0.671E+01     3.203
  13   73   2  0.00129 0.271E+02     0.326
  14   74   3  0.00129 0.142E+02     0.251
  15   75   4  0.00257 0.142E+02     0.249
  16   76   5  0.00129 0.889E+02     0.029
  17   77   6  0.00129 0.606E+02     0.016
  18   78   7  0.00257 0.606E+02     0.016
 Medium   7 has   4 shells: 
   1    1   1  0.14285 0.116E+03     0.014
   2   10   1  0.28572 0.210E+02     0.285
   3   11   2  0.28572 0.110E+03     0.011
   4   12   3  0.28572 0.669E+02     0.011
 Medium   8 has  12 shells: 
   1    1   1  0.18894 0.116E+03     0.014
   2   10   1  0.19812 0.210E+02     0.285
   3   11   2  0.19812 0.110E+03     0.011
   4   12   3  0.19812 0.669E+02     0.011
   5   13   1  0.02875 0.178E+02     0.410
   6   14   2  0.02875 0.921E+02     0.015
   7   15   3  0.02875 0.558E+02     0.014
   8   16   4  0.01437 0.558E+02     0.014
   9   17   1  0.02902 0.155E+02     0.543
  10   18   2  0.02902 0.793E+02     0.024
  11   19   3  0.02902 0.479E+02     0.014
  12   20   4  0.02902 0.479E+02     0.014
 ...... Done.

Output from subroutine EDGSET:
==============================
 Atomic relaxations requested! 

 Reading simplified photo-absorption data ..... Done

 Reading simplified relaxation data ..... Done

 Reading parametrized XCOM photo cross section data ..... Done

 Reading EADL relaxation data ......
  Z =   6 has  4 shells
  Z =  74 has 22 shells
  Z =  75 has 22 shells
  Z =  42 has 15 shells
  Z =  82 has 24 shells
  Z =  14 has  7 shells
  Z =  24 has 10 shells
  Z =  25 has 10 shells
  Z =  26 has 10 shells
  Z =  28 has 10 shells
  Z =   7 has  4 shells
  Z =   8 has  4 shells
  Z =  18 has  7 shells
  Z =   1 has  1 shells
 ...... Done.

  
 Using NRC brems cross sections! 
  
  Initializing brems data for medium            1 ...
  Max. new cross sections per energy loss:    88.744082483347924        101.89876751445045     
  Initializing brems data for medium            2 ...
  Max. new cross sections per energy loss:    172.54018784839718        235.40667168839906     
  Initializing brems data for medium            3 ...
  Max. new cross sections per energy loss:    134.21977259920902        168.69128398047008     
  Initializing brems data for medium            4 ...
  Max. new cross sections per energy loss:    172.71375768187906        235.60728196646150     
  Initializing brems data for medium            5 ...
  Max. new cross sections per energy loss:    123.18746932258490        151.05333992476235     
  Initializing brems data for medium            6 ...
  Max. new cross sections per energy loss:    89.603753795943703        103.21767115908033     
  Initializing brems data for medium            7 ...
  Max. new cross sections per energy loss:    85.809486150447540        98.128639733994149     
  Initializing brems data for medium            8 ...
  Max. new cross sections per energy loss:    84.606352682595968        96.523228134703402     
  
  


Reading NRC pair data base from /home/rsmina/EGSnrc/HEN_HOUSE/data/pair_nrc1.data
Data generated on a machine with 1234 endianess
The endianess of this CPU is 1234
Energy range of the data:     2.010  168.603
  medium    1 .....................  done
  medium    2 .....................  done
  medium    3 .....................  done
  medium    4 .....................  done
  medium    5 .....................  done
  medium    6 .....................  done
  medium    7 .....................  done
  medium    8 .....................  done
  
  
 eii_init: minimum threshold energy found:    1.0000000000000000E-003
 eii_init: number of shells to simulate EII:           23


Opened EII data file /home/rsmina/EGSnrc/HEN_HOUSE/data/eii_ik.data
 eii_init: reading EII data ...   OK 
  
 eii_init: for medium            2  adjusted sige =    169.85507115684098       monotone =  F
 eii_init: for medium            3  adjusted sige =    131.71406840692867       monotone =  F
 eii_init: for medium            4  adjusted sige =    172.18788716669485       monotone =  F
 eii_init: for medium            5  adjusted sige =    114.81674165871627       monotone =  F
 eii_init: for medium            6  adjusted sige =    89.567863404624333       monotone =  F
 init_triplet: reading triplet data ...  OK
   Preparing triplet fraction data for medium   1 ...  OK
   Preparing triplet fraction data for medium   2 ...  OK
   Preparing triplet fraction data for medium   3 ...  OK
   Preparing triplet fraction data for medium   4 ...  OK
   Preparing triplet fraction data for medium   5 ...  OK
   Preparing triplet fraction data for medium   6 ...  OK
   Preparing triplet fraction data for medium   7 ...  OK
   Preparing triplet fraction data for medium   8 ...  OK
EGSnrc SUCCESSFULLY 'HATCHED' FOR     8 MEDIA.


The following media are defined:
================================

  0  graphite                 AE= 0.5120 AP= 0.0010 0
  1  target_material          AE= 0.5120 AP= 0.0010 1
  2  molybdenum               AE= 0.5120 AP= 0.0010 2
  3  pb                       AE= 0.5120 AP= 0.0010 3
  4  steel                    AE= 0.5120 AP= 0.0010 4
  5  air                      AE= 0.5120 AP= 0.0010 5
  6  polystyrene              AE= 0.5120 AP= 0.0010 6
  7  film                     AE= 0.5120 AP= 0.0010 7


Transport parameter and cross section options:
==============================================
Photon cross sections                             mcdf-xcom       
Compton cross sections                            default         
Global Pcut                                       0.001
Pair cross sections                               NRC
Pair angular sampling                             KM
Triplet production                                On
Bound Compton scattering                          On
Radiative Compton corrections                     On
Rayleigh scattering                               On
Atomic relaxations                                eadl
Photoelectron angular sampling                    On
Photonuclear attenuation                          Off
Photonuclear cross sections                       default         

Global Ecut                                       0.512
Brems cross sections                              NRC
Brems angular sampling                            KM
Spin effects                                      On
Electron Impact Ionization                        ik              
Global Smax                                       1e+10
ESTEPE                                            0.25
Ximax                                             0.5
Boundary crossing algorithm                       Exact
Skin depth for BCA                                3
Electron-step algorithm                           EGSnrc
==============================================

initScoring(): you must provide both, 'regions' and 'bins' input


======================== geometry =====================
 type = EGS_UnionGeometry
 name = obi_system
 number of regions = 972
 geometries:
   profilex (type EGS_XYZGeometry)
   obi (type EGS_UnionGeometry)
   styrox (type EGS_XYZGeometry)
   air_prim_to_detector (type EGS_XYZGeometry)
=======================================================


The simulation uses the following source:
=========================================
 Transformed Transformed Parallel beam from a shape of type ellipse with monoenergetic 0.1 MeV, electrons


Random number generator:
============================================
  type                = ranmar
  high resolution     = no
  initial seeds       = 33 97
  numbers used so far = 0


Run Control Object (RCO):
=========================
  type = simple


The following ausgab objects are included in the simulation
===========================================================


Particle Track Scoring (tracks)
======================================================
 - Scoring photon tracks       = YES
 - Scoring electron tracks     = NO
 - Scoring positron tracks     = NO
 - First event to score        = 0
 - Last event to score         = 10000
 - Track buffer size           = 1024
 - Output file name            = /home/rsmina/EGSnrc/egs_home/TB/BladesOnly.ptracks


===========================================
Radiative splitting Object (splitting)
===========================================

 - Splitting radiative events in 1000


===========================================


*******************************************
Dose Scoring Object (profilexFilm)
*******************************************

 - Regions in dose calculator :972


--------------------------------------
 medium         rho/[g/cm**3]
--------------------------------------
graphite         2.00
target_material 19.39
molybdenum      10.22
pb              11.35
steel            8.06
air              0.00
polystyrene      1.06
film             1.14
--------------------------------------

*******************************************


 Will output dose to file:
 EGS_XYZGeometry: profilex
 file format:  3ddose
 file name: /home/rsmina/EGSnrc/egs_home/TB/profilexFilm.3ddose



Combine results only

calling combineResults()

                      Suming the following .egsdat files:
=======================================================================
 1 BladesOnly_w1.egsdat           ncase=1650000000     cpu=469374.00  
 2 BladesOnly_w2.egsdat           ncase=1650000000     cpu=464621.00  
 3 BladesOnly_w3.egsdat           ncase=1650000000     cpu=464070.00  
 4 BladesOnly_w4.egsdat           ncase=1650000000     cpu=460893.00  
 5 BladesOnly_w5.egsdat           ncase=1650000000     cpu=472285.00  
 6 BladesOnly_w6.egsdat           ncase=1650000000     cpu=461101.00  
 7 BladesOnly_w7.egsdat           ncase=1650000000     cpu=465230.00  
 8 BladesOnly_w8.egsdat           ncase=1650000000     cpu=470682.00  
 9 BladesOnly_w9.egsdat           ncase=1650000000     cpu=462767.00  
10 BladesOnly_w10.egsdat          ncase=1500000000     cpu=436775.00  
11 BladesOnly_w11.egsdat          ncase=1650000000     cpu=457785.00  
12 BladesOnly_w12.egsdat          ncase=1650000000     cpu=463162.00  
13 BladesOnly_w13.egsdat          ncase=1650000000     cpu=455714.00  
14 BladesOnly_w14.egsdat          ncase=1650000000     cpu=457057.00  
15 BladesOnly_w15.egsdat          ncase=1650000000     cpu=471215.00  
16 BladesOnly_w16.egsdat          ncase=1500000000     cpu=435278.00  
17 BladesOnly_w17.egsdat          ncase=1650000000     cpu=465968.00  
18 BladesOnly_w18.egsdat          ncase=1650000000     cpu=454664.00  
19 BladesOnly_w19.egsdat          ncase=1650000000     cpu=449935.00  
20 BladesOnly_w20.egsdat          ncase=1650000000     cpu=448808.00  
21 BladesOnly_w21.egsdat          ncase=1650000000     cpu=459939.00  
22 BladesOnly_w24.egsdat          ncase=1650000000     cpu=467449.00  
23 BladesOnly_w25.egsdat          ncase=1650000000     cpu=463840.00  
24 BladesOnly_w26.egsdat          ncase=1650000000     cpu=464454.00  
25 BladesOnly_w27.egsdat          ncase=1650000000     cpu=467905.00  
26 BladesOnly_w28.egsdat          ncase=1650000000     cpu=467262.00  
27 BladesOnly_w29.egsdat          ncase=1650000000     cpu=466769.00  
28 BladesOnly_w30.egsdat          ncase=1650000000     cpu=472610.00  
29 BladesOnly_w31.egsdat          ncase=1650000000     cpu=474496.00  
30 BladesOnly_w32.egsdat          ncase=1650000000     cpu=474092.00  
31 BladesOnly_w33.egsdat          ncase=1500000000     cpu=435143.00  
32 BladesOnly_w34.egsdat          ncase=1500000000     cpu=436871.00  
33 BladesOnly_w35.egsdat          ncase=1650000000     cpu=477832.00  
34 BladesOnly_w36.egsdat          ncase=1500000000     cpu=451949.00  
35 BladesOnly_w37.egsdat          ncase=1500000000     cpu=457212.00  
36 BladesOnly_w38.egsdat          ncase=1500000000     cpu=461989.00  
37 BladesOnly_w39.egsdat          ncase=1500000000     cpu=449901.00  
38 BladesOnly_w40.egsdat          ncase=1650000000     cpu=465968.00  
39 BladesOnly_w41.egsdat          ncase=1500000000     cpu=441091.00  
40 BladesOnly_w42.egsdat          ncase=1650000000     cpu=474846.00  
41 BladesOnly_w43.egsdat          ncase=1500000000     cpu=441117.00  
42 BladesOnly_w44.egsdat          ncase=1500000000     cpu=432577.00  
43 BladesOnly_w45.egsdat          ncase=1650000000     cpu=476904.00  
44 BladesOnly_w46.egsdat          ncase=1650000000     cpu=464422.00  
45 BladesOnly_w47.egsdat          ncase=1650000000     cpu=465959.00  
46 BladesOnly_w48.egsdat          ncase=1500000000     cpu=435404.00  
47 BladesOnly_w49.egsdat          ncase=1650000000     cpu=458756.00  
48 BladesOnly_w50.egsdat          ncase=1650000000     cpu=475258.00  
49 BladesOnly_w51.egsdat          ncase=1500000000     cpu=434759.00  
50 BladesOnly_w52.egsdat          ncase=1650000000     cpu=471189.00  
51 BladesOnly_w53.egsdat          ncase=1650000000     cpu=468852.00  
52 BladesOnly_w54.egsdat          ncase=1650000000     cpu=461373.00  
53 BladesOnly_w55.egsdat          ncase=1500000000     cpu=436429.00  
54 BladesOnly_w56.egsdat          ncase=1650000000     cpu=470660.00  
55 BladesOnly_w57.egsdat          ncase=1650000000     cpu=474762.00  
56 BladesOnly_w58.egsdat          ncase=1500000000     cpu=435983.00  
57 BladesOnly_w59.egsdat          ncase=1500000000     cpu=443790.00  
58 BladesOnly_w60.egsdat          ncase=1650000000     cpu=474418.00  
59 BladesOnly_w61.egsdat          ncase=1500000000     cpu=440915.00  
60 BladesOnly_w62.egsdat          ncase=1650000000     cpu=476451.00  
61 BladesOnly_w63.egsdat          ncase=1500000000     cpu=438983.00  
62 BladesOnly_w64.egsdat          ncase=1500000000     cpu=440921.00  
63 BladesOnly_w65.egsdat          ncase=1500000000     cpu=440976.00  
64 BladesOnly_w66.egsdat          ncase=1500000000     cpu=453774.00  
65 BladesOnly_w67.egsdat          ncase=1500000000     cpu=454664.00  
66 BladesOnly_w68.egsdat          ncase=1500000000     cpu=444492.00  
67 BladesOnly_w69.egsdat          ncase=1500000000     cpu=447010.00  
68 BladesOnly_w70.egsdat          ncase=1500000000     cpu=441005.00  
69 BladesOnly_w71.egsdat          ncase=1500000000     cpu=440279.00  
70 BladesOnly_w72.egsdat          ncase=1500000000     cpu=440582.00  
71 BladesOnly_w73.egsdat          ncase=1500000000     cpu=442538.00  
72 BladesOnly_w74.egsdat          ncase=1650000000     cpu=467503.00  
73 BladesOnly_w75.egsdat          ncase=1650000000     cpu=467255.00  
74 BladesOnly_w76.egsdat          ncase=1650000000     cpu=468171.00  
75 BladesOnly_w77.egsdat          ncase=1650000000     cpu=456930.00  
76 BladesOnly_w78.egsdat          ncase=1500000000     cpu=447149.00  
77 BladesOnly_w79.egsdat          ncase=1500000000     cpu=435211.00  
78 BladesOnly_w80.egsdat          ncase=1500000000     cpu=451723.00  
79 BladesOnly_w81.egsdat          ncase=1500000000     cpu=453079.00  
80 BladesOnly_w82.egsdat          ncase=1500000000     cpu=448384.00  
81 BladesOnly_w83.egsdat          ncase=1500000000     cpu=463356.00  
82 BladesOnly_w84.egsdat          ncase=1500000000     cpu=449705.00  
83 BladesOnly_w85.egsdat          ncase=1500000000     cpu=447806.00  
84 BladesOnly_w86.egsdat          ncase=1500000000     cpu=450876.00  
85 BladesOnly_w87.egsdat          ncase=1650000000     cpu=465865.00  
86 BladesOnly_w88.egsdat          ncase=1650000000     cpu=460310.00  
87 BladesOnly_w89.egsdat          ncase=1650000000     cpu=469578.00  
88 BladesOnly_w90.egsdat          ncase=1650000000     cpu=466234.00  
89 BladesOnly_w91.egsdat          ncase=1650000000     cpu=465431.00  
90 BladesOnly_w92.egsdat          ncase=1650000000     cpu=474643.00  
91 BladesOnly_w93.egsdat          ncase=1650000000     cpu=467484.00  
92 BladesOnly_w94.egsdat          ncase=1650000000     cpu=475884.00  
93 BladesOnly_w95.egsdat          ncase=1650000000     cpu=469331.00  
94 BladesOnly_w96.egsdat          ncase=1500000000     cpu=437589.00  
95 BladesOnly_w97.egsdat          ncase=1650000000     cpu=471831.00  
96 BladesOnly_w98.egsdat          ncase=1500000000     cpu=436618.00  
97 BladesOnly_w99.egsdat          ncase=1500000000     cpu=434916.00  
98 BladesOnly_w100.egsdat         ncase=1500000000     cpu=438837.00  
99 BladesOnly_w101.egsdat         ncase=1500000000     cpu=441540.00  
100 BladesOnly_w102.egsdat         ncase=1500000000     cpu=444703.00  
101 BladesOnly_w103.egsdat         ncase=1500000000     cpu=437447.00  
102 BladesOnly_w104.egsdat         ncase=1650000000     cpu=472429.00  
103 BladesOnly_w105.egsdat         ncase=1500000000     cpu=437736.00  
104 BladesOnly_w106.egsdat         ncase=1650000000     cpu=476904.00  
105 BladesOnly_w107.egsdat         ncase=1500000000     cpu=445667.00  
106 BladesOnly_w108.egsdat         ncase=1650000000     cpu=463141.00  
107 BladesOnly_w109.egsdat         ncase=1650000000     cpu=471465.00  
108 BladesOnly_w110.egsdat         ncase=1650000000     cpu=464120.00  
109 BladesOnly_w111.egsdat         ncase=1650000000     cpu=461118.00  
110 BladesOnly_w112.egsdat         ncase=1650000000     cpu=475004.00  
111 BladesOnly_w113.egsdat         ncase=1650000000     cpu=472090.00  
112 BladesOnly_w114.egsdat         ncase=1650000000     cpu=468883.00  
113 BladesOnly_w115.egsdat         ncase=1650000000     cpu=469570.00  
114 BladesOnly_w116.egsdat         ncase=1650000000     cpu=475870.00  
115 BladesOnly_w117.egsdat         ncase=1650000000     cpu=467609.00  
116 BladesOnly_w118.egsdat         ncase=1650000000     cpu=476201.00  
117 BladesOnly_w119.egsdat         ncase=1650000000     cpu=463160.00  
118 BladesOnly_w120.egsdat         ncase=1650000000     cpu=470389.00  
119 BladesOnly_w121.egsdat         ncase=1650000000     cpu=469497.00  
120 BladesOnly_w122.egsdat         ncase=1650000000     cpu=463228.00  
121 BladesOnly_w123.egsdat         ncase=1650000000     cpu=461829.00  
122 BladesOnly_w124.egsdat         ncase=1650000000     cpu=468923.00  
123 BladesOnly_w125.egsdat         ncase=1650000000     cpu=471718.00  
124 BladesOnly_w126.egsdat         ncase=1650000000     cpu=474377.00  
125 BladesOnly_w127.egsdat         ncase=1650000000     cpu=470447.00  
126 BladesOnly_w128.egsdat         ncase=1650000000     cpu=462565.00  
127 BladesOnly_w129.egsdat         ncase=1650000000     cpu=465750.00  
128 BladesOnly_w130.egsdat         ncase=1650000000     cpu=469704.00  
129 BladesOnly_w131.egsdat         ncase=1650000000     cpu=478708.00  
130 BladesOnly_w132.egsdat         ncase=1500000000     cpu=439304.00  
131 BladesOnly_w133.egsdat         ncase=1650000000     cpu=479062.00  
132 BladesOnly_w134.egsdat         ncase=1650000000     cpu=475617.00  
133 BladesOnly_w135.egsdat         ncase=1650000000     cpu=471931.00  
134 BladesOnly_w136.egsdat         ncase=1650000000     cpu=474947.00  
135 BladesOnly_w137.egsdat         ncase=1650000000     cpu=477209.00  
136 BladesOnly_w138.egsdat         ncase=1650000000     cpu=470276.00  
137 BladesOnly_w139.egsdat         ncase=1650000000     cpu=479917.00  
138 BladesOnly_w140.egsdat         ncase=1650000000     cpu=476861.00  
139 BladesOnly_w141.egsdat         ncase=1500000000     cpu=438643.00  
140 BladesOnly_w142.egsdat         ncase=1650000000     cpu=472557.00  
141 BladesOnly_w143.egsdat         ncase=1500000000     cpu=437326.00  
142 BladesOnly_w144.egsdat         ncase=1650000000     cpu=471916.00  
143 BladesOnly_w145.egsdat         ncase=1500000000     cpu=440379.00  
144 BladesOnly_w146.egsdat         ncase=1500000000     cpu=435453.00  
145 BladesOnly_w147.egsdat         ncase=1500000000     cpu=436121.00  
146 BladesOnly_w148.egsdat         ncase=1650000000     cpu=469800.00  
147 BladesOnly_w149.egsdat         ncase=1650000000     cpu=473256.00  
148 BladesOnly_w150.egsdat         ncase=1650000000     cpu=477071.00  
149 BladesOnly_w151.egsdat         ncase=1650000000     cpu=473933.00  
150 BladesOnly_w152.egsdat         ncase=1500000000     cpu=437150.00  
151 BladesOnly_w153.egsdat         ncase=1650000000     cpu=471952.00  
152 BladesOnly_w154.egsdat         ncase=1500000000     cpu=437637.00  
153 BladesOnly_w155.egsdat         ncase=1650000000     cpu=472091.00  
154 BladesOnly_w156.egsdat         ncase=1650000000     cpu=477113.00  
155 BladesOnly_w157.egsdat         ncase=1650000000     cpu=469403.00  
156 BladesOnly_w158.egsdat         ncase=1500000000     cpu=440948.00  
157 BladesOnly_w159.egsdat         ncase=1650000000     cpu=477883.00  
158 BladesOnly_w160.egsdat         ncase=1500000000     cpu=435288.00  
159 BladesOnly_w161.egsdat         ncase=1500000000     cpu=434965.00  
160 BladesOnly_w162.egsdat         ncase=1500000000     cpu=435088.00  
161 BladesOnly_w163.egsdat         ncase=1350000000     cpu=460858.00  
162 BladesOnly_w164.egsdat         ncase=1350000000     cpu=464754.00  
163 BladesOnly_w165.egsdat         ncase=1350000000     cpu=460968.00  
164 BladesOnly_w166.egsdat         ncase=1350000000     cpu=460904.00  
165 BladesOnly_w167.egsdat         ncase=1350000000     cpu=471172.00  
166 BladesOnly_w168.egsdat         ncase=1350000000     cpu=466441.00  
167 BladesOnly_w169.egsdat         ncase=1500000000     cpu=483976.00  
168 BladesOnly_w170.egsdat         ncase=1350000000     cpu=440252.00  
169 BladesOnly_w171.egsdat         ncase=1350000000     cpu=437374.00  
170 BladesOnly_w172.egsdat         ncase=1350000000     cpu=439893.00  
171 BladesOnly_w173.egsdat         ncase=1350000000     cpu=438853.00  
172 BladesOnly_w174.egsdat         ncase=1350000000     cpu=442930.00  
173 BladesOnly_w175.egsdat         ncase=1500000000     cpu=487387.00  
174 BladesOnly_w176.egsdat         ncase=1350000000     cpu=440041.00  
175 BladesOnly_w177.egsdat         ncase=1350000000     cpu=439708.00  
176 BladesOnly_w178.egsdat         ncase=1350000000     cpu=436455.00  
177 BladesOnly_w179.egsdat         ncase=1350000000     cpu=441442.00  
178 BladesOnly_w180.egsdat         ncase=1350000000     cpu=449359.00  
179 BladesOnly_w181.egsdat         ncase=1350000000     cpu=460844.00  
180 BladesOnly_w182.egsdat         ncase=1350000000     cpu=455567.00  
181 BladesOnly_w183.egsdat         ncase=1350000000     cpu=463222.00  
182 BladesOnly_w184.egsdat         ncase=1350000000     cpu=454085.00  
183 BladesOnly_w185.egsdat         ncase=1350000000     cpu=463427.00  
184 BladesOnly_w186.egsdat         ncase=1350000000     cpu=464110.00  
185 BladesOnly_w187.egsdat         ncase=1350000000     cpu=458505.00  
186 BladesOnly_w188.egsdat         ncase=1350000000     cpu=434440.00  
187 BladesOnly_w189.egsdat         ncase=1350000000     cpu=446609.00  
188 BladesOnly_w190.egsdat         ncase=1350000000     cpu=437357.00  
189 BladesOnly_w191.egsdat         ncase=1350000000     cpu=453749.00  
190 BladesOnly_w192.egsdat         ncase=1350000000     cpu=435476.00  
191 BladesOnly_w193.egsdat         ncase=1350000000     cpu=450142.00  
192 BladesOnly_w197.egsdat         ncase=1350000000     cpu=445722.00  
193 BladesOnly_w198.egsdat         ncase=1350000000     cpu=435329.00  
194 BladesOnly_w199.egsdat         ncase=1350000000     cpu=440652.00  
195 BladesOnly_w200.egsdat         ncase=1350000000     cpu=482912.00  
196 BladesOnly_w201.egsdat         ncase=1350000000     cpu=473409.00  
197 BladesOnly_w202.egsdat         ncase=1350000000     cpu=451019.00  
198 BladesOnly_w203.egsdat         ncase=1350000000     cpu=457959.00  
199 BladesOnly_w204.egsdat         ncase=1350000000     cpu=459422.00  
200 BladesOnly_w205.egsdat         ncase=1350000000     cpu=462519.00  
201 BladesOnly_w206.egsdat         ncase=1350000000     cpu=458118.00  
202 BladesOnly_w207.egsdat         ncase=1350000000     cpu=448952.00  
203 BladesOnly_w208.egsdat         ncase=1350000000     cpu=462832.00  
204 BladesOnly_w209.egsdat         ncase=1350000000     cpu=457835.00  
205 BladesOnly_w210.egsdat         ncase=1350000000     cpu=457350.00  
206 BladesOnly_w211.egsdat         ncase=1350000000     cpu=452569.00  
207 BladesOnly_w212.egsdat         ncase=1350000000     cpu=455535.00  
208 BladesOnly_w213.egsdat         ncase=1350000000     cpu=456034.00  
209 BladesOnly_w214.egsdat         ncase=1350000000     cpu=457269.00  
210 BladesOnly_w215.egsdat         ncase=1350000000     cpu=452575.00  
211 BladesOnly_w216.egsdat         ncase=1350000000     cpu=453403.00  
212 BladesOnly_w217.egsdat         ncase=1350000000     cpu=452003.00  
213 BladesOnly_w218.egsdat         ncase=1350000000     cpu=458492.00  
214 BladesOnly_w219.egsdat         ncase=1350000000     cpu=453920.00  
215 BladesOnly_w220.egsdat         ncase=1350000000     cpu=457952.00  
216 BladesOnly_w221.egsdat         ncase=1350000000     cpu=454234.00  
217 BladesOnly_w222.egsdat         ncase=1350000000     cpu=458226.00  
218 BladesOnly_w223.egsdat         ncase=1350000000     cpu=464638.00  
219 BladesOnly_w224.egsdat         ncase=1350000000     cpu=447127.00  
220 BladesOnly_w225.egsdat         ncase=1350000000     cpu=439499.00  
221 BladesOnly_w226.egsdat         ncase=1350000000     cpu=449119.00  
222 BladesOnly_w227.egsdat         ncase=1350000000     cpu=446561.00  
223 BladesOnly_w228.egsdat         ncase=1350000000     cpu=446955.00  
224 BladesOnly_w229.egsdat         ncase=1350000000     cpu=441530.00  
225 BladesOnly_w230.egsdat         ncase=1350000000     cpu=447537.00  
226 BladesOnly_w231.egsdat         ncase=1350000000     cpu=435208.00  
227 BladesOnly_w232.egsdat         ncase=1350000000     cpu=447446.00  
228 BladesOnly_w233.egsdat         ncase=1500000000     cpu=486826.00  
229 BladesOnly_w234.egsdat         ncase=1350000000     cpu=449067.00  
230 BladesOnly_w235.egsdat         ncase=1350000000     cpu=438869.00  
231 BladesOnly_w236.egsdat         ncase=1350000000     cpu=440286.00  
232 BladesOnly_w237.egsdat         ncase=1350000000     cpu=439430.00  
233 BladesOnly_w238.egsdat         ncase=1350000000     cpu=443148.00  
234 BladesOnly_w239.egsdat         ncase=1350000000     cpu=441519.00  
235 BladesOnly_w240.egsdat         ncase=1350000000     cpu=439327.00  
236 BladesOnly_w241.egsdat         ncase=1350000000     cpu=444194.00  
237 BladesOnly_w242.egsdat         ncase=1500000000     cpu=481019.00  
238 BladesOnly_w243.egsdat         ncase=1500000000     cpu=481257.00  
239 BladesOnly_w244.egsdat         ncase=1350000000     cpu=435981.00  
240 BladesOnly_w245.egsdat         ncase=1350000000     cpu=442897.00  
241 BladesOnly_w246.egsdat         ncase=1350000000     cpu=438671.00  
242 BladesOnly_w247.egsdat         ncase=1500000000     cpu=483175.00  
243 BladesOnly_w248.egsdat         ncase=1500000000     cpu=484637.00  
244 BladesOnly_w249.egsdat         ncase=1350000000     cpu=442429.00  
245 BladesOnly_w250.egsdat         ncase=1350000000     cpu=451641.00  
246 BladesOnly_w251.egsdat         ncase=1500000000     cpu=480541.00  
247 BladesOnly_w252.egsdat         ncase=1350000000     cpu=437883.00  
248 BladesOnly_w253.egsdat         ncase=1350000000     cpu=438471.00  
249 BladesOnly_w254.egsdat         ncase=1350000000     cpu=447687.00  
250 BladesOnly_w255.egsdat         ncase=1500000000     cpu=482876.00  
251 BladesOnly_w256.egsdat         ncase=1350000000     cpu=437049.00  
252 BladesOnly_w257.egsdat         ncase=1350000000     cpu=448820.00  
253 BladesOnly_w258.egsdat         ncase=1650000000     cpu=456959.00  
254 BladesOnly_w259.egsdat         ncase=1650000000     cpu=464850.00  
255 BladesOnly_w260.egsdat         ncase=1650000000     cpu=459491.00  
256 BladesOnly_w261.egsdat         ncase=1650000000     cpu=466535.00  
257 BladesOnly_w262.egsdat         ncase=1650000000     cpu=460328.00  
258 BladesOnly_w263.egsdat         ncase=1650000000     cpu=464066.00  
259 BladesOnly_w264.egsdat         ncase=1650000000     cpu=453106.00  
260 BladesOnly_w265.egsdat         ncase=1650000000     cpu=459524.00  
261 BladesOnly_w266.egsdat         ncase=1500000000     cpu=481614.00  
262 BladesOnly_w267.egsdat         ncase=1500000000     cpu=479872.00  
263 BladesOnly_w268.egsdat         ncase=1500000000     cpu=481788.00  
264 BladesOnly_w269.egsdat         ncase=1350000000     cpu=436718.00  
265 BladesOnly_w270.egsdat         ncase=1350000000     cpu=436907.00  
266 BladesOnly_w271.egsdat         ncase=1350000000     cpu=442233.00  
267 BladesOnly_w272.egsdat         ncase=1500000000     cpu=482418.00  
268 BladesOnly_w273.egsdat         ncase=1350000000     cpu=438540.00  
269 BladesOnly_w274.egsdat         ncase=1350000000     cpu=435231.00  
270 BladesOnly_w275.egsdat         ncase=1350000000     cpu=445280.00  
271 BladesOnly_w276.egsdat         ncase=1350000000     cpu=439677.00  
272 BladesOnly_w277.egsdat         ncase=1350000000     cpu=436564.00  
273 BladesOnly_w278.egsdat         ncase=1350000000     cpu=435762.00  
274 BladesOnly_w279.egsdat         ncase=1350000000     cpu=441635.00  
275 BladesOnly_w280.egsdat         ncase=1350000000     cpu=438007.00  
276 BladesOnly_w281.egsdat         ncase=1350000000     cpu=446698.00  
277 BladesOnly_w282.egsdat         ncase=1500000000     cpu=484323.00  
278 BladesOnly_w283.egsdat         ncase=1350000000     cpu=435990.00  
279 BladesOnly_w284.egsdat         ncase=1350000000     cpu=440954.00  
280 BladesOnly_w285.egsdat         ncase=1350000000     cpu=435670.00  
281 BladesOnly_w286.egsdat         ncase=1350000000     cpu=444947.00  
282 BladesOnly_w287.egsdat         ncase=1350000000     cpu=441791.00  
283 BladesOnly_w288.egsdat         ncase=1350000000     cpu=437509.00  
284 BladesOnly_w289.egsdat         ncase=1350000000     cpu=438542.00  
285 BladesOnly_w290.egsdat         ncase=1500000000     cpu=485762.00  
286 BladesOnly_w291.egsdat         ncase=1350000000     cpu=442908.00  
287 BladesOnly_w292.egsdat         ncase=1350000000     cpu=441971.00  
288 BladesOnly_w293.egsdat         ncase=1350000000     cpu=443350.00  
289 BladesOnly_w294.egsdat         ncase=1500000000     cpu=485125.00  
290 BladesOnly_w295.egsdat         ncase=1500000000     cpu=485827.00  
291 BladesOnly_w296.egsdat         ncase=1500000000     cpu=483125.00  
292 BladesOnly_w297.egsdat         ncase=1500000000     cpu=483745.00  
293 BladesOnly_w298.egsdat         ncase=1350000000     cpu=444365.00  
294 BladesOnly_w299.egsdat         ncase=1350000000     cpu=438092.00  
295 BladesOnly_w300.egsdat         ncase=1350000000     cpu=444903.00  
296 BladesOnly_w301.egsdat         ncase=1350000000     cpu=438024.00  
297 BladesOnly_w302.egsdat         ncase=1350000000     cpu=436928.00  
298 BladesOnly_w303.egsdat         ncase=1500000000     cpu=482622.00  
299 BladesOnly_w304.egsdat         ncase=1500000000     cpu=484783.00  
300 BladesOnly_w305.egsdat         ncase=1500000000     cpu=483667.00  
301 BladesOnly_w306.egsdat         ncase=1350000000     cpu=437138.00  
302 BladesOnly_w307.egsdat         ncase=1350000000     cpu=435320.00  
303 BladesOnly_w308.egsdat         ncase=1500000000     cpu=483731.00  
304 BladesOnly_w309.egsdat         ncase=1350000000     cpu=440581.00  
305 BladesOnly_w310.egsdat         ncase=1350000000     cpu=436429.00  
306 BladesOnly_w311.egsdat         ncase=1500000000     cpu=483025.00  
307 BladesOnly_w312.egsdat         ncase=1500000000     cpu=485036.00  
308 BladesOnly_w313.egsdat         ncase=1500000000     cpu=483561.00  
309 BladesOnly_w314.egsdat         ncase=1350000000     cpu=448183.00  
310 BladesOnly_w315.egsdat         ncase=1350000000     cpu=437469.00  
311 BladesOnly_w316.egsdat         ncase=1350000000     cpu=436826.00  
312 BladesOnly_w317.egsdat         ncase=1500000000     cpu=481795.00  
313 BladesOnly_w318.egsdat         ncase=1350000000     cpu=438807.00  
314 BladesOnly_w319.egsdat         ncase=1350000000     cpu=441990.00  
315 BladesOnly_w320.egsdat         ncase=1350000000     cpu=440743.00  
316 BladesOnly_w321.egsdat         ncase=1350000000     cpu=434903.00  
317 BladesOnly_w322.egsdat         ncase=1350000000     cpu=437551.00  
318 BladesOnly_w323.egsdat         ncase=1350000000     cpu=437301.00  
319 BladesOnly_w324.egsdat         ncase=1350000000     cpu=441617.00  
320 BladesOnly_w325.egsdat         ncase=1500000000     cpu=484173.00  
321 BladesOnly_w326.egsdat         ncase=1350000000     cpu=442863.00  
322 BladesOnly_w327.egsdat         ncase=1500000000     cpu=484002.00  
323 BladesOnly_w328.egsdat         ncase=1350000000     cpu=442846.00  
324 BladesOnly_w329.egsdat         ncase=1350000000     cpu=437074.00  
325 BladesOnly_w330.egsdat         ncase=1350000000     cpu=447995.00  
326 BladesOnly_w331.egsdat         ncase=1350000000     cpu=441739.00  
327 BladesOnly_w332.egsdat         ncase=1350000000     cpu=442695.00  
328 BladesOnly_w333.egsdat         ncase=1350000000     cpu=445115.00  
329 BladesOnly_w334.egsdat         ncase=1350000000     cpu=445827.00  
330 BladesOnly_w335.egsdat         ncase=1350000000     cpu=448235.00  
331 BladesOnly_w336.egsdat         ncase=1350000000     cpu=441504.00  
332 BladesOnly_w337.egsdat         ncase=1350000000     cpu=450231.00  
333 BladesOnly_w338.egsdat         ncase=1350000000     cpu=452697.00  
334 BladesOnly_w339.egsdat         ncase=1350000000     cpu=441025.00  
335 BladesOnly_w340.egsdat         ncase=1350000000     cpu=445585.00  
336 BladesOnly_w341.egsdat         ncase=1350000000     cpu=437078.00  
337 BladesOnly_w342.egsdat         ncase=1350000000     cpu=439323.00  
338 BladesOnly_w343.egsdat         ncase=1350000000     cpu=441408.00  
339 BladesOnly_w344.egsdat         ncase=1350000000     cpu=435790.00  
340 BladesOnly_w345.egsdat         ncase=1350000000     cpu=436979.00  
341 BladesOnly_w346.egsdat         ncase=1650000000     cpu=475646.00  
342 BladesOnly_w347.egsdat         ncase=1650000000     cpu=477147.00  
343 BladesOnly_w348.egsdat         ncase=1500000000     cpu=436477.00  
344 BladesOnly_w349.egsdat         ncase=1500000000     cpu=459464.00  
345 BladesOnly_w350.egsdat         ncase=1500000000     cpu=448615.00  
346 BladesOnly_w351.egsdat         ncase=1500000000     cpu=434378.00  
347 BladesOnly_w352.egsdat         ncase=1650000000     cpu=473710.00  
348 BladesOnly_w353.egsdat         ncase=1650000000     cpu=470912.00  
349 BladesOnly_w354.egsdat         ncase=1500000000     cpu=440426.00  
350 BladesOnly_w355.egsdat         ncase=1500000000     cpu=434802.00  
351 BladesOnly_w356.egsdat         ncase=1350000000     cpu=442322.00  
352 BladesOnly_w357.egsdat         ncase=1350000000     cpu=435841.00  
353 BladesOnly_w358.egsdat         ncase=1350000000     cpu=444951.00  
354 BladesOnly_w359.egsdat         ncase=1350000000     cpu=435572.00  
355 BladesOnly_w360.egsdat         ncase=1350000000     cpu=442548.00  
356 BladesOnly_w361.egsdat         ncase=1350000000     cpu=435181.00  
357 BladesOnly_w362.egsdat         ncase=1350000000     cpu=437058.00  
358 BladesOnly_w363.egsdat         ncase=1350000000     cpu=441800.00  
359 BladesOnly_w364.egsdat         ncase=1350000000     cpu=441476.00  
360 BladesOnly_w365.egsdat         ncase=1350000000     cpu=439078.00  
361 BladesOnly_w366.egsdat         ncase=1350000000     cpu=450054.00  
362 BladesOnly_w367.egsdat         ncase=1350000000     cpu=438840.00  
363 BladesOnly_w368.egsdat         ncase=1350000000     cpu=443427.00  
364 BladesOnly_w369.egsdat         ncase=1350000000     cpu=435521.00  
365 BladesOnly_w370.egsdat         ncase=1350000000     cpu=435182.00  
366 BladesOnly_w371.egsdat         ncase=1350000000     cpu=441143.00  
367 BladesOnly_w372.egsdat         ncase=1350000000     cpu=441454.00  
368 BladesOnly_w373.egsdat         ncase=1350000000     cpu=438541.00  
369 BladesOnly_w374.egsdat         ncase=1350000000     cpu=437476.00  
370 BladesOnly_w375.egsdat         ncase=1650000000     cpu=476943.00  
371 BladesOnly_w376.egsdat         ncase=1350000000     cpu=444656.00  
372 BladesOnly_w377.egsdat         ncase=1350000000     cpu=435706.00  
373 BladesOnly_w378.egsdat         ncase=1350000000     cpu=436358.00  
374 BladesOnly_w379.egsdat         ncase=1350000000     cpu=445733.00  
375 BladesOnly_w380.egsdat         ncase=1350000000     cpu=434669.00  
376 BladesOnly_w381.egsdat         ncase=1500000000     cpu=481575.00  
377 BladesOnly_w382.egsdat         ncase=1350000000     cpu=438648.00  
378 BladesOnly_w383.egsdat         ncase=1350000000     cpu=440919.00  
379 BladesOnly_w384.egsdat         ncase=1350000000     cpu=437146.00  
380 BladesOnly_w385.egsdat         ncase=1350000000     cpu=441824.00  
381 BladesOnly_w386.egsdat         ncase=1350000000     cpu=445518.00  
382 BladesOnly_w387.egsdat         ncase=1350000000     cpu=437348.00  
383 BladesOnly_w388.egsdat         ncase=1500000000     cpu=480952.00  
384 BladesOnly_w389.egsdat         ncase=1500000000     cpu=482518.00  
385 BladesOnly_w390.egsdat         ncase=1350000000     cpu=436866.00  
386 BladesOnly_w391.egsdat         ncase=1500000000     cpu=486447.00  
387 BladesOnly_w392.egsdat         ncase=1500000000     cpu=486367.00  
388 BladesOnly_w393.egsdat         ncase=1350000000     cpu=440056.00  
389 BladesOnly_w394.egsdat         ncase=1350000000     cpu=440100.00  
390 BladesOnly_w395.egsdat         ncase=1350000000     cpu=435730.00  
391 BladesOnly_w396.egsdat         ncase=1350000000     cpu=437076.00  
392 BladesOnly_w397.egsdat         ncase=1350000000     cpu=445926.00  
393 BladesOnly_w398.egsdat         ncase=1350000000     cpu=435279.00  
394 BladesOnly_w399.egsdat         ncase=1350000000     cpu=438290.00  
395 BladesOnly_w400.egsdat         ncase=1500000000     cpu=485773.00  
396 BladesOnly_w401.egsdat         ncase=1350000000     cpu=440139.00  
397 BladesOnly_w402.egsdat         ncase=1350000000     cpu=440213.00  
398 BladesOnly_w403.egsdat         ncase=1350000000     cpu=438867.00  
399 BladesOnly_w404.egsdat         ncase=1650000000     cpu=468225.00  
400 BladesOnly_w405.egsdat         ncase=1650000000     cpu=471940.00  
401 BladesOnly_w406.egsdat         ncase=1650000000     cpu=470587.00  
402 BladesOnly_w407.egsdat         ncase=1650000000     cpu=457485.00  
403 BladesOnly_w408.egsdat         ncase=1650000000     cpu=465879.00  
404 BladesOnly_w409.egsdat         ncase=1650000000     cpu=459764.00  
405 BladesOnly_w410.egsdat         ncase=1650000000     cpu=460679.00  
406 BladesOnly_w411.egsdat         ncase=1650000000     cpu=463016.00  
407 BladesOnly_w412.egsdat         ncase=1650000000     cpu=466994.00  
408 BladesOnly_w413.egsdat         ncase=1650000000     cpu=465225.00  
409 BladesOnly_w414.egsdat         ncase=1650000000     cpu=467956.00  
410 BladesOnly_w415.egsdat         ncase=1650000000     cpu=471358.00  
411 BladesOnly_w416.egsdat         ncase=1500000000     cpu=483715.00  
412 BladesOnly_w417.egsdat         ncase=1350000000     cpu=446519.00  
413 BladesOnly_w418.egsdat         ncase=1500000000     cpu=480012.00  
414 BladesOnly_w419.egsdat         ncase=1350000000     cpu=438661.00  
415 BladesOnly_w420.egsdat         ncase=1350000000     cpu=440564.00  
416 BladesOnly_w421.egsdat         ncase=1500000000     cpu=479520.00  
417 BladesOnly_w422.egsdat         ncase=1500000000     cpu=483583.00  
418 BladesOnly_w423.egsdat         ncase=1500000000     cpu=481492.00  
419 BladesOnly_w424.egsdat         ncase=1350000000     cpu=445388.00  
420 BladesOnly_w425.egsdat         ncase=1350000000     cpu=448252.00  
421 BladesOnly_w426.egsdat         ncase=1350000000     cpu=442524.00  
422 BladesOnly_w427.egsdat         ncase=1350000000     cpu=451819.00  
423 BladesOnly_w428.egsdat         ncase=1350000000     cpu=449093.00  
424 BladesOnly_w429.egsdat         ncase=1350000000     cpu=451914.00  
425 BladesOnly_w430.egsdat         ncase=1350000000     cpu=454382.00  
426 BladesOnly_w431.egsdat         ncase=1350000000     cpu=451161.00  
427 BladesOnly_w432.egsdat         ncase=1350000000     cpu=453069.00  
428 BladesOnly_w433.egsdat         ncase=1650000000     cpu=461995.00  
429 BladesOnly_w434.egsdat         ncase=1650000000     cpu=472934.00  
430 BladesOnly_w435.egsdat         ncase=1650000000     cpu=473065.00  
431 BladesOnly_w436.egsdat         ncase=1650000000     cpu=462669.00  
432 BladesOnly_w437.egsdat         ncase=1650000000     cpu=459983.00  
433 BladesOnly_w438.egsdat         ncase=1650000000     cpu=475504.00  
434 BladesOnly_w439.egsdat         ncase=1650000000     cpu=472169.00  
435 BladesOnly_w440.egsdat         ncase=1650000000     cpu=471771.00  
436 BladesOnly_w441.egsdat         ncase=1650000000     cpu=468931.00  
437 BladesOnly_w442.egsdat         ncase=1650000000     cpu=472684.00  
438 BladesOnly_w443.egsdat         ncase=1650000000     cpu=465540.00  
439 BladesOnly_w444.egsdat         ncase=1650000000     cpu=460235.00  
440 BladesOnly_w445.egsdat         ncase=1650000000     cpu=457739.00  
441 BladesOnly_w446.egsdat         ncase=1650000000     cpu=460516.00  
442 BladesOnly_w447.egsdat         ncase=1650000000     cpu=466980.00  
443 BladesOnly_w448.egsdat         ncase=1650000000     cpu=460758.00  
444 BladesOnly_w449.egsdat         ncase=1650000000     cpu=464547.00  
445 BladesOnly_w450.egsdat         ncase=1650000000     cpu=467443.00  
446 BladesOnly_w451.egsdat         ncase=1650000000     cpu=470281.00  
447 BladesOnly_w452.egsdat         ncase=1650000000     cpu=459520.00  
448 BladesOnly_w453.egsdat         ncase=1650000000     cpu=453935.00  
449 BladesOnly_w454.egsdat         ncase=1650000000     cpu=462706.00  
450 BladesOnly_w455.egsdat         ncase=1650000000     cpu=454335.00  
451 BladesOnly_w456.egsdat         ncase=1650000000     cpu=475711.00  
452 BladesOnly_w457.egsdat         ncase=1650000000     cpu=463846.00  
453 BladesOnly_w458.egsdat         ncase=1650000000     cpu=462680.00  
454 BladesOnly_w459.egsdat         ncase=1650000000     cpu=464853.00  
455 BladesOnly_w460.egsdat         ncase=1650000000     cpu=448207.00  
456 BladesOnly_w461.egsdat         ncase=1650000000     cpu=464215.00  
457 BladesOnly_w462.egsdat         ncase=1650000000     cpu=451461.00  
458 BladesOnly_w463.egsdat         ncase=1650000000     cpu=472251.00  
459 BladesOnly_w464.egsdat         ncase=1650000000     cpu=476071.00  
460 BladesOnly_w465.egsdat         ncase=1650000000     cpu=456535.00  
461 BladesOnly_w466.egsdat         ncase=1650000000     cpu=463349.00  
462 BladesOnly_w467.egsdat         ncase=1650000000     cpu=462203.00  
463 BladesOnly_w468.egsdat         ncase=1650000000     cpu=462205.00  
464 BladesOnly_w469.egsdat         ncase=1650000000     cpu=472551.00  
465 BladesOnly_w470.egsdat         ncase=1650000000     cpu=467062.00  
466 BladesOnly_w471.egsdat         ncase=1500000000     cpu=436906.00  
467 BladesOnly_w472.egsdat         ncase=1650000000     cpu=448108.00  
468 BladesOnly_w473.egsdat         ncase=1650000000     cpu=468571.00  
469 BladesOnly_w474.egsdat         ncase=1650000000     cpu=453778.00  
470 BladesOnly_w475.egsdat         ncase=1650000000     cpu=453304.00  
471 BladesOnly_w476.egsdat         ncase=1650000000     cpu=469798.00  
472 BladesOnly_w477.egsdat         ncase=1650000000     cpu=449721.00  
473 BladesOnly_w478.egsdat         ncase=1650000000     cpu=451978.00  
474 BladesOnly_w479.egsdat         ncase=1650000000     cpu=452212.00  
475 BladesOnly_w480.egsdat         ncase=1650000000     cpu=448591.00  
476 BladesOnly_w481.egsdat         ncase=1650000000     cpu=453169.00  
477 BladesOnly_w482.egsdat         ncase=1650000000     cpu=458314.00  
478 BladesOnly_w483.egsdat         ncase=1500000000     cpu=439905.00  
479 BladesOnly_w484.egsdat         ncase=1500000000     cpu=434241.00  
480 BladesOnly_w485.egsdat         ncase=1650000000     cpu=459113.00  
481 BladesOnly_w486.egsdat         ncase=1650000000     cpu=460086.00  
482 BladesOnly_w487.egsdat         ncase=1650000000     cpu=469019.00  
483 BladesOnly_w488.egsdat         ncase=1350000000     cpu=452750.00  
484 BladesOnly_w489.egsdat         ncase=1350000000     cpu=456021.00  
485 BladesOnly_w490.egsdat         ncase=1350000000     cpu=451094.00  
486 BladesOnly_w491.egsdat         ncase=1350000000     cpu=451446.00  
487 BladesOnly_w492.egsdat         ncase=1500000000     cpu=436802.00  
488 BladesOnly_w493.egsdat         ncase=1650000000     cpu=465882.00  
489 BladesOnly_w494.egsdat         ncase=1650000000     cpu=474638.00  
490 BladesOnly_w495.egsdat         ncase=1650000000     cpu=467434.00  
491 BladesOnly_w496.egsdat         ncase=1650000000     cpu=460014.00  
492 BladesOnly_w497.egsdat         ncase=1650000000     cpu=471008.00  
493 BladesOnly_w498.egsdat         ncase=1650000000     cpu=471784.00  
494 BladesOnly_w499.egsdat         ncase=1500000000     cpu=454104.00  
495 BladesOnly_w500.egsdat         ncase=1500000000     cpu=440439.00  
496 BladesOnly_w501.egsdat         ncase=1650000000     cpu=461905.00  
497 BladesOnly_w502.egsdat         ncase=1650000000     cpu=465477.00  
498 BladesOnly_w503.egsdat         ncase=1650000000     cpu=460826.00  
499 BladesOnly_w504.egsdat         ncase=1650000000     cpu=457414.00  
500 BladesOnly_w505.egsdat         ncase=1650000000     cpu=476777.00  
501 BladesOnly_w506.egsdat         ncase=1650000000     cpu=470827.00  
502 BladesOnly_w507.egsdat         ncase=1500000000     cpu=435133.00  
503 BladesOnly_w508.egsdat         ncase=1650000000     cpu=479687.00  
504 BladesOnly_w509.egsdat         ncase=1650000000     cpu=465377.00  
505 BladesOnly_w510.egsdat         ncase=1650000000     cpu=467417.00  
506 BladesOnly_w511.egsdat         ncase=1650000000     cpu=462567.00  
507 BladesOnly_w512.egsdat         ncase=1650000000     cpu=457970.00  
508 BladesOnly_w513.egsdat         ncase=1650000000     cpu=470501.00  
509 BladesOnly_w514.egsdat         ncase=1650000000     cpu=473301.00  
510 BladesOnly_w515.egsdat         ncase=1500000000     cpu=439178.00  
511 BladesOnly_w516.egsdat         ncase=1650000000     cpu=473866.00  
512 BladesOnly_w517.egsdat         ncase=1650000000     cpu=459500.00  
513 BladesOnly_w518.egsdat         ncase=1500000000     cpu=439133.00  
514 BladesOnly_w519.egsdat         ncase=1650000000     cpu=469455.00  
515 BladesOnly_w520.egsdat         ncase=1650000000     cpu=471748.00  
516 BladesOnly_w521.egsdat         ncase=1500000000     cpu=446055.00  
517 BladesOnly_w522.egsdat         ncase=1650000000     cpu=478957.00  
518 BladesOnly_w523.egsdat         ncase=1650000000     cpu=478792.00  
519 BladesOnly_w524.egsdat         ncase=1500000000     cpu=438963.00  
520 BladesOnly_w525.egsdat         ncase=1650000000     cpu=461830.00  
521 BladesOnly_w526.egsdat         ncase=1650000000     cpu=469551.00  
522 BladesOnly_w527.egsdat         ncase=1500000000     cpu=434477.00  
523 BladesOnly_w528.egsdat         ncase=1650000000     cpu=464761.00  
524 BladesOnly_w529.egsdat         ncase=1650000000     cpu=473923.00  
525 BladesOnly_w530.egsdat         ncase=1650000000     cpu=470717.00  
526 BladesOnly_w531.egsdat         ncase=1650000000     cpu=476726.00  
527 BladesOnly_w532.egsdat         ncase=1650000000     cpu=461157.00  
528 BladesOnly_w533.egsdat         ncase=1650000000     cpu=461543.00  
529 BladesOnly_w534.egsdat         ncase=1650000000     cpu=467783.00  
530 BladesOnly_w535.egsdat         ncase=1650000000     cpu=474338.00  
531 BladesOnly_w536.egsdat         ncase=1650000000     cpu=469122.00  
532 BladesOnly_w537.egsdat         ncase=1650000000     cpu=465932.00  
533 BladesOnly_w538.egsdat         ncase=1650000000     cpu=462422.00  
534 BladesOnly_w539.egsdat         ncase=1650000000     cpu=473253.00  
535 BladesOnly_w540.egsdat         ncase=1650000000     cpu=459072.00  
536 BladesOnly_w541.egsdat         ncase=1650000000     cpu=468686.00  
537 BladesOnly_w542.egsdat         ncase=1650000000     cpu=471202.00  
538 BladesOnly_w543.egsdat         ncase=1650000000     cpu=461379.00  
539 BladesOnly_w544.egsdat         ncase=1650000000     cpu=455443.00  
540 BladesOnly_w545.egsdat         ncase=1650000000     cpu=473369.00  
541 BladesOnly_w546.egsdat         ncase=1650000000     cpu=462386.00  
542 BladesOnly_w547.egsdat         ncase=1650000000     cpu=465282.00  
543 BladesOnly_w548.egsdat         ncase=1650000000     cpu=465880.00  
544 BladesOnly_w549.egsdat         ncase=1650000000     cpu=462634.00  
545 BladesOnly_w550.egsdat         ncase=1650000000     cpu=476088.00  
546 BladesOnly_w551.egsdat         ncase=1500000000     cpu=434577.00  
547 BladesOnly_w552.egsdat         ncase=1650000000     cpu=470886.00  
548 BladesOnly_w553.egsdat         ncase=1650000000     cpu=472621.00  
549 BladesOnly_w554.egsdat         ncase=1650000000     cpu=468579.00  
550 BladesOnly_w555.egsdat         ncase=1650000000     cpu=469947.00  
551 BladesOnly_w556.egsdat         ncase=1650000000     cpu=479220.00  
552 BladesOnly_w557.egsdat         ncase=1650000000     cpu=472316.00  
553 BladesOnly_w558.egsdat         ncase=1650000000     cpu=477136.00  
554 BladesOnly_w559.egsdat         ncase=1650000000     cpu=459760.00  
555 BladesOnly_w560.egsdat         ncase=1650000000     cpu=459394.00  
556 BladesOnly_w561.egsdat         ncase=1650000000     cpu=461654.00  
557 BladesOnly_w562.egsdat         ncase=1650000000     cpu=456929.00  
558 BladesOnly_w563.egsdat         ncase=1650000000     cpu=468862.00  
559 BladesOnly_w564.egsdat         ncase=1650000000     cpu=454981.00  
560 BladesOnly_w565.egsdat         ncase=1650000000     cpu=462694.00  
561 BladesOnly_w566.egsdat         ncase=1650000000     cpu=475433.00  
562 BladesOnly_w567.egsdat         ncase=1650000000     cpu=464335.00  
563 BladesOnly_w568.egsdat         ncase=1650000000     cpu=459677.00  
564 BladesOnly_w569.egsdat         ncase=1650000000     cpu=472520.00  
565 BladesOnly_w570.egsdat         ncase=1650000000     cpu=459602.00  
566 BladesOnly_w571.egsdat         ncase=1650000000     cpu=461785.00  
567 BladesOnly_w572.egsdat         ncase=1650000000     cpu=468427.00  
568 BladesOnly_w573.egsdat         ncase=1650000000     cpu=458415.00  
569 BladesOnly_w574.egsdat         ncase=1650000000     cpu=464853.00  
570 BladesOnly_w575.egsdat         ncase=1500000000     cpu=444042.00  
571 BladesOnly_w576.egsdat         ncase=1650000000     cpu=460954.00  
572 BladesOnly_w577.egsdat         ncase=1650000000     cpu=457928.00  
573 BladesOnly_w578.egsdat         ncase=1650000000     cpu=463616.00  
574 BladesOnly_w579.egsdat         ncase=1650000000     cpu=465793.00  
575 BladesOnly_w580.egsdat         ncase=1500000000     cpu=458433.00  
576 BladesOnly_w581.egsdat         ncase=1500000000     cpu=443666.00  
577 BladesOnly_w582.egsdat         ncase=1500000000     cpu=451560.00  
578 BladesOnly_w583.egsdat         ncase=1500000000     cpu=452217.00  
579 BladesOnly_w584.egsdat         ncase=1500000000     cpu=455902.00  
580 BladesOnly_w585.egsdat         ncase=1500000000     cpu=463039.00  
581 BladesOnly_w586.egsdat         ncase=1500000000     cpu=454780.00  
582 BladesOnly_w587.egsdat         ncase=1500000000     cpu=437149.00  
583 BladesOnly_w588.egsdat         ncase=1500000000     cpu=443732.00  
584 BladesOnly_w589.egsdat         ncase=1650000000     cpu=472220.00  
585 BladesOnly_w590.egsdat         ncase=1500000000     cpu=437716.00  
586 BladesOnly_w591.egsdat         ncase=1650000000     cpu=463774.00  
587 BladesOnly_w592.egsdat         ncase=1650000000     cpu=472538.00  
588 BladesOnly_w593.egsdat         ncase=1500000000     cpu=434161.00  
589 BladesOnly_w594.egsdat         ncase=1650000000     cpu=471257.00  
590 BladesOnly_w595.egsdat         ncase=1650000000     cpu=471157.00  
591 BladesOnly_w596.egsdat         ncase=1650000000     cpu=465047.00  
592 BladesOnly_w597.egsdat         ncase=1650000000     cpu=472767.00  
593 BladesOnly_w598.egsdat         ncase=1650000000     cpu=474706.00  
594 BladesOnly_w599.egsdat         ncase=1650000000     cpu=457908.00  
595 BladesOnly_w600.egsdat         ncase=1650000000     cpu=475756.00  
596 BladesOnly_w601.egsdat         ncase=1650000000     cpu=464083.00  
597 BladesOnly_w602.egsdat         ncase=1500000000     cpu=456965.00  
598 BladesOnly_w603.egsdat         ncase=1500000000     cpu=465083.00  
599 BladesOnly_w604.egsdat         ncase=1500000000     cpu=454746.00  
600 BladesOnly_w605.egsdat         ncase=1500000000     cpu=448119.00  
601 BladesOnly_w606.egsdat         ncase=1500000000     cpu=444402.00  
602 BladesOnly_w607.egsdat         ncase=1500000000     cpu=458850.00  
603 BladesOnly_w608.egsdat         ncase=1500000000     cpu=464477.00  
604 BladesOnly_w609.egsdat         ncase=1500000000     cpu=445891.00  
605 BladesOnly_w610.egsdat         ncase=1500000000     cpu=458078.00  
606 BladesOnly_w611.egsdat         ncase=1500000000     cpu=449683.00  
607 BladesOnly_w612.egsdat         ncase=1500000000     cpu=444472.00  
608 BladesOnly_w613.egsdat         ncase=1500000000     cpu=449658.00  
609 BladesOnly_w614.egsdat         ncase=1650000000     cpu=470937.00  
610 BladesOnly_w615.egsdat         ncase=1500000000     cpu=435066.00  
611 BladesOnly_w616.egsdat         ncase=1500000000     cpu=439348.00  
612 BladesOnly_w617.egsdat         ncase=1500000000     cpu=439560.00  
613 BladesOnly_w618.egsdat         ncase=1500000000     cpu=434225.00  
614 BladesOnly_w619.egsdat         ncase=1500000000     cpu=439082.00  
615 BladesOnly_w620.egsdat         ncase=1650000000     cpu=478180.00  
616 BladesOnly_w621.egsdat         ncase=1500000000     cpu=451357.00  
617 BladesOnly_w622.egsdat         ncase=1500000000     cpu=457070.00  
618 BladesOnly_w623.egsdat         ncase=1500000000     cpu=447818.00  
619 BladesOnly_w624.egsdat         ncase=1500000000     cpu=445193.00  
620 BladesOnly_w625.egsdat         ncase=1500000000     cpu=444037.00  
621 BladesOnly_w626.egsdat         ncase=1500000000     cpu=441294.00  
622 BladesOnly_w627.egsdat         ncase=1500000000     cpu=445472.00  
623 BladesOnly_w628.egsdat         ncase=1500000000     cpu=448079.00  
624 BladesOnly_w629.egsdat         ncase=1500000000     cpu=455777.00  
625 BladesOnly_w630.egsdat         ncase=1500000000     cpu=445708.00  
626 BladesOnly_w631.egsdat         ncase=1500000000     cpu=442958.00  
627 BladesOnly_w632.egsdat         ncase=1500000000     cpu=449432.00  
628 BladesOnly_w633.egsdat         ncase=1500000000     cpu=442645.00  
629 BladesOnly_w634.egsdat         ncase=1500000000     cpu=441842.00  
630 BladesOnly_w635.egsdat         ncase=1500000000     cpu=445125.00  
631 BladesOnly_w636.egsdat         ncase=1500000000     cpu=441184.00  
632 BladesOnly_w637.egsdat         ncase=1500000000     cpu=447686.00  
633 BladesOnly_w638.egsdat         ncase=1500000000     cpu=446000.00  
634 BladesOnly_w639.egsdat         ncase=1500000000     cpu=436281.00  
635 BladesOnly_w640.egsdat         ncase=1500000000     cpu=442623.00  
636 BladesOnly_w641.egsdat         ncase=1650000000     cpu=474306.00  
637 BladesOnly_w642.egsdat         ncase=1500000000     cpu=447232.00  
638 BladesOnly_w643.egsdat         ncase=1500000000     cpu=446154.00  
639 BladesOnly_w644.egsdat         ncase=1650000000     cpu=466343.00  
640 BladesOnly_w645.egsdat         ncase=1650000000     cpu=470545.00  
641 BladesOnly_w646.egsdat         ncase=1650000000     cpu=468778.00  
642 BladesOnly_w647.egsdat         ncase=1650000000     cpu=467462.00  
643 BladesOnly_w648.egsdat         ncase=1650000000     cpu=468230.00  
644 BladesOnly_w649.egsdat         ncase=1650000000     cpu=465350.00  
645 BladesOnly_w650.egsdat         ncase=1650000000     cpu=476636.00  
646 BladesOnly_w651.egsdat         ncase=1650000000     cpu=466477.00  
647 BladesOnly_w652.egsdat         ncase=1650000000     cpu=471298.00  
648 BladesOnly_w653.egsdat         ncase=1650000000     cpu=471756.00  
649 BladesOnly_w654.egsdat         ncase=1500000000     cpu=439812.00  
650 BladesOnly_w655.egsdat         ncase=1650000000     cpu=475120.00  
651 BladesOnly_w656.egsdat         ncase=1650000000     cpu=474051.00  
652 BladesOnly_w657.egsdat         ncase=1650000000     cpu=464763.00  
653 BladesOnly_w658.egsdat         ncase=1650000000     cpu=472592.00  
654 BladesOnly_w659.egsdat         ncase=1500000000     cpu=439494.00  
655 BladesOnly_w660.egsdat         ncase=1650000000     cpu=477055.00  
656 BladesOnly_w661.egsdat         ncase=1650000000     cpu=472591.00  
657 BladesOnly_w662.egsdat         ncase=1500000000     cpu=436728.00  
658 BladesOnly_w663.egsdat         ncase=1500000000     cpu=448439.00  
659 BladesOnly_w664.egsdat         ncase=1500000000     cpu=434734.00  
660 BladesOnly_w665.egsdat         ncase=1500000000     cpu=438277.00  
661 BladesOnly_w666.egsdat         ncase=1650000000     cpu=474811.00  
662 BladesOnly_w667.egsdat         ncase=1500000000     cpu=434995.00  
663 BladesOnly_w668.egsdat         ncase=1500000000     cpu=446234.00  
664 BladesOnly_w669.egsdat         ncase=1650000000     cpu=478746.00  
665 BladesOnly_w670.egsdat         ncase=1500000000     cpu=437074.00  
666 BladesOnly_w671.egsdat         ncase=1650000000     cpu=478100.00  
667 BladesOnly_w672.egsdat         ncase=1650000000     cpu=477759.00  
668 BladesOnly_w673.egsdat         ncase=1650000000     cpu=478183.00  
669 BladesOnly_w674.egsdat         ncase=1500000000     cpu=443359.00  
670 BladesOnly_w675.egsdat         ncase=1500000000     cpu=442798.00  
671 BladesOnly_w676.egsdat         ncase=1500000000     cpu=437385.00  
672 BladesOnly_w677.egsdat         ncase=1500000000     cpu=438198.00  
673 BladesOnly_w678.egsdat         ncase=1650000000     cpu=467648.00  
674 BladesOnly_w679.egsdat         ncase=1500000000     cpu=443561.00  
675 BladesOnly_w680.egsdat         ncase=1500000000     cpu=435249.00  
676 BladesOnly_w681.egsdat         ncase=1500000000     cpu=434038.00  
677 BladesOnly_w682.egsdat         ncase=1500000000     cpu=440317.00  
678 BladesOnly_w683.egsdat         ncase=1650000000     cpu=471134.00  
679 BladesOnly_w684.egsdat         ncase=1650000000     cpu=473613.00  
680 BladesOnly_w685.egsdat         ncase=1500000000     cpu=444611.00  
681 BladesOnly_w686.egsdat         ncase=1500000000     cpu=434874.00  
682 BladesOnly_w687.egsdat         ncase=1500000000     cpu=447412.00  
683 BladesOnly_w688.egsdat         ncase=1500000000     cpu=446583.00  
684 BladesOnly_w689.egsdat         ncase=1500000000     cpu=440802.00  
685 BladesOnly_w690.egsdat         ncase=1500000000     cpu=438716.00  
686 BladesOnly_w691.egsdat         ncase=1650000000     cpu=475686.00  
687 BladesOnly_w692.egsdat         ncase=1500000000     cpu=439884.00  
688 BladesOnly_w693.egsdat         ncase=1650000000     cpu=468238.00  
689 BladesOnly_w694.egsdat         ncase=1650000000     cpu=467519.00  
690 BladesOnly_w695.egsdat         ncase=1650000000     cpu=461833.00  
691 BladesOnly_w696.egsdat         ncase=1650000000     cpu=461057.00  
692 BladesOnly_w697.egsdat         ncase=1650000000     cpu=477363.00  
693 BladesOnly_w698.egsdat         ncase=1500000000     cpu=440283.00  
694 BladesOnly_w699.egsdat         ncase=1500000000     cpu=434290.00  
695 BladesOnly_w700.egsdat         ncase=1500000000     cpu=441100.00  
696 BladesOnly_w701.egsdat         ncase=1650000000     cpu=473440.00  
697 BladesOnly_w702.egsdat         ncase=1650000000     cpu=472232.00  
698 BladesOnly_w703.egsdat         ncase=1500000000     cpu=437808.00  
699 BladesOnly_w704.egsdat         ncase=1500000000     cpu=437388.00  
700 BladesOnly_w705.egsdat         ncase=1650000000     cpu=467000.00  
701 BladesOnly_w706.egsdat         ncase=1650000000     cpu=469835.00  
702 BladesOnly_w707.egsdat         ncase=1650000000     cpu=467359.00  
703 BladesOnly_w708.egsdat         ncase=1650000000     cpu=462296.00  
704 BladesOnly_w709.egsdat         ncase=1650000000     cpu=467775.00  
705 BladesOnly_w710.egsdat         ncase=1650000000     cpu=471346.00  
706 BladesOnly_w711.egsdat         ncase=1650000000     cpu=470868.00  
707 BladesOnly_w712.egsdat         ncase=1650000000     cpu=475567.00  
708 BladesOnly_w713.egsdat         ncase=1650000000     cpu=465694.00  
709 BladesOnly_w714.egsdat         ncase=1650000000     cpu=471637.00  
710 BladesOnly_w715.egsdat         ncase=1650000000     cpu=462285.00  
711 BladesOnly_w716.egsdat         ncase=1650000000     cpu=467185.00  
712 BladesOnly_w717.egsdat         ncase=1650000000     cpu=464775.00  
713 BladesOnly_w718.egsdat         ncase=1650000000     cpu=469379.00  
714 BladesOnly_w719.egsdat         ncase=1650000000     cpu=467542.00  
715 BladesOnly_w720.egsdat         ncase=1650000000     cpu=471847.00  
716 BladesOnly_w721.egsdat         ncase=1650000000     cpu=471053.00  
717 BladesOnly_w722.egsdat         ncase=1650000000     cpu=458393.00  
718 BladesOnly_w723.egsdat         ncase=1650000000     cpu=461458.00  
719 BladesOnly_w724.egsdat         ncase=1650000000     cpu=468434.00  
720 BladesOnly_w725.egsdat         ncase=1650000000     cpu=475983.00  
721 BladesOnly_w726.egsdat         ncase=1650000000     cpu=478659.00  
722 BladesOnly_w727.egsdat         ncase=1500000000     cpu=437233.00  
723 BladesOnly_w728.egsdat         ncase=1500000000     cpu=445080.00  
724 BladesOnly_w729.egsdat         ncase=1500000000     cpu=440388.00  
725 BladesOnly_w730.egsdat         ncase=1500000000     cpu=435531.00  
726 BladesOnly_w731.egsdat         ncase=1500000000     cpu=440866.00  
727 BladesOnly_w732.egsdat         ncase=1650000000     cpu=477655.00  
728 BladesOnly_w733.egsdat         ncase=1650000000     cpu=472703.00  
729 BladesOnly_w734.egsdat         ncase=1500000000     cpu=433925.00  
730 BladesOnly_w735.egsdat         ncase=1500000000     cpu=452028.00  
731 BladesOnly_w736.egsdat         ncase=1500000000     cpu=449241.00  
732 BladesOnly_w737.egsdat         ncase=1500000000     cpu=442810.00  
733 BladesOnly_w738.egsdat         ncase=1500000000     cpu=439050.00  
734 BladesOnly_w739.egsdat         ncase=1500000000     cpu=451256.00  
735 BladesOnly_w740.egsdat         ncase=1500000000     cpu=446989.00  
736 BladesOnly_w741.egsdat         ncase=1500000000     cpu=454341.00  
737 BladesOnly_w742.egsdat         ncase=1500000000     cpu=439804.00  
738 BladesOnly_w743.egsdat         ncase=1500000000     cpu=456607.00  
739 BladesOnly_w744.egsdat         ncase=1500000000     cpu=444671.00  
740 BladesOnly_w745.egsdat         ncase=1500000000     cpu=459693.00  
741 BladesOnly_w746.egsdat         ncase=1500000000     cpu=443276.00  
742 BladesOnly_w747.egsdat         ncase=1500000000     cpu=443736.00  
743 BladesOnly_w748.egsdat         ncase=1500000000     cpu=445983.00  
744 BladesOnly_w749.egsdat         ncase=1500000000     cpu=445280.00  
745 BladesOnly_w750.egsdat         ncase=1500000000     cpu=438318.00  
746 BladesOnly_w751.egsdat         ncase=1500000000     cpu=437575.00  
747 BladesOnly_w752.egsdat         ncase=1500000000     cpu=451368.00  
748 BladesOnly_w753.egsdat         ncase=1650000000     cpu=476813.00  
749 BladesOnly_w754.egsdat         ncase=1650000000     cpu=477213.00  
750 BladesOnly_w755.egsdat         ncase=1500000000     cpu=441000.00  
751 BladesOnly_w756.egsdat         ncase=1500000000     cpu=437617.00  
752 BladesOnly_w757.egsdat         ncase=1500000000     cpu=440638.00  
753 BladesOnly_w758.egsdat         ncase=1500000000     cpu=438776.00  
754 BladesOnly_w759.egsdat         ncase=1500000000     cpu=440009.00  
755 BladesOnly_w760.egsdat         ncase=1650000000     cpu=467058.00  
756 BladesOnly_w761.egsdat         ncase=1650000000     cpu=472673.00  
757 BladesOnly_w762.egsdat         ncase=1650000000     cpu=476563.00  
758 BladesOnly_w763.egsdat         ncase=1650000000     cpu=467555.00  
759 BladesOnly_w764.egsdat         ncase=1650000000     cpu=467236.00  
760 BladesOnly_w765.egsdat         ncase=1650000000     cpu=466969.00  
761 BladesOnly_w766.egsdat         ncase=1650000000     cpu=475758.00  
762 BladesOnly_w767.egsdat         ncase=1650000000     cpu=472347.00  
763 BladesOnly_w768.egsdat         ncase=1650000000     cpu=463865.00  
764 BladesOnly_w769.egsdat         ncase=1650000000     cpu=473551.00  
765 BladesOnly_w770.egsdat         ncase=1650000000     cpu=460197.00  
766 BladesOnly_w771.egsdat         ncase=1650000000     cpu=469613.00  
767 BladesOnly_w772.egsdat         ncase=1650000000     cpu=472020.00  
768 BladesOnly_w773.egsdat         ncase=1650000000     cpu=465692.00  
769 BladesOnly_w774.egsdat         ncase=1500000000     cpu=434513.00  
770 BladesOnly_w775.egsdat         ncase=1650000000     cpu=470008.00  
771 BladesOnly_w776.egsdat         ncase=1650000000     cpu=475142.00  
772 BladesOnly_w777.egsdat         ncase=1650000000     cpu=470793.00  
773 BladesOnly_w778.egsdat         ncase=1650000000     cpu=474025.00  
774 BladesOnly_w779.egsdat         ncase=1500000000     cpu=434360.00  
775 BladesOnly_w780.egsdat         ncase=1500000000     cpu=442417.00  
776 BladesOnly_w781.egsdat         ncase=1500000000     cpu=433674.00  
777 BladesOnly_w782.egsdat         ncase=1650000000     cpu=469439.00  
778 BladesOnly_w783.egsdat         ncase=1500000000     cpu=437803.00  
779 BladesOnly_w784.egsdat         ncase=1650000000     cpu=474896.00  
780 BladesOnly_w785.egsdat         ncase=1500000000     cpu=443599.00  
781 BladesOnly_w786.egsdat         ncase=1650000000     cpu=475366.00  
782 BladesOnly_w787.egsdat         ncase=1500000000     cpu=434812.00  
783 BladesOnly_w788.egsdat         ncase=1650000000     cpu=472695.00  
784 BladesOnly_w789.egsdat         ncase=1650000000     cpu=469634.00  
785 BladesOnly_w790.egsdat         ncase=1650000000     cpu=466197.00  
786 BladesOnly_w791.egsdat         ncase=1500000000     cpu=436992.00  
787 BladesOnly_w792.egsdat         ncase=1500000000     cpu=438955.00  
788 BladesOnly_w793.egsdat         ncase=1650000000     cpu=470862.00  
789 BladesOnly_w794.egsdat         ncase=1650000000     cpu=475530.00  
790 BladesOnly_w795.egsdat         ncase=1650000000     cpu=467695.00  
791 BladesOnly_w796.egsdat         ncase=1650000000     cpu=468039.00  
792 BladesOnly_w797.egsdat         ncase=1500000000     cpu=453494.00  
793 BladesOnly_w798.egsdat         ncase=1500000000     cpu=458205.00  
794 BladesOnly_w799.egsdat         ncase=1500000000     cpu=443644.00  
795 BladesOnly_w800.egsdat         ncase=1500000000     cpu=444505.00  
796 BladesOnly_w801.egsdat         ncase=1500000000     cpu=443419.00  
797 BladesOnly_w802.egsdat         ncase=1500000000     cpu=449502.00  
798 BladesOnly_w803.egsdat         ncase=1500000000     cpu=477516.00  
799 BladesOnly_w804.egsdat         ncase=1500000000     cpu=444372.00  
800 BladesOnly_w805.egsdat         ncase=1500000000     cpu=449245.00  
801 BladesOnly_w806.egsdat         ncase=1500000000     cpu=442817.00  
802 BladesOnly_w807.egsdat         ncase=1500000000     cpu=438688.00  
803 BladesOnly_w808.egsdat         ncase=1500000000     cpu=439179.00  
804 BladesOnly_w809.egsdat         ncase=1650000000     cpu=472827.00  
805 BladesOnly_w810.egsdat         ncase=1650000000     cpu=471990.00  
806 BladesOnly_w811.egsdat         ncase=1650000000     cpu=472625.00  
807 BladesOnly_w812.egsdat         ncase=1500000000     cpu=439100.00  
808 BladesOnly_w813.egsdat         ncase=1650000000     cpu=470019.00  
809 BladesOnly_w814.egsdat         ncase=1650000000     cpu=466449.00  
810 BladesOnly_w815.egsdat         ncase=1500000000     cpu=446058.00  
811 BladesOnly_w816.egsdat         ncase=1650000000     cpu=475206.00  
812 BladesOnly_w817.egsdat         ncase=1650000000     cpu=464868.00  
813 BladesOnly_w818.egsdat         ncase=1650000000     cpu=472784.00  
814 BladesOnly_w819.egsdat         ncase=1650000000     cpu=469739.00  
815 BladesOnly_w820.egsdat         ncase=1650000000     cpu=473531.00  
816 BladesOnly_w821.egsdat         ncase=1500000000     cpu=436168.00  
817 BladesOnly_w822.egsdat         ncase=1500000000     cpu=436506.00  
818 BladesOnly_w823.egsdat         ncase=1500000000     cpu=433940.00  
819 BladesOnly_w824.egsdat         ncase=1500000000     cpu=438648.00  
820 BladesOnly_w825.egsdat         ncase=1650000000     cpu=471823.00  
821 BladesOnly_w826.egsdat         ncase=1650000000     cpu=471125.00  
822 BladesOnly_w827.egsdat         ncase=1650000000     cpu=467211.00  
823 BladesOnly_w828.egsdat         ncase=1350000000     cpu=446213.00  
824 BladesOnly_w829.egsdat         ncase=1350000000     cpu=449628.00  
825 BladesOnly_w830.egsdat         ncase=1350000000     cpu=435892.00  
826 BladesOnly_w831.egsdat         ncase=1350000000     cpu=434369.00  
827 BladesOnly_w832.egsdat         ncase=1350000000     cpu=438888.00  
828 BladesOnly_w833.egsdat         ncase=1350000000     cpu=462527.00  
829 BladesOnly_w834.egsdat         ncase=1350000000     cpu=439447.00  
830 BladesOnly_w835.egsdat         ncase=1350000000     cpu=434711.00  
831 BladesOnly_w836.egsdat         ncase=1350000000     cpu=439710.00  
832 BladesOnly_w837.egsdat         ncase=1350000000     cpu=448603.00  
833 BladesOnly_w838.egsdat         ncase=1350000000     cpu=438306.00  
834 BladesOnly_w839.egsdat         ncase=1350000000     cpu=452440.00  
835 BladesOnly_w840.egsdat         ncase=1350000000     cpu=436990.00  
836 BladesOnly_w841.egsdat         ncase=1350000000     cpu=442529.00  
837 BladesOnly_w842.egsdat         ncase=1350000000     cpu=449941.00  
838 BladesOnly_w843.egsdat         ncase=1350000000     cpu=435988.00  
839 BladesOnly_w844.egsdat         ncase=1350000000     cpu=437607.00  
840 BladesOnly_w845.egsdat         ncase=1350000000     cpu=436610.00  
841 BladesOnly_w846.egsdat         ncase=1500000000     cpu=481661.00  
842 BladesOnly_w847.egsdat         ncase=1350000000     cpu=437619.00  
843 BladesOnly_w848.egsdat         ncase=1350000000     cpu=441539.00  
844 BladesOnly_w849.egsdat         ncase=1350000000     cpu=436615.00  
845 BladesOnly_w850.egsdat         ncase=1350000000     cpu=435982.00  
846 BladesOnly_w851.egsdat         ncase=1350000000     cpu=445324.00  
847 BladesOnly_w852.egsdat         ncase=1500000000     cpu=483611.00  
848 BladesOnly_w853.egsdat         ncase=1350000000     cpu=437280.00  
849 BladesOnly_w854.egsdat         ncase=1350000000     cpu=436142.00  
850 BladesOnly_w855.egsdat         ncase=1500000000     cpu=481147.00  
851 BladesOnly_w856.egsdat         ncase=1350000000     cpu=434823.00  
852 BladesOnly_w857.egsdat         ncase=1500000000     cpu=480634.00  
853 BladesOnly_w858.egsdat         ncase=1350000000     cpu=439833.00  
854 BladesOnly_w859.egsdat         ncase=1500000000     cpu=479740.00  
855 BladesOnly_w860.egsdat         ncase=1350000000     cpu=434597.00  
856 BladesOnly_w861.egsdat         ncase=1500000000     cpu=479710.00  
857 BladesOnly_w862.egsdat         ncase=1350000000     cpu=442829.00  
858 BladesOnly_w863.egsdat         ncase=1350000000     cpu=441525.00  
859 BladesOnly_w864.egsdat         ncase=1350000000     cpu=440090.00  
860 BladesOnly_w865.egsdat         ncase=1350000000     cpu=443692.00  
861 BladesOnly_w866.egsdat         ncase=1350000000     cpu=447322.00  
862 BladesOnly_w867.egsdat         ncase=1350000000     cpu=446295.00  
863 BladesOnly_w868.egsdat         ncase=1350000000     cpu=446345.00  
864 BladesOnly_w869.egsdat         ncase=1350000000     cpu=437307.00  
865 BladesOnly_w870.egsdat         ncase=1350000000     cpu=442535.00  
866 BladesOnly_w871.egsdat         ncase=1350000000     cpu=443026.00  
867 BladesOnly_w872.egsdat         ncase=1350000000     cpu=451664.00  
868 BladesOnly_w873.egsdat         ncase=1350000000     cpu=438380.00  
869 BladesOnly_w874.egsdat         ncase=1350000000     cpu=452825.00  
870 BladesOnly_w875.egsdat         ncase=1350000000     cpu=434982.00  
871 BladesOnly_w876.egsdat         ncase=1350000000     cpu=444007.00  
872 BladesOnly_w877.egsdat         ncase=1350000000     cpu=444532.00  
873 BladesOnly_w878.egsdat         ncase=1350000000     cpu=439558.00  
874 BladesOnly_w879.egsdat         ncase=1350000000     cpu=441963.00  
875 BladesOnly_w880.egsdat         ncase=1500000000     cpu=481596.00  
876 BladesOnly_w881.egsdat         ncase=1350000000     cpu=441788.00  
877 BladesOnly_w882.egsdat         ncase=1350000000     cpu=438599.00  
878 BladesOnly_w883.egsdat         ncase=1350000000     cpu=435394.00  
879 BladesOnly_w884.egsdat         ncase=1350000000     cpu=443637.00  
880 BladesOnly_w885.egsdat         ncase=1500000000     cpu=482829.00  
881 BladesOnly_w886.egsdat         ncase=1350000000     cpu=486426.00  
882 BladesOnly_w887.egsdat         ncase=1350000000     cpu=438009.00  
883 BladesOnly_w888.egsdat         ncase=1350000000     cpu=464313.00  
884 BladesOnly_w889.egsdat         ncase=1350000000     cpu=452457.00  
885 BladesOnly_w890.egsdat         ncase=1500000000     cpu=485076.00  
886 BladesOnly_w891.egsdat         ncase=1350000000     cpu=444148.00  
887 BladesOnly_w892.egsdat         ncase=1350000000     cpu=442350.00  
888 BladesOnly_w893.egsdat         ncase=1350000000     cpu=435480.00  
889 BladesOnly_w894.egsdat         ncase=1500000000     cpu=485234.00  
890 BladesOnly_w895.egsdat         ncase=1500000000     cpu=482724.00  
891 BladesOnly_w896.egsdat         ncase=1350000000     cpu=437848.00  
892 BladesOnly_w897.egsdat         ncase=1350000000     cpu=437075.00  
893 BladesOnly_w898.egsdat         ncase=1350000000     cpu=435960.00  
894 BladesOnly_w899.egsdat         ncase=1350000000     cpu=436911.00  
895 BladesOnly_w900.egsdat         ncase=1350000000     cpu=448138.00  
896 BladesOnly_w901.egsdat         ncase=1350000000     cpu=439140.00  
897 BladesOnly_w902.egsdat         ncase=1350000000     cpu=439473.00  
898 BladesOnly_w903.egsdat         ncase=1500000000     cpu=479884.00  
899 BladesOnly_w904.egsdat         ncase=1350000000     cpu=448470.00  
900 BladesOnly_w905.egsdat         ncase=1350000000     cpu=442467.00  
901 BladesOnly_w906.egsdat         ncase=1350000000     cpu=435050.00  
902 BladesOnly_w907.egsdat         ncase=1350000000     cpu=447190.00  
903 BladesOnly_w908.egsdat         ncase=1500000000     cpu=480845.00  
904 BladesOnly_w909.egsdat         ncase=1350000000     cpu=437733.00  
905 BladesOnly_w910.egsdat         ncase=1350000000     cpu=440229.00  
906 BladesOnly_w911.egsdat         ncase=1350000000     cpu=434889.00  
907 BladesOnly_w912.egsdat         ncase=1350000000     cpu=437324.00  
908 BladesOnly_w913.egsdat         ncase=1350000000     cpu=454331.00  
909 BladesOnly_w914.egsdat         ncase=1350000000     cpu=454800.00  
910 BladesOnly_w915.egsdat         ncase=1350000000     cpu=463872.00  
911 BladesOnly_w916.egsdat         ncase=1350000000     cpu=459145.00  
912 BladesOnly_w917.egsdat         ncase=1350000000     cpu=454395.00  
913 BladesOnly_w918.egsdat         ncase=1350000000     cpu=451414.00  
914 BladesOnly_w919.egsdat         ncase=1350000000     cpu=459998.00  
915 BladesOnly_w920.egsdat         ncase=1350000000     cpu=455171.00  
916 BladesOnly_w921.egsdat         ncase=1350000000     cpu=439085.00  
917 BladesOnly_w922.egsdat         ncase=1350000000     cpu=437650.00  
918 BladesOnly_w923.egsdat         ncase=1200000000     cpu=437024.00  
919 BladesOnly_w924.egsdat         ncase=1500000000     cpu=483788.00  
920 BladesOnly_w925.egsdat         ncase=1350000000     cpu=438585.00  
921 BladesOnly_w926.egsdat         ncase=1350000000     cpu=446733.00  
922 BladesOnly_w927.egsdat         ncase=1350000000     cpu=437555.00  
923 BladesOnly_w928.egsdat         ncase=1500000000     cpu=483868.00  
924 BladesOnly_w929.egsdat         ncase=1350000000     cpu=441753.00  
925 BladesOnly_w930.egsdat         ncase=1350000000     cpu=438468.00  
926 BladesOnly_w931.egsdat         ncase=1350000000     cpu=436838.00  
927 BladesOnly_w932.egsdat         ncase=1500000000     cpu=482652.00  
928 BladesOnly_w933.egsdat         ncase=1350000000     cpu=447048.00  
929 BladesOnly_w934.egsdat         ncase=1350000000     cpu=437686.00  
930 BladesOnly_w935.egsdat         ncase=1350000000     cpu=437731.00  
931 BladesOnly_w936.egsdat         ncase=1350000000     cpu=437244.00  
932 BladesOnly_w937.egsdat         ncase=1350000000     cpu=445874.00  
933 BladesOnly_w938.egsdat         ncase=1350000000     cpu=438390.00  
934 BladesOnly_w939.egsdat         ncase=1350000000     cpu=435546.00  
935 BladesOnly_w940.egsdat         ncase=1350000000     cpu=434637.00  
936 BladesOnly_w941.egsdat         ncase=1350000000     cpu=447946.00  
937 BladesOnly_w942.egsdat         ncase=1350000000     cpu=442901.00  
938 BladesOnly_w943.egsdat         ncase=1500000000     cpu=484379.00  
939 BladesOnly_w944.egsdat         ncase=1500000000     cpu=481578.00  
940 BladesOnly_w945.egsdat         ncase=1350000000     cpu=439403.00  
941 BladesOnly_w946.egsdat         ncase=1350000000     cpu=438955.00  
942 BladesOnly_w947.egsdat         ncase=1500000000     cpu=479177.00  
943 BladesOnly_w948.egsdat         ncase=1350000000     cpu=436881.00  
944 BladesOnly_w949.egsdat         ncase=1500000000     cpu=482420.00  
945 BladesOnly_w950.egsdat         ncase=1350000000     cpu=434678.00  
946 BladesOnly_w951.egsdat         ncase=1350000000     cpu=438017.00  
947 BladesOnly_w952.egsdat         ncase=1350000000     cpu=441298.00  
948 BladesOnly_w953.egsdat         ncase=1350000000     cpu=442441.00  
949 BladesOnly_w954.egsdat         ncase=1350000000     cpu=441001.00  
950 BladesOnly_w955.egsdat         ncase=1500000000     cpu=482327.00  
951 BladesOnly_w956.egsdat         ncase=1500000000     cpu=482215.00  
952 BladesOnly_w957.egsdat         ncase=1500000000     cpu=484014.00  
953 BladesOnly_w958.egsdat         ncase=1350000000     cpu=439879.00  
954 BladesOnly_w959.egsdat         ncase=1350000000     cpu=437482.00  
955 BladesOnly_w960.egsdat         ncase=1200000000     cpu=437723.00  
956 BladesOnly_w961.egsdat         ncase=1500000000     cpu=484103.00  
957 BladesOnly_w962.egsdat         ncase=1350000000     cpu=446303.00  
958 BladesOnly_w963.egsdat         ncase=1350000000     cpu=434914.00  
959 BladesOnly_w964.egsdat         ncase=1350000000     cpu=435112.00  
960 BladesOnly_w965.egsdat         ncase=1500000000     cpu=483399.00  
961 BladesOnly_w966.egsdat         ncase=1500000000     cpu=484044.00  
962 BladesOnly_w967.egsdat         ncase=1350000000     cpu=439287.00  
963 BladesOnly_w968.egsdat         ncase=1350000000     cpu=443863.00  
964 BladesOnly_w969.egsdat         ncase=1350000000     cpu=444902.00  
965 BladesOnly_w970.egsdat         ncase=1350000000     cpu=439232.00  
966 BladesOnly_w971.egsdat         ncase=1350000000     cpu=441152.00  
967 BladesOnly_w972.egsdat         ncase=1350000000     cpu=437728.00  
968 BladesOnly_w973.egsdat         ncase=1350000000     cpu=449808.00  
969 BladesOnly_w974.egsdat         ncase=1350000000     cpu=439893.00  
970 BladesOnly_w975.egsdat         ncase=1350000000     cpu=436365.00  
971 BladesOnly_w976.egsdat         ncase=1350000000     cpu=438531.00  
972 BladesOnly_w977.egsdat         ncase=1350000000     cpu=443283.00  
973 BladesOnly_w978.egsdat         ncase=1350000000     cpu=447126.00  
974 BladesOnly_w979.egsdat         ncase=1350000000     cpu=449932.00  
975 BladesOnly_w980.egsdat         ncase=1350000000     cpu=450973.00  
976 BladesOnly_w981.egsdat         ncase=1350000000     cpu=452395.00  
977 BladesOnly_w982.egsdat         ncase=1350000000     cpu=448979.00  
978 BladesOnly_w983.egsdat         ncase=1350000000     cpu=437609.00  
979 BladesOnly_w984.egsdat         ncase=1350000000     cpu=444931.00  
980 BladesOnly_w985.egsdat         ncase=1350000000     cpu=441507.00  
981 BladesOnly_w986.egsdat         ncase=1350000000     cpu=443077.00  
982 BladesOnly_w987.egsdat         ncase=1350000000     cpu=436195.00  
983 BladesOnly_w988.egsdat         ncase=1350000000     cpu=437490.00  
984 BladesOnly_w989.egsdat         ncase=1350000000     cpu=445760.00  
985 BladesOnly_w990.egsdat         ncase=1350000000     cpu=436357.00  
986 BladesOnly_w991.egsdat         ncase=1350000000     cpu=453205.00  
987 BladesOnly_w992.egsdat         ncase=1350000000     cpu=442331.00  
988 BladesOnly_w993.egsdat         ncase=1350000000     cpu=446739.00  
989 BladesOnly_w994.egsdat         ncase=1350000000     cpu=459192.00  
990 BladesOnly_w995.egsdat         ncase=1350000000     cpu=455259.00  
991 BladesOnly_w996.egsdat         ncase=1350000000     cpu=452825.00  
992 BladesOnly_w997.egsdat         ncase=1350000000     cpu=448798.00  
993 BladesOnly_w998.egsdat         ncase=1350000000     cpu=447565.00  
994 BladesOnly_w999.egsdat         ncase=1350000000     cpu=453906.00  
995 BladesOnly_w1000.egsdat        ncase=1350000000     cpu=447367.00  
=======================================================================
                            Total ncase=1495500000000  cpu=453053174.00



Finished simulation

Total cpu time for this run:            2.17 (sec.) 0.0006(hours)
CPU time including previous runs:       453053176.17 (sec.) 125848.1045 (hours)
Histories per hour:                     1.18834e+07   
Number of random numbers used:          4743308657099482
Number of electron CH steps:            6.38639e+13   
Number of all electron steps:           9.50657e+14   


 last case = 851380992 Etot = 1.4955e+11


======================================================
 Energy fractions
======================================================
The first and last items in the following list of energy fractions are the reflected and transmitted energy, respectively. These two values are only meaningful if the source is directed in the positive z-direction. The remaining values are the deposited energy fractions in the regions of the geometry, but notice that the identifying index is the region number offset by 1 (ir+1).

ir+1 | Reflected, deposited, or transmitted energy fraction for 1495500000000 particles:

  0  1.555064e-01 +/- 2.626273e-07  
  1  1.062949e-11 +/- 1.231018e-12  
  2  1.346739e-11 +/- 1.436295e-12  
  3  1.533133e-11 +/- 1.522809e-12  
  4  2.306787e-11 +/- 1.801561e-12  
  5  6.515042e-11 +/- 2.811065e-12  
  6  3.916423e-10 +/- 6.127687e-12  
  7  7.974018e-10 +/- 8.507817e-12  
  8  9.076281e-10 +/- 9.119959e-12  
  9  9.299779e-10 +/- 9.262357e-12  
  10  9.246321e-10 +/- 9.225602e-12  
  11  9.302205e-10 +/- 9.280712e-12  
  12  9.320288e-10 +/- 9.242054e-12  
  13  9.487620e-10 +/- 9.408605e-12  
  14  9.496364e-10 +/- 9.325579e-12  
  15  9.625844e-10 +/- 9.497981e-12  
  16  9.557252e-10 +/- 9.512770e-12  
  17  9.535317e-10 +/- 9.512698e-12  
  18  9.588036e-10 +/- 9.417788e-12  
  19  9.629848e-10 +/- 9.470836e-12  
  20  9.596707e-10 +/- 9.433895e-12  
  21  9.788700e-10 +/- 9.553867e-12  
  22  9.614163e-10 +/- 9.381184e-12  
  23  9.632299e-10 +/- 9.462438e-12  
  24  9.659181e-10 +/- 9.510503e-12  
  25  9.704150e-10 +/- 9.558231e-12  
  26  9.416282e-10 +/- 9.395400e-12  
  27  9.578510e-10 +/- 9.505272e-12  
  28  9.476767e-10 +/- 9.415378e-12  
  29  9.470831e-10 +/- 9.438317e-12  
  30  9.408658e-10 +/- 9.243487e-12  
  31  9.418592e-10 +/- 9.344452e-12  
  32  9.166429e-10 +/- 9.201453e-12  
  33  9.173822e-10 +/- 9.176571e-12  
  34  8.131467e-10 +/- 8.677212e-12  
  35  4.051183e-10 +/- 6.224798e-12  
  36  7.132527e-11 +/- 2.968426e-12  
  37  2.356631e-11 +/- 1.846342e-12  
  38  1.821854e-11 +/- 1.649267e-12  
  39  1.448982e-11 +/- 1.484266e-12  
  40  1.363360e-11 +/- 1.364426e-12  
  41  0.000000e+00 +/- 0.000000e+00  
  42  0.000000e+00 +/- 0.000000e+00  
  43  0.000000e+00 +/- 0.000000e+00  
  44  0.000000e+00 +/- 0.000000e+00  
  45  0.000000e+00 +/- 0.000000e+00  
  46  0.000000e+00 +/- 0.000000e+00  
  47  0.000000e+00 +/- 0.000000e+00  
  48  0.000000e+00 +/- 0.000000e+00  
  49  0.000000e+00 +/- 0.000000e+00  
  50  0.000000e+00 +/- 0.000000e+00  
  51  0.000000e+00 +/- 0.000000e+00  
  52  0.000000e+00 +/- 0.000000e+00  
  53  0.000000e+00 +/- 0.000000e+00  
  54  0.000000e+00 +/- 0.000000e+00  
  55  0.000000e+00 +/- 0.000000e+00  
  56  0.000000e+00 +/- 0.000000e+00  
  57  0.000000e+00 +/- 0.000000e+00  
  58  0.000000e+00 +/- 0.000000e+00  
  59  0.000000e+00 +/- 0.000000e+00  
  60  0.000000e+00 +/- 0.000000e+00  
  61  0.000000e+00 +/- 0.000000e+00  
  62  0.000000e+00 +/- 0.000000e+00  
  63  0.000000e+00 +/- 0.000000e+00  
  64  0.000000e+00 +/- 0.000000e+00  
  65  0.000000e+00 +/- 0.000000e+00  
  66  0.000000e+00 +/- 0.000000e+00  
  67  0.000000e+00 +/- 0.000000e+00  
  68  0.000000e+00 +/- 0.000000e+00  
  69  0.000000e+00 +/- 0.000000e+00  
  70  0.000000e+00 +/- 0.000000e+00  
  71  0.000000e+00 +/- 0.000000e+00  
  72  0.000000e+00 +/- 0.000000e+00  
  73  0.000000e+00 +/- 0.000000e+00  
  74  0.000000e+00 +/- 0.000000e+00  
  75  0.000000e+00 +/- 0.000000e+00  
  76  0.000000e+00 +/- 0.000000e+00  
  77  0.000000e+00 +/- 0.000000e+00  
  78  0.000000e+00 +/- 0.000000e+00  
  79  0.000000e+00 +/- 0.000000e+00  
  80  0.000000e+00 +/- 0.000000e+00  
  81  0.000000e+00 +/- 0.000000e+00  
  82  0.000000e+00 +/- 0.000000e+00  
  83  0.000000e+00 +/- 0.000000e+00  
  84  0.000000e+00 +/- 0.000000e+00  
  85  0.000000e+00 +/- 0.000000e+00  
  86  0.000000e+00 +/- 0.000000e+00  
  87  0.000000e+00 +/- 0.000000e+00  
  88  0.000000e+00 +/- 0.000000e+00  
  89  0.000000e+00 +/- 0.000000e+00  
  90  0.000000e+00 +/- 0.000000e+00  
  91  0.000000e+00 +/- 0.000000e+00  
  92  0.000000e+00 +/- 0.000000e+00  
  93  0.000000e+00 +/- 0.000000e+00  
  94  0.000000e+00 +/- 0.000000e+00  
  95  0.000000e+00 +/- 0.000000e+00  
  96  0.000000e+00 +/- 0.000000e+00  
  97  0.000000e+00 +/- 0.000000e+00  
  98  0.000000e+00 +/- 0.000000e+00  
  99  0.000000e+00 +/- 0.000000e+00  
  100  0.000000e+00 +/- 0.000000e+00  
  101  0.000000e+00 +/- 0.000000e+00  
  102  0.000000e+00 +/- 0.000000e+00  
  103  0.000000e+00 +/- 0.000000e+00  
  104  0.000000e+00 +/- 0.000000e+00  
  105  0.000000e+00 +/- 0.000000e+00  
  106  0.000000e+00 +/- 0.000000e+00  
  107  0.000000e+00 +/- 0.000000e+00  
  108  0.000000e+00 +/- 0.000000e+00  
  109  0.000000e+00 +/- 0.000000e+00  
  110  0.000000e+00 +/- 0.000000e+00  
  111  0.000000e+00 +/- 0.000000e+00  
  112  0.000000e+00 +/- 0.000000e+00  
  113  0.000000e+00 +/- 0.000000e+00  
  114  0.000000e+00 +/- 0.000000e+00  
  115  0.000000e+00 +/- 0.000000e+00  
  116  0.000000e+00 +/- 0.000000e+00  
  117  0.000000e+00 +/- 0.000000e+00  
  118  0.000000e+00 +/- 0.000000e+00  
  119  0.000000e+00 +/- 0.000000e+00  
  120  0.000000e+00 +/- 0.000000e+00  
  121  0.000000e+00 +/- 0.000000e+00  
  122  0.000000e+00 +/- 0.000000e+00  
  123  0.000000e+00 +/- 0.000000e+00  
  124  0.000000e+00 +/- 0.000000e+00  
  125  0.000000e+00 +/- 0.000000e+00  
  126  0.000000e+00 +/- 0.000000e+00  
  127  0.000000e+00 +/- 0.000000e+00  
  128  0.000000e+00 +/- 0.000000e+00  
  129  0.000000e+00 +/- 0.000000e+00  
  130  0.000000e+00 +/- 0.000000e+00  
  131  0.000000e+00 +/- 0.000000e+00  
  132  0.000000e+00 +/- 0.000000e+00  
  133  0.000000e+00 +/- 0.000000e+00  
  134  0.000000e+00 +/- 0.000000e+00  
  135  0.000000e+00 +/- 0.000000e+00  
  136  0.000000e+00 +/- 0.000000e+00  
  137  0.000000e+00 +/- 0.000000e+00  
  138  0.000000e+00 +/- 0.000000e+00  
  139  0.000000e+00 +/- 0.000000e+00  
  140  0.000000e+00 +/- 0.000000e+00  
  141  0.000000e+00 +/- 0.000000e+00  
  142  0.000000e+00 +/- 0.000000e+00  
  143  0.000000e+00 +/- 0.000000e+00  
  144  0.000000e+00 +/- 0.000000e+00  
  145  0.000000e+00 +/- 0.000000e+00  
  146  0.000000e+00 +/- 0.000000e+00  
  147  0.000000e+00 +/- 0.000000e+00  
  148  0.000000e+00 +/- 0.000000e+00  
  149  0.000000e+00 +/- 0.000000e+00  
  150  0.000000e+00 +/- 0.000000e+00  
  151  0.000000e+00 +/- 0.000000e+00  
  152  0.000000e+00 +/- 0.000000e+00  
  153  0.000000e+00 +/- 0.000000e+00  
  154  0.000000e+00 +/- 0.000000e+00  
  155  0.000000e+00 +/- 0.000000e+00  
  156  0.000000e+00 +/- 0.000000e+00  
  157  0.000000e+00 +/- 0.000000e+00  
  158  0.000000e+00 +/- 0.000000e+00  
  159  0.000000e+00 +/- 0.000000e+00  
  160  0.000000e+00 +/- 0.000000e+00  
  161  0.000000e+00 +/- 0.000000e+00  
  162  0.000000e+00 +/- 0.000000e+00  
  163  0.000000e+00 +/- 0.000000e+00  
  164  0.000000e+00 +/- 0.000000e+00  
  165  0.000000e+00 +/- 0.000000e+00  
  166  0.000000e+00 +/- 0.000000e+00  
  167  0.000000e+00 +/- 0.000000e+00  
  168  0.000000e+00 +/- 0.000000e+00  
  169  0.000000e+00 +/- 0.000000e+00  
  170  0.000000e+00 +/- 0.000000e+00  
  171  0.000000e+00 +/- 0.000000e+00  
  172  0.000000e+00 +/- 0.000000e+00  
  173  0.000000e+00 +/- 0.000000e+00  
  174  0.000000e+00 +/- 0.000000e+00  
  175  0.000000e+00 +/- 0.000000e+00  
  176  0.000000e+00 +/- 0.000000e+00  
  177  0.000000e+00 +/- 0.000000e+00  
  178  0.000000e+00 +/- 0.000000e+00  
  179  0.000000e+00 +/- 0.000000e+00  
  180  0.000000e+00 +/- 0.000000e+00  
  181  0.000000e+00 +/- 0.000000e+00  
  182  0.000000e+00 +/- 0.000000e+00  
  183  0.000000e+00 +/- 0.000000e+00  
  184  0.000000e+00 +/- 0.000000e+00  
  185  0.000000e+00 +/- 0.000000e+00  
  186  0.000000e+00 +/- 0.000000e+00  
  187  0.000000e+00 +/- 0.000000e+00  
  188  0.000000e+00 +/- 0.000000e+00  
  189  0.000000e+00 +/- 0.000000e+00  
  190  0.000000e+00 +/- 0.000000e+00  
  191  0.000000e+00 +/- 0.000000e+00  
  192  0.000000e+00 +/- 0.000000e+00  
  193  0.000000e+00 +/- 0.000000e+00  
  194  0.000000e+00 +/- 0.000000e+00  
  195  0.000000e+00 +/- 0.000000e+00  
  196  0.000000e+00 +/- 0.000000e+00  
  197  0.000000e+00 +/- 0.000000e+00  
  198  0.000000e+00 +/- 0.000000e+00  
  199  0.000000e+00 +/- 0.000000e+00  
  200  0.000000e+00 +/- 0.000000e+00  
  201  0.000000e+00 +/- 0.000000e+00  
  202  0.000000e+00 +/- 0.000000e+00  
  203  0.000000e+00 +/- 0.000000e+00  
  204  0.000000e+00 +/- 0.000000e+00  
  205  0.000000e+00 +/- 0.000000e+00  
  206  0.000000e+00 +/- 0.000000e+00  
  207  0.000000e+00 +/- 0.000000e+00  
  208  0.000000e+00 +/- 0.000000e+00  
  209  0.000000e+00 +/- 0.000000e+00  
  210  0.000000e+00 +/- 0.000000e+00  
  211  0.000000e+00 +/- 0.000000e+00  
  212  0.000000e+00 +/- 0.000000e+00  
  213  0.000000e+00 +/- 0.000000e+00  
  214  0.000000e+00 +/- 0.000000e+00  
  215  0.000000e+00 +/- 0.000000e+00  
  216  0.000000e+00 +/- 0.000000e+00  
  217  0.000000e+00 +/- 0.000000e+00  
  218  0.000000e+00 +/- 0.000000e+00  
  219  0.000000e+00 +/- 0.000000e+00  
  220  0.000000e+00 +/- 0.000000e+00  
  221  0.000000e+00 +/- 0.000000e+00  
  222  0.000000e+00 +/- 0.000000e+00  
  223  0.000000e+00 +/- 0.000000e+00  
  224  0.000000e+00 +/- 0.000000e+00  
  225  0.000000e+00 +/- 0.000000e+00  
  226  0.000000e+00 +/- 0.000000e+00  
  227  0.000000e+00 +/- 0.000000e+00  
  228  0.000000e+00 +/- 0.000000e+00  
  229  0.000000e+00 +/- 0.000000e+00  
  230  0.000000e+00 +/- 0.000000e+00  
  231  0.000000e+00 +/- 0.000000e+00  
  232  0.000000e+00 +/- 0.000000e+00  
  233  0.000000e+00 +/- 0.000000e+00  
  234  0.000000e+00 +/- 0.000000e+00  
  235  0.000000e+00 +/- 0.000000e+00  
  236  0.000000e+00 +/- 0.000000e+00  
  237  0.000000e+00 +/- 0.000000e+00  
  238  0.000000e+00 +/- 0.000000e+00  
  239  0.000000e+00 +/- 0.000000e+00  
  240  0.000000e+00 +/- 0.000000e+00  
  241  0.000000e+00 +/- 0.000000e+00  
  242  0.000000e+00 +/- 0.000000e+00  
  243  0.000000e+00 +/- 0.000000e+00  
  244  1.188533e-08 +/- 5.930727e-11  
  245  1.588914e-09 +/- 1.930389e-11  
  246  1.182929e-08 +/- 5.918934e-11  
  247  6.361294e-09 +/- 4.233042e-11  
  248  2.043509e-11 +/- 2.430454e-12  
  249  6.374885e-09 +/- 4.225480e-11  
  250  9.353526e-08 +/- 1.697418e-10  
  251  6.388497e-07 +/- 4.433409e-10  
  252  9.348470e-08 +/- 1.695539e-10  
  253  1.953412e-07 +/- 2.432237e-10  
  254  3.385657e-08 +/- 8.768197e-11  
  255  1.958398e-07 +/- 2.435705e-10  
  256  1.097220e-07 +/- 1.769182e-10  
  257  3.604208e-07 +/- 3.956406e-10  
  258  1.099597e-07 +/- 1.772249e-10  
  259  1.263982e-06 +/- 6.319618e-10  
  260  6.001421e-01 +/- 3.387567e-07  
  261  1.264081e-06 +/- 6.321840e-10  
  262  8.952646e-07 +/- 5.489693e-10  
  263  5.688318e-06 +/- 1.385901e-09  
  264  8.945626e-07 +/- 5.485904e-10  
  265  5.881626e-07 +/- 4.277034e-10  
  266  3.731839e-06 +/- 1.078577e-09  
  267  5.888572e-07 +/- 4.279612e-10  
  268  5.048119e-07 +/- 4.027180e-10  
  269  3.369457e-06 +/- 1.040543e-09  
  270  5.031351e-07 +/- 4.019237e-10  
  271  1.483513e-07 +/- 3.147207e-11  
  272  0.000000e+00 +/- 0.000000e+00  
  273  0.000000e+00 +/- 0.000000e+00  
  274  0.000000e+00 +/- 0.000000e+00  
  275  0.000000e+00 +/- 0.000000e+00  
  276  0.000000e+00 +/- 0.000000e+00  
  277  0.000000e+00 +/- 0.000000e+00  
  278  0.000000e+00 +/- 0.000000e+00  
  279  0.000000e+00 +/- 0.000000e+00  
  280  0.000000e+00 +/- 0.000000e+00  
  281  0.000000e+00 +/- 0.000000e+00  
  282  0.000000e+00 +/- 0.000000e+00  
  283  0.000000e+00 +/- 0.000000e+00  
  284  0.000000e+00 +/- 0.000000e+00  
  285  0.000000e+00 +/- 0.000000e+00  
  286  0.000000e+00 +/- 0.000000e+00  
  287  0.000000e+00 +/- 0.000000e+00  
  288  0.000000e+00 +/- 0.000000e+00  
  289  0.000000e+00 +/- 0.000000e+00  
  290  0.000000e+00 +/- 0.000000e+00  
  291  0.000000e+00 +/- 0.000000e+00  
  292  0.000000e+00 +/- 0.000000e+00  
  293  0.000000e+00 +/- 0.000000e+00  
  294  0.000000e+00 +/- 0.000000e+00  
  295  0.000000e+00 +/- 0.000000e+00  
  296  0.000000e+00 +/- 0.000000e+00  
  297  0.000000e+00 +/- 0.000000e+00  
  298  5.042191e-04 +/- 1.231277e-08  
  299  1.576566e-04 +/- 3.508939e-09  
  300  2.084567e-03 +/- 2.562620e-08  
  301  6.305093e-05 +/- 4.088338e-09  
  302  8.858060e-05 +/- 2.283493e-09  
  303  4.463455e-05 +/- 3.401564e-09  
  304  0.000000e+00 +/- 0.000000e+00  
  305  0.000000e+00 +/- 0.000000e+00  
  306  0.000000e+00 +/- 0.000000e+00  
  307  5.604715e-05 +/- 3.955202e-09  
  308  2.972584e-05 +/- 1.592192e-09  
  309  5.604321e-05 +/- 3.955007e-09  
  310  4.205648e-06 +/- 9.918828e-10  
  311  1.682907e-05 +/- 1.046140e-09  
  312  4.204308e-06 +/- 9.917757e-10  
  313  0.000000e+00 +/- 0.000000e+00  
  314  0.000000e+00 +/- 0.000000e+00  
  315  0.000000e+00 +/- 0.000000e+00  
  316  1.303065e-07 +/- 1.554106e-10  
  317  3.320139e-06 +/- 8.405099e-10  
  318  1.307586e-07 +/- 1.558557e-10  
  319  1.316443e-04 +/- 6.196205e-09  
  320  9.744546e-05 +/- 3.233544e-09  
  321  1.316499e-04 +/- 6.196488e-09  
  322  8.052423e-08 +/- 1.224617e-10  
  323  2.013228e-06 +/- 6.525457e-10  
  324  8.026075e-08 +/- 1.222318e-10  
  325  2.775235e-02 +/- 9.922545e-08  
  326  0.000000e+00 +/- 0.000000e+00  
  327  0.000000e+00 +/- 0.000000e+00  
  328  0.000000e+00 +/- 0.000000e+00  
  329  0.000000e+00 +/- 0.000000e+00  
  330  0.000000e+00 +/- 0.000000e+00  
  331  0.000000e+00 +/- 0.000000e+00  
  332  0.000000e+00 +/- 0.000000e+00  
  333  0.000000e+00 +/- 0.000000e+00  
  334  0.000000e+00 +/- 0.000000e+00  
  335  0.000000e+00 +/- 0.000000e+00  
  336  0.000000e+00 +/- 0.000000e+00  
  337  0.000000e+00 +/- 0.000000e+00  
  338  0.000000e+00 +/- 0.000000e+00  
  339  0.000000e+00 +/- 0.000000e+00  
  340  0.000000e+00 +/- 0.000000e+00  
  341  0.000000e+00 +/- 0.000000e+00  
  342  0.000000e+00 +/- 0.000000e+00  
  343  0.000000e+00 +/- 0.000000e+00  
  344  0.000000e+00 +/- 0.000000e+00  
  345  0.000000e+00 +/- 0.000000e+00  
  346  0.000000e+00 +/- 0.000000e+00  
  347  0.000000e+00 +/- 0.000000e+00  
  348  0.000000e+00 +/- 0.000000e+00  
  349  0.000000e+00 +/- 0.000000e+00  
  350  0.000000e+00 +/- 0.000000e+00  
  351  0.000000e+00 +/- 0.000000e+00  
  352  0.000000e+00 +/- 0.000000e+00  
  353  0.000000e+00 +/- 0.000000e+00  
  354  0.000000e+00 +/- 0.000000e+00  
  355  0.000000e+00 +/- 0.000000e+00  
  356  0.000000e+00 +/- 0.000000e+00  
  357  0.000000e+00 +/- 0.000000e+00  
  358  0.000000e+00 +/- 0.000000e+00  
  359  0.000000e+00 +/- 0.000000e+00  
  360  0.000000e+00 +/- 0.000000e+00  
  361  0.000000e+00 +/- 0.000000e+00  
  362  0.000000e+00 +/- 0.000000e+00  
  363  0.000000e+00 +/- 0.000000e+00  
  364  0.000000e+00 +/- 0.000000e+00  
  365  0.000000e+00 +/- 0.000000e+00  
  366  0.000000e+00 +/- 0.000000e+00  
  367  0.000000e+00 +/- 0.000000e+00  
  368  0.000000e+00 +/- 0.000000e+00  
  369  0.000000e+00 +/- 0.000000e+00  
  370  0.000000e+00 +/- 0.000000e+00  
  371  0.000000e+00 +/- 0.000000e+00  
  372  0.000000e+00 +/- 0.000000e+00  
  373  0.000000e+00 +/- 0.000000e+00  
  374  0.000000e+00 +/- 0.000000e+00  
  375  0.000000e+00 +/- 0.000000e+00  
  376  0.000000e+00 +/- 0.000000e+00  
  377  0.000000e+00 +/- 0.000000e+00  
  378  0.000000e+00 +/- 0.000000e+00  
  379  0.000000e+00 +/- 0.000000e+00  
  380  0.000000e+00 +/- 0.000000e+00  
  381  0.000000e+00 +/- 0.000000e+00  
  382  0.000000e+00 +/- 0.000000e+00  
  383  0.000000e+00 +/- 0.000000e+00  
  384  0.000000e+00 +/- 0.000000e+00  
  385  0.000000e+00 +/- 0.000000e+00  
  386  0.000000e+00 +/- 0.000000e+00  
  387  0.000000e+00 +/- 0.000000e+00  
  388  0.000000e+00 +/- 0.000000e+00  
  389  0.000000e+00 +/- 0.000000e+00  
  390  0.000000e+00 +/- 0.000000e+00  
  391  0.000000e+00 +/- 0.000000e+00  
  392  0.000000e+00 +/- 0.000000e+00  
  393  0.000000e+00 +/- 0.000000e+00  
  394  0.000000e+00 +/- 0.000000e+00  
  395  0.000000e+00 +/- 0.000000e+00  
  396  0.000000e+00 +/- 0.000000e+00  
  397  0.000000e+00 +/- 0.000000e+00  
  398  0.000000e+00 +/- 0.000000e+00  
  399  0.000000e+00 +/- 0.000000e+00  
  400  0.000000e+00 +/- 0.000000e+00  
  401  0.000000e+00 +/- 0.000000e+00  
  402  0.000000e+00 +/- 0.000000e+00  
  403  0.000000e+00 +/- 0.000000e+00  
  404  0.000000e+00 +/- 0.000000e+00  
  405  0.000000e+00 +/- 0.000000e+00  
  406  9.762816e-04 +/- 1.087654e-08  
  407  0.000000e+00 +/- 0.000000e+00  
  408  0.000000e+00 +/- 0.000000e+00  
  409  0.000000e+00 +/- 0.000000e+00  
  410  0.000000e+00 +/- 0.000000e+00  
  411  0.000000e+00 +/- 0.000000e+00  
  412  0.000000e+00 +/- 0.000000e+00  
  413  0.000000e+00 +/- 0.000000e+00  
  414  0.000000e+00 +/- 0.000000e+00  
  415  0.000000e+00 +/- 0.000000e+00  
  416  0.000000e+00 +/- 0.000000e+00  
  417  0.000000e+00 +/- 0.000000e+00  
  418  0.000000e+00 +/- 0.000000e+00  
  419  0.000000e+00 +/- 0.000000e+00  
  420  0.000000e+00 +/- 0.000000e+00  
  421  0.000000e+00 +/- 0.000000e+00  
  422  0.000000e+00 +/- 0.000000e+00  
  423  0.000000e+00 +/- 0.000000e+00  
  424  0.000000e+00 +/- 0.000000e+00  
  425  0.000000e+00 +/- 0.000000e+00  
  426  0.000000e+00 +/- 0.000000e+00  
  427  0.000000e+00 +/- 0.000000e+00  
  428  0.000000e+00 +/- 0.000000e+00  
  429  0.000000e+00 +/- 0.000000e+00  
  430  0.000000e+00 +/- 0.000000e+00  
  431  0.000000e+00 +/- 0.000000e+00  
  432  0.000000e+00 +/- 0.000000e+00  
  433  0.000000e+00 +/- 0.000000e+00  
  434  0.000000e+00 +/- 0.000000e+00  
  435  0.000000e+00 +/- 0.000000e+00  
  436  0.000000e+00 +/- 0.000000e+00  
  437  0.000000e+00 +/- 0.000000e+00  
  438  0.000000e+00 +/- 0.000000e+00  
  439  0.000000e+00 +/- 0.000000e+00  
  440  0.000000e+00 +/- 0.000000e+00  
  441  0.000000e+00 +/- 0.000000e+00  
  442  0.000000e+00 +/- 0.000000e+00  
  443  0.000000e+00 +/- 0.000000e+00  
  444  0.000000e+00 +/- 0.000000e+00  
  445  0.000000e+00 +/- 0.000000e+00  
  446  0.000000e+00 +/- 0.000000e+00  
  447  0.000000e+00 +/- 0.000000e+00  
  448  0.000000e+00 +/- 0.000000e+00  
  449  0.000000e+00 +/- 0.000000e+00  
  450  0.000000e+00 +/- 0.000000e+00  
  451  0.000000e+00 +/- 0.000000e+00  
  452  0.000000e+00 +/- 0.000000e+00  
  453  0.000000e+00 +/- 0.000000e+00  
  454  0.000000e+00 +/- 0.000000e+00  
  455  0.000000e+00 +/- 0.000000e+00  
  456  0.000000e+00 +/- 0.000000e+00  
  457  0.000000e+00 +/- 0.000000e+00  
  458  0.000000e+00 +/- 0.000000e+00  
  459  0.000000e+00 +/- 0.000000e+00  
  460  0.000000e+00 +/- 0.000000e+00  
  461  0.000000e+00 +/- 0.000000e+00  
  462  0.000000e+00 +/- 0.000000e+00  
  463  0.000000e+00 +/- 0.000000e+00  
  464  0.000000e+00 +/- 0.000000e+00  
  465  0.000000e+00 +/- 0.000000e+00  
  466  0.000000e+00 +/- 0.000000e+00  
  467  0.000000e+00 +/- 0.000000e+00  
  468  0.000000e+00 +/- 0.000000e+00  
  469  0.000000e+00 +/- 0.000000e+00  
  470  0.000000e+00 +/- 0.000000e+00  
  471  0.000000e+00 +/- 0.000000e+00  
  472  0.000000e+00 +/- 0.000000e+00  
  473  0.000000e+00 +/- 0.000000e+00  
  474  0.000000e+00 +/- 0.000000e+00  
  475  0.000000e+00 +/- 0.000000e+00  
  476  0.000000e+00 +/- 0.000000e+00  
  477  0.000000e+00 +/- 0.000000e+00  
  478  0.000000e+00 +/- 0.000000e+00  
  479  0.000000e+00 +/- 0.000000e+00  
  480  0.000000e+00 +/- 0.000000e+00  
  481  0.000000e+00 +/- 0.000000e+00  
  482  0.000000e+00 +/- 0.000000e+00  
  483  0.000000e+00 +/- 0.000000e+00  
  484  0.000000e+00 +/- 0.000000e+00  
  485  0.000000e+00 +/- 0.000000e+00  
  486  0.000000e+00 +/- 0.000000e+00  
  487  1.212004e-05 +/- 1.741940e-09  
  488  0.000000e+00 +/- 0.000000e+00  
  489  0.000000e+00 +/- 0.000000e+00  
  490  0.000000e+00 +/- 0.000000e+00  
  491  0.000000e+00 +/- 0.000000e+00  
  492  0.000000e+00 +/- 0.000000e+00  
  493  0.000000e+00 +/- 0.000000e+00  
  494  0.000000e+00 +/- 0.000000e+00  
  495  0.000000e+00 +/- 0.000000e+00  
  496  0.000000e+00 +/- 0.000000e+00  
  497  0.000000e+00 +/- 0.000000e+00  
  498  0.000000e+00 +/- 0.000000e+00  
  499  0.000000e+00 +/- 0.000000e+00  
  500  0.000000e+00 +/- 0.000000e+00  
  501  0.000000e+00 +/- 0.000000e+00  
  502  0.000000e+00 +/- 0.000000e+00  
  503  0.000000e+00 +/- 0.000000e+00  
  504  0.000000e+00 +/- 0.000000e+00  
  505  0.000000e+00 +/- 0.000000e+00  
  506  0.000000e+00 +/- 0.000000e+00  
  507  0.000000e+00 +/- 0.000000e+00  
  508  0.000000e+00 +/- 0.000000e+00  
  509  0.000000e+00 +/- 0.000000e+00  
  510  0.000000e+00 +/- 0.000000e+00  
  511  0.000000e+00 +/- 0.000000e+00  
  512  0.000000e+00 +/- 0.000000e+00  
  513  0.000000e+00 +/- 0.000000e+00  
  514  0.000000e+00 +/- 0.000000e+00  
  515  0.000000e+00 +/- 0.000000e+00  
  516  0.000000e+00 +/- 0.000000e+00  
  517  0.000000e+00 +/- 0.000000e+00  
  518  0.000000e+00 +/- 0.000000e+00  
  519  0.000000e+00 +/- 0.000000e+00  
  520  0.000000e+00 +/- 0.000000e+00  
  521  0.000000e+00 +/- 0.000000e+00  
  522  0.000000e+00 +/- 0.000000e+00  
  523  0.000000e+00 +/- 0.000000e+00  
  524  0.000000e+00 +/- 0.000000e+00  
  525  0.000000e+00 +/- 0.000000e+00  
  526  0.000000e+00 +/- 0.000000e+00  
  527  0.000000e+00 +/- 0.000000e+00  
  528  0.000000e+00 +/- 0.000000e+00  
  529  0.000000e+00 +/- 0.000000e+00  
  530  0.000000e+00 +/- 0.000000e+00  
  531  0.000000e+00 +/- 0.000000e+00  
  532  0.000000e+00 +/- 0.000000e+00  
  533  0.000000e+00 +/- 0.000000e+00  
  534  0.000000e+00 +/- 0.000000e+00  
  535  0.000000e+00 +/- 0.000000e+00  
  536  0.000000e+00 +/- 0.000000e+00  
  537  0.000000e+00 +/- 0.000000e+00  
  538  0.000000e+00 +/- 0.000000e+00  
  539  0.000000e+00 +/- 0.000000e+00  
  540  0.000000e+00 +/- 0.000000e+00  
  541  0.000000e+00 +/- 0.000000e+00  
  542  0.000000e+00 +/- 0.000000e+00  
  543  0.000000e+00 +/- 0.000000e+00  
  544  0.000000e+00 +/- 0.000000e+00  
  545  0.000000e+00 +/- 0.000000e+00  
  546  0.000000e+00 +/- 0.000000e+00  
  547  0.000000e+00 +/- 0.000000e+00  
  548  0.000000e+00 +/- 0.000000e+00  
  549  0.000000e+00 +/- 0.000000e+00  
  550  0.000000e+00 +/- 0.000000e+00  
  551  0.000000e+00 +/- 0.000000e+00  
  552  0.000000e+00 +/- 0.000000e+00  
  553  0.000000e+00 +/- 0.000000e+00  
  554  0.000000e+00 +/- 0.000000e+00  
  555  0.000000e+00 +/- 0.000000e+00  
  556  0.000000e+00 +/- 0.000000e+00  
  557  0.000000e+00 +/- 0.000000e+00  
  558  0.000000e+00 +/- 0.000000e+00  
  559  0.000000e+00 +/- 0.000000e+00  
  560  0.000000e+00 +/- 0.000000e+00  
  561  0.000000e+00 +/- 0.000000e+00  
  562  0.000000e+00 +/- 0.000000e+00  
  563  0.000000e+00 +/- 0.000000e+00  
  564  0.000000e+00 +/- 0.000000e+00  
  565  0.000000e+00 +/- 0.000000e+00  
  566  0.000000e+00 +/- 0.000000e+00  
  567  0.000000e+00 +/- 0.000000e+00  
  568  0.000000e+00 +/- 0.000000e+00  
  569  0.000000e+00 +/- 0.000000e+00  
  570  0.000000e+00 +/- 0.000000e+00  
  571  0.000000e+00 +/- 0.000000e+00  
  572  0.000000e+00 +/- 0.000000e+00  
  573  0.000000e+00 +/- 0.000000e+00  
  574  0.000000e+00 +/- 0.000000e+00  
  575  0.000000e+00 +/- 0.000000e+00  
  576  0.000000e+00 +/- 0.000000e+00  
  577  0.000000e+00 +/- 0.000000e+00  
  578  0.000000e+00 +/- 0.000000e+00  
  579  0.000000e+00 +/- 0.000000e+00  
  580  0.000000e+00 +/- 0.000000e+00  
  581  0.000000e+00 +/- 0.000000e+00  
  582  0.000000e+00 +/- 0.000000e+00  
  583  0.000000e+00 +/- 0.000000e+00  
  584  0.000000e+00 +/- 0.000000e+00  
  585  0.000000e+00 +/- 0.000000e+00  
  586  0.000000e+00 +/- 0.000000e+00  
  587  0.000000e+00 +/- 0.000000e+00  
  588  0.000000e+00 +/- 0.000000e+00  
  589  0.000000e+00 +/- 0.000000e+00  
  590  0.000000e+00 +/- 0.000000e+00  
  591  0.000000e+00 +/- 0.000000e+00  
  592  0.000000e+00 +/- 0.000000e+00  
  593  0.000000e+00 +/- 0.000000e+00  
  594  0.000000e+00 +/- 0.000000e+00  
  595  0.000000e+00 +/- 0.000000e+00  
  596  0.000000e+00 +/- 0.000000e+00  
  597  0.000000e+00 +/- 0.000000e+00  
  598  0.000000e+00 +/- 0.000000e+00  
  599  0.000000e+00 +/- 0.000000e+00  
  600  0.000000e+00 +/- 0.000000e+00  
  601  0.000000e+00 +/- 0.000000e+00  
  602  0.000000e+00 +/- 0.000000e+00  
  603  0.000000e+00 +/- 0.000000e+00  
  604  0.000000e+00 +/- 0.000000e+00  
  605  0.000000e+00 +/- 0.000000e+00  
  606  0.000000e+00 +/- 0.000000e+00  
  607  0.000000e+00 +/- 0.000000e+00  
  608  0.000000e+00 +/- 0.000000e+00  
  609  0.000000e+00 +/- 0.000000e+00  
  610  0.000000e+00 +/- 0.000000e+00  
  611  0.000000e+00 +/- 0.000000e+00  
  612  0.000000e+00 +/- 0.000000e+00  
  613  0.000000e+00 +/- 0.000000e+00  
  614  0.000000e+00 +/- 0.000000e+00  
  615  0.000000e+00 +/- 0.000000e+00  
  616  0.000000e+00 +/- 0.000000e+00  
  617  0.000000e+00 +/- 0.000000e+00  
  618  0.000000e+00 +/- 0.000000e+00  
  619  0.000000e+00 +/- 0.000000e+00  
  620  0.000000e+00 +/- 0.000000e+00  
  621  0.000000e+00 +/- 0.000000e+00  
  622  0.000000e+00 +/- 0.000000e+00  
  623  0.000000e+00 +/- 0.000000e+00  
  624  0.000000e+00 +/- 0.000000e+00  
  625  0.000000e+00 +/- 0.000000e+00  
  626  0.000000e+00 +/- 0.000000e+00  
  627  0.000000e+00 +/- 0.000000e+00  
  628  0.000000e+00 +/- 0.000000e+00  
  629  0.000000e+00 +/- 0.000000e+00  
  630  0.000000e+00 +/- 0.000000e+00  
  631  0.000000e+00 +/- 0.000000e+00  
  632  0.000000e+00 +/- 0.000000e+00  
  633  0.000000e+00 +/- 0.000000e+00  
  634  0.000000e+00 +/- 0.000000e+00  
  635  0.000000e+00 +/- 0.000000e+00  
  636  0.000000e+00 +/- 0.000000e+00  
  637  0.000000e+00 +/- 0.000000e+00  
  638  0.000000e+00 +/- 0.000000e+00  
  639  0.000000e+00 +/- 0.000000e+00  
  640  0.000000e+00 +/- 0.000000e+00  
  641  0.000000e+00 +/- 0.000000e+00  
  642  0.000000e+00 +/- 0.000000e+00  
  643  0.000000e+00 +/- 0.000000e+00  
  644  0.000000e+00 +/- 0.000000e+00  
  645  0.000000e+00 +/- 0.000000e+00  
  646  0.000000e+00 +/- 0.000000e+00  
  647  0.000000e+00 +/- 0.000000e+00  
  648  0.000000e+00 +/- 0.000000e+00  
  649  0.000000e+00 +/- 0.000000e+00  
  650  0.000000e+00 +/- 0.000000e+00  
  651  0.000000e+00 +/- 0.000000e+00  
  652  0.000000e+00 +/- 0.000000e+00  
  653  0.000000e+00 +/- 0.000000e+00  
  654  0.000000e+00 +/- 0.000000e+00  
  655  0.000000e+00 +/- 0.000000e+00  
  656  0.000000e+00 +/- 0.000000e+00  
  657  0.000000e+00 +/- 0.000000e+00  
  658  0.000000e+00 +/- 0.000000e+00  
  659  0.000000e+00 +/- 0.000000e+00  
  660  0.000000e+00 +/- 0.000000e+00  
  661  0.000000e+00 +/- 0.000000e+00  
  662  0.000000e+00 +/- 0.000000e+00  
  663  0.000000e+00 +/- 0.000000e+00  
  664  0.000000e+00 +/- 0.000000e+00  
  665  0.000000e+00 +/- 0.000000e+00  
  666  0.000000e+00 +/- 0.000000e+00  
  667  0.000000e+00 +/- 0.000000e+00  
  668  0.000000e+00 +/- 0.000000e+00  
  669  0.000000e+00 +/- 0.000000e+00  
  670  0.000000e+00 +/- 0.000000e+00  
  671  0.000000e+00 +/- 0.000000e+00  
  672  0.000000e+00 +/- 0.000000e+00  
  673  0.000000e+00 +/- 0.000000e+00  
  674  0.000000e+00 +/- 0.000000e+00  
  675  0.000000e+00 +/- 0.000000e+00  
  676  0.000000e+00 +/- 0.000000e+00  
  677  0.000000e+00 +/- 0.000000e+00  
  678  0.000000e+00 +/- 0.000000e+00  
  679  0.000000e+00 +/- 0.000000e+00  
  680  0.000000e+00 +/- 0.000000e+00  
  681  0.000000e+00 +/- 0.000000e+00  
  682  0.000000e+00 +/- 0.000000e+00  
  683  0.000000e+00 +/- 0.000000e+00  
  684  0.000000e+00 +/- 0.000000e+00  
  685  0.000000e+00 +/- 0.000000e+00  
  686  0.000000e+00 +/- 0.000000e+00  
  687  0.000000e+00 +/- 0.000000e+00  
  688  0.000000e+00 +/- 0.000000e+00  
  689  0.000000e+00 +/- 0.000000e+00  
  690  0.000000e+00 +/- 0.000000e+00  
  691  0.000000e+00 +/- 0.000000e+00  
  692  0.000000e+00 +/- 0.000000e+00  
  693  0.000000e+00 +/- 0.000000e+00  
  694  0.000000e+00 +/- 0.000000e+00  
  695  0.000000e+00 +/- 0.000000e+00  
  696  0.000000e+00 +/- 0.000000e+00  
  697  0.000000e+00 +/- 0.000000e+00  
  698  0.000000e+00 +/- 0.000000e+00  
  699  0.000000e+00 +/- 0.000000e+00  
  700  0.000000e+00 +/- 0.000000e+00  
  701  0.000000e+00 +/- 0.000000e+00  
  702  0.000000e+00 +/- 0.000000e+00  
  703  0.000000e+00 +/- 0.000000e+00  
  704  0.000000e+00 +/- 0.000000e+00  
  705  0.000000e+00 +/- 0.000000e+00  
  706  0.000000e+00 +/- 0.000000e+00  
  707  0.000000e+00 +/- 0.000000e+00  
  708  0.000000e+00 +/- 0.000000e+00  
  709  0.000000e+00 +/- 0.000000e+00  
  710  0.000000e+00 +/- 0.000000e+00  
  711  0.000000e+00 +/- 0.000000e+00  
  712  0.000000e+00 +/- 0.000000e+00  
  713  0.000000e+00 +/- 0.000000e+00  
  714  0.000000e+00 +/- 0.000000e+00  
  715  0.000000e+00 +/- 0.000000e+00  
  716  0.000000e+00 +/- 0.000000e+00  
  717  0.000000e+00 +/- 0.000000e+00  
  718  0.000000e+00 +/- 0.000000e+00  
  719  0.000000e+00 +/- 0.000000e+00  
  720  0.000000e+00 +/- 0.000000e+00  
  721  0.000000e+00 +/- 0.000000e+00  
  722  0.000000e+00 +/- 0.000000e+00  
  723  0.000000e+00 +/- 0.000000e+00  
  724  0.000000e+00 +/- 0.000000e+00  
  725  0.000000e+00 +/- 0.000000e+00  
  726  0.000000e+00 +/- 0.000000e+00  
  727  0.000000e+00 +/- 0.000000e+00  
  728  0.000000e+00 +/- 0.000000e+00  
  729  0.000000e+00 +/- 0.000000e+00  
  730  7.149528e-05 +/- 4.347893e-09  
  731  0.000000e+00 +/- 0.000000e+00  
  732  0.000000e+00 +/- 0.000000e+00  
  733  0.000000e+00 +/- 0.000000e+00  
  734  0.000000e+00 +/- 0.000000e+00  
  735  0.000000e+00 +/- 0.000000e+00  
  736  0.000000e+00 +/- 0.000000e+00  
  737  0.000000e+00 +/- 0.000000e+00  
  738  0.000000e+00 +/- 0.000000e+00  
  739  0.000000e+00 +/- 0.000000e+00  
  740  0.000000e+00 +/- 0.000000e+00  
  741  0.000000e+00 +/- 0.000000e+00  
  742  0.000000e+00 +/- 0.000000e+00  
  743  0.000000e+00 +/- 0.000000e+00  
  744  0.000000e+00 +/- 0.000000e+00  
  745  0.000000e+00 +/- 0.000000e+00  
  746  0.000000e+00 +/- 0.000000e+00  
  747  0.000000e+00 +/- 0.000000e+00  
  748  0.000000e+00 +/- 0.000000e+00  
  749  0.000000e+00 +/- 0.000000e+00  
  750  0.000000e+00 +/- 0.000000e+00  
  751  0.000000e+00 +/- 0.000000e+00  
  752  0.000000e+00 +/- 0.000000e+00  
  753  0.000000e+00 +/- 0.000000e+00  
  754  0.000000e+00 +/- 0.000000e+00  
  755  0.000000e+00 +/- 0.000000e+00  
  756  0.000000e+00 +/- 0.000000e+00  
  757  0.000000e+00 +/- 0.000000e+00  
  758  0.000000e+00 +/- 0.000000e+00  
  759  0.000000e+00 +/- 0.000000e+00  
  760  0.000000e+00 +/- 0.000000e+00  
  761  0.000000e+00 +/- 0.000000e+00  
  762  0.000000e+00 +/- 0.000000e+00  
  763  0.000000e+00 +/- 0.000000e+00  
  764  0.000000e+00 +/- 0.000000e+00  
  765  0.000000e+00 +/- 0.000000e+00  
  766  0.000000e+00 +/- 0.000000e+00  
  767  0.000000e+00 +/- 0.000000e+00  
  768  0.000000e+00 +/- 0.000000e+00  
  769  0.000000e+00 +/- 0.000000e+00  
  770  0.000000e+00 +/- 0.000000e+00  
  771  0.000000e+00 +/- 0.000000e+00  
  772  0.000000e+00 +/- 0.000000e+00  
  773  0.000000e+00 +/- 0.000000e+00  
  774  0.000000e+00 +/- 0.000000e+00  
  775  0.000000e+00 +/- 0.000000e+00  
  776  0.000000e+00 +/- 0.000000e+00  
  777  0.000000e+00 +/- 0.000000e+00  
  778  0.000000e+00 +/- 0.000000e+00  
  779  0.000000e+00 +/- 0.000000e+00  
  780  0.000000e+00 +/- 0.000000e+00  
  781  0.000000e+00 +/- 0.000000e+00  
  782  0.000000e+00 +/- 0.000000e+00  
  783  0.000000e+00 +/- 0.000000e+00  
  784  0.000000e+00 +/- 0.000000e+00  
  785  0.000000e+00 +/- 0.000000e+00  
  786  0.000000e+00 +/- 0.000000e+00  
  787  0.000000e+00 +/- 0.000000e+00  
  788  0.000000e+00 +/- 0.000000e+00  
  789  0.000000e+00 +/- 0.000000e+00  
  790  0.000000e+00 +/- 0.000000e+00  
  791  0.000000e+00 +/- 0.000000e+00  
  792  0.000000e+00 +/- 0.000000e+00  
  793  0.000000e+00 +/- 0.000000e+00  
  794  0.000000e+00 +/- 0.000000e+00  
  795  0.000000e+00 +/- 0.000000e+00  
  796  0.000000e+00 +/- 0.000000e+00  
  797  0.000000e+00 +/- 0.000000e+00  
  798  0.000000e+00 +/- 0.000000e+00  
  799  0.000000e+00 +/- 0.000000e+00  
  800  0.000000e+00 +/- 0.000000e+00  
  801  0.000000e+00 +/- 0.000000e+00  
  802  0.000000e+00 +/- 0.000000e+00  
  803  0.000000e+00 +/- 0.000000e+00  
  804  0.000000e+00 +/- 0.000000e+00  
  805  0.000000e+00 +/- 0.000000e+00  
  806  0.000000e+00 +/- 0.000000e+00  
  807  0.000000e+00 +/- 0.000000e+00  
  808  0.000000e+00 +/- 0.000000e+00  
  809  0.000000e+00 +/- 0.000000e+00  
  810  0.000000e+00 +/- 0.000000e+00  
  811  0.000000e+00 +/- 0.000000e+00  
  812  0.000000e+00 +/- 0.000000e+00  
  813  0.000000e+00 +/- 0.000000e+00  
  814  0.000000e+00 +/- 0.000000e+00  
  815  0.000000e+00 +/- 0.000000e+00  
  816  0.000000e+00 +/- 0.000000e+00  
  817  0.000000e+00 +/- 0.000000e+00  
  818  0.000000e+00 +/- 0.000000e+00  
  819  0.000000e+00 +/- 0.000000e+00  
  820  0.000000e+00 +/- 0.000000e+00  
  821  0.000000e+00 +/- 0.000000e+00  
  822  0.000000e+00 +/- 0.000000e+00  
  823  0.000000e+00 +/- 0.000000e+00  
  824  0.000000e+00 +/- 0.000000e+00  
  825  0.000000e+00 +/- 0.000000e+00  
  826  0.000000e+00 +/- 0.000000e+00  
  827  0.000000e+00 +/- 0.000000e+00  
  828  0.000000e+00 +/- 0.000000e+00  
  829  0.000000e+00 +/- 0.000000e+00  
  830  0.000000e+00 +/- 0.000000e+00  
  831  0.000000e+00 +/- 0.000000e+00  
  832  0.000000e+00 +/- 0.000000e+00  
  833  0.000000e+00 +/- 0.000000e+00  
  834  0.000000e+00 +/- 0.000000e+00  
  835  0.000000e+00 +/- 0.000000e+00  
  836  0.000000e+00 +/- 0.000000e+00  
  837  0.000000e+00 +/- 0.000000e+00  
  838  0.000000e+00 +/- 0.000000e+00  
  839  0.000000e+00 +/- 0.000000e+00  
  840  0.000000e+00 +/- 0.000000e+00  
  841  0.000000e+00 +/- 0.000000e+00  
  842  0.000000e+00 +/- 0.000000e+00  
  843  0.000000e+00 +/- 0.000000e+00  
  844  0.000000e+00 +/- 0.000000e+00  
  845  0.000000e+00 +/- 0.000000e+00  
  846  0.000000e+00 +/- 0.000000e+00  
  847  0.000000e+00 +/- 0.000000e+00  
  848  0.000000e+00 +/- 0.000000e+00  
  849  0.000000e+00 +/- 0.000000e+00  
  850  0.000000e+00 +/- 0.000000e+00  
  851  0.000000e+00 +/- 0.000000e+00  
  852  0.000000e+00 +/- 0.000000e+00  
  853  0.000000e+00 +/- 0.000000e+00  
  854  0.000000e+00 +/- 0.000000e+00  
  855  0.000000e+00 +/- 0.000000e+00  
  856  0.000000e+00 +/- 0.000000e+00  
  857  0.000000e+00 +/- 0.000000e+00  
  858  0.000000e+00 +/- 0.000000e+00  
  859  0.000000e+00 +/- 0.000000e+00  
  860  0.000000e+00 +/- 0.000000e+00  
  861  0.000000e+00 +/- 0.000000e+00  
  862  0.000000e+00 +/- 0.000000e+00  
  863  0.000000e+00 +/- 0.000000e+00  
  864  0.000000e+00 +/- 0.000000e+00  
  865  0.000000e+00 +/- 0.000000e+00  
  866  0.000000e+00 +/- 0.000000e+00  
  867  0.000000e+00 +/- 0.000000e+00  
  868  0.000000e+00 +/- 0.000000e+00  
  869  0.000000e+00 +/- 0.000000e+00  
  870  0.000000e+00 +/- 0.000000e+00  
  871  0.000000e+00 +/- 0.000000e+00  
  872  0.000000e+00 +/- 0.000000e+00  
  873  0.000000e+00 +/- 0.000000e+00  
  874  0.000000e+00 +/- 0.000000e+00  
  875  0.000000e+00 +/- 0.000000e+00  
  876  0.000000e+00 +/- 0.000000e+00  
  877  0.000000e+00 +/- 0.000000e+00  
  878  0.000000e+00 +/- 0.000000e+00  
  879  0.000000e+00 +/- 0.000000e+00  
  880  0.000000e+00 +/- 0.000000e+00  
  881  0.000000e+00 +/- 0.000000e+00  
  882  0.000000e+00 +/- 0.000000e+00  
  883  0.000000e+00 +/- 0.000000e+00  
  884  0.000000e+00 +/- 0.000000e+00  
  885  0.000000e+00 +/- 0.000000e+00  
  886  0.000000e+00 +/- 0.000000e+00  
  887  0.000000e+00 +/- 0.000000e+00  
  888  0.000000e+00 +/- 0.000000e+00  
  889  0.000000e+00 +/- 0.000000e+00  
  890  0.000000e+00 +/- 0.000000e+00  
  891  0.000000e+00 +/- 0.000000e+00  
  892  0.000000e+00 +/- 0.000000e+00  
  893  0.000000e+00 +/- 0.000000e+00  
  894  0.000000e+00 +/- 0.000000e+00  
  895  0.000000e+00 +/- 0.000000e+00  
  896  0.000000e+00 +/- 0.000000e+00  
  897  0.000000e+00 +/- 0.000000e+00  
  898  0.000000e+00 +/- 0.000000e+00  
  899  0.000000e+00 +/- 0.000000e+00  
  900  0.000000e+00 +/- 0.000000e+00  
  901  0.000000e+00 +/- 0.000000e+00  
  902  0.000000e+00 +/- 0.000000e+00  
  903  0.000000e+00 +/- 0.000000e+00  
  904  0.000000e+00 +/- 0.000000e+00  
  905  0.000000e+00 +/- 0.000000e+00  
  906  0.000000e+00 +/- 0.000000e+00  
  907  0.000000e+00 +/- 0.000000e+00  
  908  0.000000e+00 +/- 0.000000e+00  
  909  0.000000e+00 +/- 0.000000e+00  
  910  0.000000e+00 +/- 0.000000e+00  
  911  0.000000e+00 +/- 0.000000e+00  
  912  0.000000e+00 +/- 0.000000e+00  
  913  0.000000e+00 +/- 0.000000e+00  
  914  0.000000e+00 +/- 0.000000e+00  
  915  0.000000e+00 +/- 0.000000e+00  
  916  0.000000e+00 +/- 0.000000e+00  
  917  0.000000e+00 +/- 0.000000e+00  
  918  0.000000e+00 +/- 0.000000e+00  
  919  0.000000e+00 +/- 0.000000e+00  
  920  0.000000e+00 +/- 0.000000e+00  
  921  0.000000e+00 +/- 0.000000e+00  
  922  0.000000e+00 +/- 0.000000e+00  
  923  0.000000e+00 +/- 0.000000e+00  
  924  0.000000e+00 +/- 0.000000e+00  
  925  0.000000e+00 +/- 0.000000e+00  
  926  0.000000e+00 +/- 0.000000e+00  
  927  0.000000e+00 +/- 0.000000e+00  
  928  0.000000e+00 +/- 0.000000e+00  
  929  0.000000e+00 +/- 0.000000e+00  
  930  0.000000e+00 +/- 0.000000e+00  
  931  0.000000e+00 +/- 0.000000e+00  
  932  0.000000e+00 +/- 0.000000e+00  
  933  0.000000e+00 +/- 0.000000e+00  
  934  0.000000e+00 +/- 0.000000e+00  
  935  0.000000e+00 +/- 0.000000e+00  
  936  0.000000e+00 +/- 0.000000e+00  
  937  0.000000e+00 +/- 0.000000e+00  
  938  0.000000e+00 +/- 0.000000e+00  
  939  0.000000e+00 +/- 0.000000e+00  
  940  0.000000e+00 +/- 0.000000e+00  
  941  0.000000e+00 +/- 0.000000e+00  
  942  0.000000e+00 +/- 0.000000e+00  
  943  0.000000e+00 +/- 0.000000e+00  
  944  0.000000e+00 +/- 0.000000e+00  
  945  0.000000e+00 +/- 0.000000e+00  
  946  0.000000e+00 +/- 0.000000e+00  
  947  0.000000e+00 +/- 0.000000e+00  
  948  0.000000e+00 +/- 0.000000e+00  
  949  0.000000e+00 +/- 0.000000e+00  
  950  0.000000e+00 +/- 0.000000e+00  
  951  0.000000e+00 +/- 0.000000e+00  
  952  0.000000e+00 +/- 0.000000e+00  
  953  0.000000e+00 +/- 0.000000e+00  
  954  0.000000e+00 +/- 0.000000e+00  
  955  0.000000e+00 +/- 0.000000e+00  
  956  0.000000e+00 +/- 0.000000e+00  
  957  0.000000e+00 +/- 0.000000e+00  
  958  0.000000e+00 +/- 0.000000e+00  
  959  0.000000e+00 +/- 0.000000e+00  
  960  0.000000e+00 +/- 0.000000e+00  
  961  0.000000e+00 +/- 0.000000e+00  
  962  0.000000e+00 +/- 0.000000e+00  
  963  0.000000e+00 +/- 0.000000e+00  
  964  0.000000e+00 +/- 0.000000e+00  
  965  0.000000e+00 +/- 0.000000e+00  
  966  0.000000e+00 +/- 0.000000e+00  
  967  0.000000e+00 +/- 0.000000e+00  
  968  0.000000e+00 +/- 0.000000e+00  
  969  0.000000e+00 +/- 0.000000e+00  
  970  0.000000e+00 +/- 0.000000e+00  
  971  0.000000e+00 +/- 0.000000e+00  
  972  0.000000e+00 +/- 0.000000e+00  
  973  2.120416e-01 +/- 2.917964e-07  

Particle Track Scoring (tracks)
======================================================
   Total events scored:     0
   Total tracks scored:     0
   Still being scored:      0
   Output file name:        /home/rsmina/EGSnrc/egs_home/TB/BladesOnly.ptracks


======================================================
Dose Scoring Object(profilexFilm)
======================================================
=> last case = 1495500000000 fluence = 1.4955e+12


==> Summary of region dosimetry (per particle)
 ir  medium         rho/[g/cm3]  V/cm3      Edep/[MeV]              D/[Gy]            
--------------------------------------------------------------------------------------
  0 film              1.140     1.0000 1.0629e-12 +/- 11.581 % 1.4937e-22 +/- 11.581 %
  1 film              1.140     1.0000 1.3467e-12 +/- 10.665 % 1.8925e-22 +/- 10.665 %
  2 film              1.140     1.0000 1.5331e-12 +/- 9.933  % 2.1545e-22 +/- 9.933  %
  3 film              1.140     1.0000 2.3068e-12 +/- 7.810  % 3.2416e-22 +/- 7.810  %
  4 film              1.140     1.0000 6.5150e-12 +/- 4.315  % 9.1553e-22 +/- 4.315  %
  5 film              1.140     1.0000 3.9164e-11 +/- 1.565  % 5.5036e-21 +/- 1.565  %
  6 film              1.140     1.0000 7.9740e-11 +/- 1.067  % 1.1206e-20 +/- 1.067  %
  7 film              1.140     1.0000 9.0763e-11 +/- 1.005  % 1.2755e-20 +/- 1.005  %
  8 film              1.140     1.0000 9.2998e-11 +/- 0.996  % 1.3069e-20 +/- 0.996  %
  9 film              1.140     1.0000 9.2463e-11 +/- 0.998  % 1.2994e-20 +/- 0.998  %
 10 film              1.140     1.0000 9.3022e-11 +/- 0.998  % 1.3072e-20 +/- 0.998  %
 11 film              1.140     1.0000 9.3203e-11 +/- 0.992  % 1.3097e-20 +/- 0.992  %
 12 film              1.140     1.0000 9.4876e-11 +/- 0.992  % 1.3333e-20 +/- 0.992  %
 13 film              1.140     1.0000 9.4964e-11 +/- 0.982  % 1.3345e-20 +/- 0.982  %
 14 film              1.140     1.0000 9.6258e-11 +/- 0.987  % 1.3527e-20 +/- 0.987  %
 15 film              1.140     1.0000 9.5573e-11 +/- 0.995  % 1.3430e-20 +/- 0.995  %
 16 film              1.140     1.0000 9.5353e-11 +/- 0.998  % 1.3400e-20 +/- 0.998  %
 17 film              1.140     1.0000 9.5880e-11 +/- 0.982  % 1.3474e-20 +/- 0.982  %
 18 film              1.140     1.0000 9.6298e-11 +/- 0.983  % 1.3532e-20 +/- 0.983  %
 19 film              1.140     1.0000 9.5967e-11 +/- 0.983  % 1.3486e-20 +/- 0.983  %
 20 film              1.140     1.0000 9.7887e-11 +/- 0.976  % 1.3756e-20 +/- 0.976  %
 21 film              1.140     1.0000 9.6142e-11 +/- 0.976  % 1.3510e-20 +/- 0.976  %
 22 film              1.140     1.0000 9.6323e-11 +/- 0.982  % 1.3536e-20 +/- 0.982  %
 23 film              1.140     1.0000 9.6592e-11 +/- 0.985  % 1.3574e-20 +/- 0.985  %
 24 film              1.140     1.0000 9.7041e-11 +/- 0.985  % 1.3637e-20 +/- 0.985  %
 25 film              1.140     1.0000 9.4163e-11 +/- 0.998  % 1.3232e-20 +/- 0.998  %
 26 film              1.140     1.0000 9.5785e-11 +/- 0.992  % 1.3460e-20 +/- 0.992  %
 27 film              1.140     1.0000 9.4768e-11 +/- 0.994  % 1.3317e-20 +/- 0.994  %
 28 film              1.140     1.0000 9.4708e-11 +/- 0.997  % 1.3309e-20 +/- 0.997  %
 29 film              1.140     1.0000 9.4087e-11 +/- 0.982  % 1.3222e-20 +/- 0.982  %
 30 film              1.140     1.0000 9.4186e-11 +/- 0.992  % 1.3236e-20 +/- 0.992  %
 31 film              1.140     1.0000 9.1664e-11 +/- 1.004  % 1.2881e-20 +/- 1.004  %
 32 film              1.140     1.0000 9.1738e-11 +/- 1.000  % 1.2892e-20 +/- 1.000  %
 33 film              1.140     1.0000 8.1315e-11 +/- 1.067  % 1.1427e-20 +/- 1.067  %
 34 film              1.140     1.0000 4.0512e-11 +/- 1.537  % 5.6930e-21 +/- 1.537  %
 35 film              1.140     1.0000 7.1325e-12 +/- 4.162  % 1.0023e-21 +/- 4.162  %
 36 film              1.140     1.0000 2.3566e-12 +/- 7.835  % 3.3117e-22 +/- 7.835  %
 37 film              1.140     1.0000 1.8219e-12 +/- 9.053  % 2.5602e-22 +/- 9.053  %
 38 film              1.140     1.0000 1.4490e-12 +/- 10.244 % 2.0362e-22 +/- 10.244 %
 39 film              1.140     1.0000 1.3634e-12 +/- 10.008 % 1.9159e-22 +/- 10.008 %
243 graphite          2.000     1.0000 1.1885e-09 +/- 0.499  % 9.5201e-20 +/- 0.499  %
244 graphite          2.000     1.0000 1.5889e-10 +/- 1.215  % 1.2727e-20 +/- 1.215  %
245 graphite          2.000     1.0000 1.1829e-09 +/- 0.500  % 9.4753e-20 +/- 0.500  %
246 molybdenum       10.220     1.0000 6.3613e-10 +/- 0.665  % 9.9714e-21 +/- 0.665  %
247 molybdenum       10.220     1.0000 2.0435e-12 +/- 11.894 % 3.2032e-23 +/- 11.894 %
248 molybdenum       10.220     1.0000 6.3749e-10 +/- 0.663  % 9.9927e-21 +/- 0.663  %
249 molybdenum       10.220     1.0000 9.3535e-09 +/- 0.181  % 1.4662e-19 +/- 0.181  %
250 molybdenum       10.220     1.0000 6.3885e-08 +/- 0.069  % 1.0014e-18 +/- 0.069  %
251 molybdenum       10.220     1.0000 9.3485e-09 +/- 0.181  % 1.4654e-19 +/- 0.181  %
252 graphite          2.000     1.0000 1.9534e-08 +/- 0.125  % 1.5647e-18 +/- 0.125  %
253 graphite          2.000     1.0000 3.3857e-09 +/- 0.259  % 2.7119e-19 +/- 0.259  %
254 graphite          2.000     1.0000 1.9584e-08 +/- 0.124  % 1.5687e-18 +/- 0.124  %
255 molybdenum       10.220     1.0000 1.0972e-08 +/- 0.161  % 1.7199e-19 +/- 0.161  %
256 molybdenum       10.220     1.0000 3.6042e-08 +/- 0.110  % 5.6496e-19 +/- 0.110  %
257 molybdenum       10.220     1.0000 1.0996e-08 +/- 0.161  % 1.7236e-19 +/- 0.161  %
258 molybdenum       10.220     1.0000 1.2640e-07 +/- 0.050  % 1.9813e-18 +/- 0.050  %
259 target_material  19.386     1.0000 6.0014e-02 +/- 0.000  % 4.9594e-13 +/- 0.000  %
260 molybdenum       10.220     1.0000 1.2641e-07 +/- 0.050  % 1.9815e-18 +/- 0.050  %
261 graphite          2.000     1.0000 8.9526e-08 +/- 0.061  % 7.1711e-18 +/- 0.061  %
262 graphite          2.000     1.0000 5.6883e-07 +/- 0.024  % 4.5563e-17 +/- 0.024  %
263 graphite          2.000     1.0000 8.9456e-08 +/- 0.061  % 7.1654e-18 +/- 0.061  %
264 molybdenum       10.220     1.0000 5.8816e-08 +/- 0.073  % 9.2195e-19 +/- 0.073  %
265 molybdenum       10.220     1.0000 3.7318e-07 +/- 0.029  % 5.8497e-18 +/- 0.029  %
266 molybdenum       10.220     1.0000 5.8886e-08 +/- 0.073  % 9.2304e-19 +/- 0.073  %
267 molybdenum       10.220     1.0000 5.0481e-08 +/- 0.080  % 7.9130e-19 +/- 0.080  %
268 molybdenum       10.220     1.0000 3.3695e-07 +/- 0.031  % 5.2817e-18 +/- 0.031  %
269 molybdenum       10.220     1.0000 5.0314e-08 +/- 0.080  % 7.8867e-19 +/- 0.080  %
270 (null)            0.000     1.0000 1.4835e-08 +/- 0.021  %        inf +/- 0.021  %
297 pb               11.350     1.0000 5.0422e-05 +/- 0.002  % 7.1168e-16 +/- 0.002  %
298 air               0.001     1.0000 1.5766e-05 +/- 0.002  % 2.0963e-12 +/- 0.002  %
299 pb               11.350     1.0000 2.0846e-04 +/- 0.001  % 2.9423e-15 +/- 0.001  %
300 steel             8.060     1.0000 6.3051e-06 +/- 0.006  % 1.2532e-16 +/- 0.006  %
301 air               0.001     1.0000 8.8581e-06 +/- 0.003  % 1.1778e-12 +/- 0.003  %
302 steel             8.060     1.0000 4.4635e-06 +/- 0.008  % 8.8715e-17 +/- 0.008  %
306 pb               11.350     1.0000 5.6047e-06 +/- 0.007  % 7.9108e-17 +/- 0.007  %
307 air               0.001     1.0000 2.9726e-06 +/- 0.005  % 3.9526e-13 +/- 0.005  %
308 pb               11.350     1.0000 5.6043e-06 +/- 0.007  % 7.9102e-17 +/- 0.007  %
309 steel             8.060     1.0000 4.2056e-07 +/- 0.024  % 8.3591e-18 +/- 0.024  %
310 air               0.001     1.0000 1.6829e-06 +/- 0.006  % 2.2377e-13 +/- 0.006  %
311 steel             8.060     1.0000 4.2043e-07 +/- 0.024  % 8.3565e-18 +/- 0.024  %
315 steel             8.060     1.0000 1.3031e-08 +/- 0.119  % 2.5900e-19 +/- 0.119  %
316 steel             8.060     1.0000 3.3201e-07 +/- 0.025  % 6.5991e-18 +/- 0.025  %
317 steel             8.060     1.0000 1.3076e-08 +/- 0.119  % 2.5989e-19 +/- 0.119  %
318 steel             8.060     1.0000 1.3164e-05 +/- 0.005  % 2.6166e-16 +/- 0.005  %
319 air               0.001     1.0000 9.7445e-06 +/- 0.003  % 1.2957e-12 +/- 0.003  %
320 steel             8.060     1.0000 1.3165e-05 +/- 0.005  % 2.6167e-16 +/- 0.005  %
321 steel             8.060     1.0000 8.0524e-09 +/- 0.152  % 1.6005e-19 +/- 0.152  %
322 steel             8.060     1.0000 2.0132e-07 +/- 0.032  % 4.0015e-18 +/- 0.032  %
323 steel             8.060     1.0000 8.0261e-09 +/- 0.152  % 1.5953e-19 +/- 0.152  %
324 air               0.001     1.0000 2.7752e-03 +/- 0.000  % 3.6902e-10 +/- 0.000  %
405 air               0.001     1.0000 9.7628e-05 +/- 0.001  % 1.2982e-11 +/- 0.001  %
486 polystyrene       1.060     1.0000 1.2120e-06 +/- 0.014  % 1.8317e-16 +/- 0.014  %
729 air               0.001     1.0000 7.1495e-06 +/- 0.006  % 9.5067e-13 +/- 0.006  %
--------------------------------------------------------------------------------------

 EGS_DoseScoring: Writing dose data for EGS_XYZGeometry profilex... 
 Output file name: /home/rsmina/EGSnrc/egs_home/TB/profilexFilm.3ddose

======================================================


================================================================================
Finished simulation

  Elapsed time:                   13.4 s (  0.004 h)
  CPU time:                        4.8 s (  0.001 h)
  Ratio:                          2.800


End of run                                             Fri Mar 10 19:01:56 2023
================================================================================
finishSimulation(TB) 0
