In EGS_Application::initSimulation()
 phsp size = 13606635918
================================================================================
EGSnrc version 4 for x86_64-unknown-linux-gnu          Tue May 23 20:41:55 2023
================================================================================
configuration....................................................linux
configuration time...............................................unknown
app compile time.................................................2023-04-17 09:57:37 UTC
git commit hash..................................................e2cef22
application......................................................TB
pegs file........................................................
using host.......................................................narvi.cc.tut.fi
input file.......................................................BladesAndFilm
output file(s)...................................................BladesAndFilm
================================================================================

               ***************************************************
               *                                                 *
               *                  TB                       *
               *                                                 *
               ***************************************************

This is TB   based on
      EGS_AdvancedApplication  

In initCrossSections(): spin effects = 1
Property Photon cross-sections output: 0
Property Photonuclear attenuation: 0
Property Bound Compton scattering: 1
Property Radiative Compton corrections: 1
Property Rayleigh scattering: 1
Property Atomic relaxations: 1
Property Photoelectron angular sampling: 1
Property Spin effects: 1
Property Triplet production: 1
Property Brems cross sections: 2
Property Brems angular sampling: 1
Property Pair cross sections: 1
Property Pair angular sampling: 2
Property Electron-step algorithm: 2
Property Boundary crossing algorithm: 0
 ===> Photonuclear flag:   0
 RAYLEIGH OPTION REQUESTED FOR MEDIUM NUMBER  1

 RAYLEIGH OPTION REQUESTED FOR MEDIUM NUMBER  2

 RAYLEIGH OPTION REQUESTED FOR MEDIUM NUMBER  3

 RAYLEIGH OPTION REQUESTED FOR MEDIUM NUMBER  4

 RAYLEIGH OPTION REQUESTED FOR MEDIUM NUMBER  5

  PEGSLESS INPUT.  CALCULATING ELECTRON CROSS-SECTIONS.
  density_file lead                                                                                                                                                                                                                                                            
  density_file steel_stainless_type302                                                                                                                                                                                                                                         
  density_file air_dry_nearsealevel                                                                                                                                                                                                                                            
  density_file polystyrene                                                                                                                                                                                                                                                     
  density_file radiochromicdyefilm_nylonbase                                                                                                                                                                                                                                   

  Medium data: 

 AE =    5.12000E-01 MeV,  UE =    1.51100E+00 MeV
 AP =    1.00000E-03 MeV,  UP =    1.00000E+00 MeV

  No material data file supplied.  Material data obtained from
  .egsinp file or density correction file.

   Medium: pb                      
 Sterncid: pb                      
     rho:    1.13500E+01 g/cm^3
 Elements: PB  
    rhoz:    1.00000E+00
      pz:    4.82649E-03
  iunrst:     0
  iaprim:     1
    gasp:    0.00000E+00 atm.
  density correction file: /home/rsmina/EGSnrc/HEN_HOUSE/pegs4/density_corrections/elements/lead.density

   Medium: steel                   
 Sterncid: steel                   
     rho:    8.06000E+00 g/cm^3
 Elements: C   SI  CR  MN  FE  NI  
    rhoz:    1.00000E-03   7.00000E-03   1.80000E-01   1.00000E-02   7.12000E-01   9.00000E-02
      pz:    8.32560E-05   2.49217E-04   3.46167E-03   1.82023E-04   1.27491E-02   1.53296E-03
  iunrst:     0
  iaprim:     1
    gasp:    0.00000E+00 atm.
  density correction file: /home/rsmina/EGSnrc/HEN_HOUSE/pegs4/density_corrections/compounds/steel_stainless_type302.density

   Medium: air                     
 Sterncid: air                     
     rho:    1.20479E-03 g/cm^3
 Elements: C   N   O   AR  
    rhoz:    1.24000E-04   7.55267E-01   2.31781E-01   1.28270E-02
      pz:    1.03237E-05   5.39218E-02   1.44869E-02   3.21092E-04
  iunrst:     0
  iaprim:     1
    gasp:    0.00000E+00 atm.
  density correction file: /home/rsmina/EGSnrc/HEN_HOUSE/pegs4/density_corrections/compounds/air_dry_nearsealevel.density

   Medium: polystyrene             
 Sterncid: polystyrene             
     rho:    1.06000E+00 g/cm^3
 Elements: H   C   
    rhoz:    7.74180E-02   9.22582E-01
      pz:    7.68059E-02   7.68105E-02
  iunrst:     0
  iaprim:     1
    gasp:    0.00000E+00 atm.
  density correction file: /home/rsmina/EGSnrc/HEN_HOUSE/pegs4/density_corrections/compounds/polystyrene.density

   Medium: film                    
 Sterncid: film                    
     rho:    1.14000E+00 g/cm^3
 Elements: H   C   N   O   
    rhoz:    1.05000E-01   6.56000E-01   1.11000E-01   1.28000E-01
      pz:    1.04170E-01   5.46159E-02   7.92478E-03   8.00030E-03
  iunrst:     0
  iaprim:     1
    gasp:    0.00000E+00 atm.
  density correction file: /home/rsmina/EGSnrc/HEN_HOUSE/pegs4/density_corrections/compounds/radiochromicdyefilm_nylonbase.density


(Re)-initializing photon cross sections with files from the series: xcom

 Compton cross sections: default
 Using Compton cross sections from /home/rsmina/EGSnrc/HEN_HOUSE/data/compton_sigma.data

 Reading renormalized photoelectric cross sections ...... done

 Working on medium   1 ... 
  ->  100 atomic ff values computed!
      preparing data for Rayleigh sampling ... done

OK
 Working on medium   2 ... 
  ->  100 atomic ff values computed!
      preparing data for Rayleigh sampling ... done

OK
 Working on medium   3 ... 
  ->  100 atomic ff values computed!
      preparing data for Rayleigh sampling ... done

OK
 Working on medium   4 ... 
  ->  100 atomic ff values computed!
      preparing data for Rayleigh sampling ... done

OK
 Working on medium   5 ... 
  ->  100 atomic ff values computed!
      preparing data for Rayleigh sampling ... done

OK

Reading screened Rutherford MS data ...............  done 


Reading spin data base from /home/rsmina/EGSnrc/HEN_HOUSE/data/spinms.data
EGSnrc spin data, version 2.0   
Data generated on a machine with 1234 endianess
The endianess of this CPU is 1234
Ranges:      1.00   100.00  0.30054  1.00000


  medium    1 .....................  done
  medium    2 .....................  done
  medium    3 .....................  done
  medium    4 .....................  done
  medium    5 .....................  done
  
  Medium            1  sige =    172.75604562338430        235.60337980532134       monotone =  F F
  Medium            2  sige =    123.18338032147462        151.05228366131078       monotone =  F F
  Medium            3  sige =    89.591859601344183        103.21541676401796       monotone =  F F
  Medium            4  sige =    85.799574936291847        98.126563048670249       monotone =  F F
  Medium            5  sige =    84.596696459844324        96.521242628028816       monotone =  F F
  
  Initializing tmxs for estepe =   0.25000000000000000       and ximax =   0.50000000000000000     
  
  
 Radiative Compton corrections requested:
    Reading radiative Compton data ...  OK
    Modifying cross sections and branching ratios ... OK

Bound Compton scattering requested, reading data ......  Done

 Initializing Bound Compton scattering ......
 Medium   1 has  23 shells: 
   1 1054   1  0.02439 0.121E+01    88.004
   2 1055   2  0.02439 0.430E+01    15.861
   3 1056   3  0.02439 0.210E+01    15.200
   4 1057   4  0.04878 0.238E+01    13.035
   5 1058   5  0.02439 0.944E+01     3.851
   6 1059   6  0.02439 0.552E+01     3.554
   7 1060   7  0.04878 0.600E+01     3.066
   8 1061   8  0.04878 0.388E+01     2.586
   9 1062   9  0.07317 0.397E+01     2.484
  10 1063  10  0.02439 0.193E+02     0.894
  11 1064  11  0.02439 0.121E+02     0.764
  12 1065  12  0.04878 0.131E+02     0.645
  13 1066  13  0.04878 0.984E+01     0.434
  14 1067  14  0.07317 0.101E+02     0.412
  15 1068  15  0.02439 0.445E+02     0.148
  16 1069  16  0.02439 0.295E+02     0.105
  17 1070  17  0.04878 0.325E+02     0.086
  18 1071  18  0.07317 0.830E+01     0.141
  19 1072  19  0.09756 0.841E+01     0.136
  20 1073  20  0.04878 0.303E+02     0.020
  21 1074  21  0.07317 0.311E+02     0.018
  22 1075  22  0.02439 0.142E+03     0.007
  23 1076  23  0.02439 0.111E+03     0.007
 Medium   2 has  45 shells: 
   1   10   1  0.00036 0.210E+02     0.285
   2   11   2  0.00036 0.110E+03     0.011
   3   12   3  0.00036 0.669E+02     0.011
   4   45   1  0.00107 0.870E+01     1.839
   5   46   2  0.00107 0.377E+02     0.149
   6   47   3  0.00107 0.204E+02     0.100
   7   48   4  0.00214 0.204E+02     0.099
   8   49   5  0.00107 0.142E+03     0.008
   9   50   6  0.00107 0.102E+03     0.008
  10  120   1  0.01486 0.500E+01     5.989
  11  121   2  0.01486 0.192E+02     0.698
  12  122   3  0.01486 0.981E+01     0.585
  13  123   4  0.02971 0.981E+01     0.576
  14  124   5  0.01486 0.545E+02     0.075
  15  125   6  0.01486 0.347E+02     0.043
  16  126   7  0.02971 0.347E+02     0.043
  17  127   8  0.02971 0.721E+02     0.007
  18  128   9  0.01486 0.721E+02     0.007
  19  129   1  0.00078 0.480E+01     6.539
  20  130   2  0.00078 0.182E+02     0.769
  21  131   3  0.00078 0.933E+01     0.651
  22  132   4  0.00156 0.933E+01     0.639
  23  133   5  0.00078 0.511E+02     0.082
  24  134   6  0.00078 0.322E+02     0.047
  25  135   7  0.00156 0.322E+02     0.047
  26  136   8  0.00156 0.833E+02     0.007
  27  137   9  0.00117 0.833E+02     0.007
  28  138   1  0.05471 0.460E+01     7.112
  29  139   2  0.05471 0.174E+02     0.848
  30  140   3  0.05471 0.891E+01     0.721
  31  141   4  0.10943 0.891E+01     0.708
  32  142   5  0.05471 0.486E+02     0.092
  33  143   6  0.05471 0.306E+02     0.053
  34  144   7  0.10943 0.306E+02     0.053
  35  145   8  0.10943 0.737E+02     0.008
  36  146   9  0.10943 0.737E+02     0.008
  37  156   1  0.00658 0.426E+01     8.333
  38  157   2  0.00658 0.160E+02     1.008
  39  158   3  0.00658 0.815E+01     0.871
  40  159   4  0.01316 0.815E+01     0.854
  41  160   5  0.00658 0.445E+02     0.111
  42  161   6  0.00658 0.277E+02     0.067
  43  162   7  0.01316 0.277E+02     0.067
  44  163   8  0.01316 0.599E+02     0.008
  45  164   9  0.01974 0.599E+02     0.008
 Medium   3 has  18 shells: 
   1   10   1  0.00004 0.210E+02     0.285
   2   11   2  0.00004 0.110E+03     0.011
   3   12   3  0.00004 0.669E+02     0.011
   4   13   1  0.21604 0.178E+02     0.410
   5   14   2  0.21604 0.921E+02     0.015
   6   15   3  0.21604 0.558E+02     0.014
   7   16   4  0.10802 0.558E+02     0.014
   8   17   1  0.05804 0.155E+02     0.543
   9   18   2  0.05804 0.793E+02     0.024
  10   19   3  0.05804 0.479E+02     0.014
  11   20   4  0.05804 0.479E+02     0.014
  12   72   1  0.00129 0.671E+01     3.203
  13   73   2  0.00129 0.271E+02     0.326
  14   74   3  0.00129 0.142E+02     0.251
  15   75   4  0.00257 0.142E+02     0.249
  16   76   5  0.00129 0.889E+02     0.029
  17   77   6  0.00129 0.606E+02     0.016
  18   78   7  0.00257 0.606E+02     0.016
 Medium   4 has   4 shells: 
   1    1   1  0.14285 0.116E+03     0.014
   2   10   1  0.28572 0.210E+02     0.285
   3   11   2  0.28572 0.110E+03     0.011
   4   12   3  0.28572 0.669E+02     0.011
 Medium   5 has  12 shells: 
   1    1   1  0.18894 0.116E+03     0.014
   2   10   1  0.19812 0.210E+02     0.285
   3   11   2  0.19812 0.110E+03     0.011
   4   12   3  0.19812 0.669E+02     0.011
   5   13   1  0.02875 0.178E+02     0.410
   6   14   2  0.02875 0.921E+02     0.015
   7   15   3  0.02875 0.558E+02     0.014
   8   16   4  0.01437 0.558E+02     0.014
   9   17   1  0.02902 0.155E+02     0.543
  10   18   2  0.02902 0.793E+02     0.024
  11   19   3  0.02902 0.479E+02     0.014
  12   20   4  0.02902 0.479E+02     0.014
 ...... Done.

Output from subroutine EDGSET:
==============================
 Atomic relaxations requested! 

 Reading simplified photo-absorption data ..... Done

 Reading simplified relaxation data ..... Done

 Reading parametrized XCOM photo cross section data ..... Done

 Reading EADL relaxation data ......
  Z =  82 has 24 shells
  Z =   6 has  4 shells
  Z =  14 has  7 shells
  Z =  24 has 10 shells
  Z =  25 has 10 shells
  Z =  26 has 10 shells
  Z =  28 has 10 shells
  Z =   7 has  4 shells
  Z =   8 has  4 shells
  Z =  18 has  7 shells
  Z =   1 has  1 shells
 ...... Done.

  
 Using NRC brems cross sections! 
  
  Initializing brems data for medium            1 ...
  Max. new cross sections per energy loss:    172.71375768187906        235.60728196646150     
  Initializing brems data for medium            2 ...
  Max. new cross sections per energy loss:    123.18746932258490        151.05333992476235     
  Initializing brems data for medium            3 ...
  Max. new cross sections per energy loss:    89.603753795943703        103.21767115908033     
  Initializing brems data for medium            4 ...
  Max. new cross sections per energy loss:    85.809486150447540        98.128639733994149     
  Initializing brems data for medium            5 ...
  Max. new cross sections per energy loss:    84.606352682595968        96.523228134703402     
  
  


Reading NRC pair data base from /home/rsmina/EGSnrc/HEN_HOUSE/data/pair_nrc1.data
Data generated on a machine with 1234 endianess
The endianess of this CPU is 1234
Energy range of the data:     2.010  168.603
  medium    1 .....................  done
  medium    2 .....................  done
  medium    3 .....................  done
  medium    4 .....................  done
  medium    5 .....................  done
  
  
 eii_init: minimum threshold energy found:    1.0000000000000000E-003
 eii_init: number of shells to simulate EII:           11


Opened EII data file /home/rsmina/EGSnrc/HEN_HOUSE/data/eii_ik.data
 eii_init: reading EII data ...   OK 
  
 eii_init: for medium            1  adjusted sige =    172.18788716669485       monotone =  F
 eii_init: for medium            2  adjusted sige =    114.81674165871627       monotone =  F
 eii_init: for medium            3  adjusted sige =    89.567863404624333       monotone =  F
 init_triplet: reading triplet data ...  OK
   Preparing triplet fraction data for medium   1 ...  OK
   Preparing triplet fraction data for medium   2 ...  OK
   Preparing triplet fraction data for medium   3 ...  OK
   Preparing triplet fraction data for medium   4 ...  OK
   Preparing triplet fraction data for medium   5 ...  OK
EGSnrc SUCCESSFULLY 'HATCHED' FOR     5 MEDIA.


The following media are defined:
================================

  0  pb                       AE= 0.5120 AP= 0.0010 0
  1  steel                    AE= 0.5120 AP= 0.0010 1
  2  air                      AE= 0.5120 AP= 0.0010 2
  3  polystyrene              AE= 0.5120 AP= 0.0010 3
  4  film                     AE= 0.5120 AP= 0.0010 4


Transport parameter and cross section options:
==============================================
Photon cross sections                             mcdf-xcom       
Compton cross sections                            default         
Global Pcut                                       0.001
Pair cross sections                               NRC
Pair angular sampling                             KM
Triplet production                                On
Bound Compton scattering                          On
Radiative Compton corrections                     On
Rayleigh scattering                               On
Atomic relaxations                                eadl
Photoelectron angular sampling                    On
Photonuclear attenuation                          Off
Photonuclear cross sections                       default         

Global Ecut                                       0.512
Brems cross sections                              NRC
Brems angular sampling                            KM
Spin effects                                      On
Electron Impact Ionization                        ik              
Global Smax                                       1e+10
ESTEPE                                            0.25
Ximax                                             0.5
Boundary crossing algorithm                       Exact
Skin depth for BCA                                3
Electron-step algorithm                           EGSnrc
==============================================

initScoring(): you must provide both, 'regions' and 'bins' input


======================== geometry =====================
 type = EGS_UnionGeometry
 name = obi_system
 number of regions = 324
 geometries:
   profilex (type EGS_XYZGeometry)
   obi (type EGS_UnionGeometry)
   styrox (type EGS_XYZGeometry)
   air_prim_to_detector (type EGS_XYZGeometry)
=======================================================


The simulation uses the following source:
=========================================
 IAEA phase space source from anodeXRayWPbPortPhsp.1


Random number generator:
============================================
  type                = ranmar
  high resolution     = no
  initial seeds       = 33 97
  numbers used so far = 0


Run Control Object (RCO):
=========================
  type = simple


The following ausgab objects are included in the simulation
===========================================================


Particle Track Scoring (tracks)
======================================================
 - Scoring photon tracks       = YES
 - Scoring electron tracks     = NO
 - Scoring positron tracks     = NO
 - First event to score        = 0
 - Last event to score         = 10000
 - Track buffer size           = 1024
 - Output file name            = /home/rsmina/EGSnrc/egs_home/TB/BladesAndFilm.ptracks


===========================================
Radiative splitting Object (my_splitting)
===========================================

 - Splitting radiative events in 1000


===========================================


*******************************************
Dose Scoring Object (profilexFilm)
*******************************************

 - Regions in dose calculator :324


--------------------------------------
medium       rho/[g/cm**3]
--------------------------------------
pb          11.35
steel        8.06
air          0.00
polystyrene  1.06
film         1.14
--------------------------------------

*******************************************


 Will output dose to file:
 EGS_XYZGeometry: profilex
 file format:  3ddose
 file name: /home/rsmina/EGSnrc/egs_home/TB/profilexFilm.3ddose



Combine results only

calling combineResults()

                      Suming the following .egsdat files:
=======================================================================
 1 BladesAndFilm_w1.egsdat        ncase=25299978       cpu=7006.92    
 2 BladesAndFilm_w2.egsdat        ncase=25299978       cpu=6998.50    
 3 BladesAndFilm_w3.egsdat        ncase=25299978       cpu=6959.59    
 4 BladesAndFilm_w4.egsdat        ncase=25299978       cpu=7131.60    
 5 BladesAndFilm_w5.egsdat        ncase=25299978       cpu=6928.14    
 6 BladesAndFilm_w6.egsdat        ncase=25299978       cpu=6966.88    
 7 BladesAndFilm_w7.egsdat        ncase=25299978       cpu=7004.44    
 8 BladesAndFilm_w8.egsdat        ncase=25299978       cpu=7132.11    
 9 BladesAndFilm_w9.egsdat        ncase=25299978       cpu=6967.14    
10 BladesAndFilm_w10.egsdat       ncase=25299978       cpu=6939.84    
11 BladesAndFilm_w11.egsdat       ncase=25299978       cpu=6969.76    
12 BladesAndFilm_w12.egsdat       ncase=25299978       cpu=6921.27    
13 BladesAndFilm_w13.egsdat       ncase=25299978       cpu=7034.94    
14 BladesAndFilm_w14.egsdat       ncase=25299978       cpu=7046.14    
15 BladesAndFilm_w15.egsdat       ncase=25299978       cpu=6980.33    
16 BladesAndFilm_w16.egsdat       ncase=25299978       cpu=6978.03    
17 BladesAndFilm_w17.egsdat       ncase=25299978       cpu=7014.61    
18 BladesAndFilm_w18.egsdat       ncase=25299978       cpu=7044.51    
19 BladesAndFilm_w19.egsdat       ncase=25299978       cpu=6998.00    
20 BladesAndFilm_w20.egsdat       ncase=25299978       cpu=7049.05    
21 BladesAndFilm_w21.egsdat       ncase=25299978       cpu=7174.48    
22 BladesAndFilm_w22.egsdat       ncase=25299978       cpu=7063.61    
23 BladesAndFilm_w23.egsdat       ncase=25299978       cpu=7034.23    
24 BladesAndFilm_w24.egsdat       ncase=25299978       cpu=7001.31    
25 BladesAndFilm_w25.egsdat       ncase=25299978       cpu=7137.04    
26 BladesAndFilm_w26.egsdat       ncase=25299978       cpu=7127.99    
27 BladesAndFilm_w27.egsdat       ncase=25299978       cpu=7025.61    
28 BladesAndFilm_w28.egsdat       ncase=25299978       cpu=7013.91    
29 BladesAndFilm_w29.egsdat       ncase=25299978       cpu=7011.15    
30 BladesAndFilm_w30.egsdat       ncase=25299978       cpu=7115.90    
31 BladesAndFilm_w31.egsdat       ncase=25299978       cpu=7073.17    
32 BladesAndFilm_w32.egsdat       ncase=25299978       cpu=7045.48    
33 BladesAndFilm_w33.egsdat       ncase=25299978       cpu=7034.21    
34 BladesAndFilm_w34.egsdat       ncase=25299978       cpu=7063.26    
35 BladesAndFilm_w35.egsdat       ncase=25299978       cpu=7045.06    
36 BladesAndFilm_w36.egsdat       ncase=25299978       cpu=7175.12    
37 BladesAndFilm_w37.egsdat       ncase=25299978       cpu=7195.84    
38 BladesAndFilm_w38.egsdat       ncase=25299978       cpu=7097.20    
39 BladesAndFilm_w39.egsdat       ncase=25299978       cpu=7048.33    
40 BladesAndFilm_w40.egsdat       ncase=25299978       cpu=7101.48    
41 BladesAndFilm_w41.egsdat       ncase=25299978       cpu=7150.85    
42 BladesAndFilm_w42.egsdat       ncase=25299978       cpu=7163.97    
43 BladesAndFilm_w43.egsdat       ncase=25299978       cpu=7112.06    
44 BladesAndFilm_w44.egsdat       ncase=25299978       cpu=7206.40    
45 BladesAndFilm_w45.egsdat       ncase=25299978       cpu=7136.98    
46 BladesAndFilm_w46.egsdat       ncase=25299978       cpu=7183.24    
47 BladesAndFilm_w47.egsdat       ncase=25299978       cpu=7197.78    
48 BladesAndFilm_w48.egsdat       ncase=25299978       cpu=7101.70    
49 BladesAndFilm_w49.egsdat       ncase=25299978       cpu=7132.76    
50 BladesAndFilm_w50.egsdat       ncase=25299978       cpu=7233.25    
51 BladesAndFilm_w51.egsdat       ncase=25299978       cpu=7109.98    
52 BladesAndFilm_w52.egsdat       ncase=22999980       cpu=6740.84    
53 BladesAndFilm_w53.egsdat       ncase=25299978       cpu=7159.36    
54 BladesAndFilm_w54.egsdat       ncase=25299978       cpu=7144.70    
55 BladesAndFilm_w55.egsdat       ncase=25299978       cpu=7222.94    
56 BladesAndFilm_w56.egsdat       ncase=25299978       cpu=7185.07    
57 BladesAndFilm_w57.egsdat       ncase=25299978       cpu=7131.78    
58 BladesAndFilm_w58.egsdat       ncase=25299978       cpu=7295.43    
59 BladesAndFilm_w59.egsdat       ncase=25299978       cpu=7213.77    
60 BladesAndFilm_w60.egsdat       ncase=25299978       cpu=7125.15    
61 BladesAndFilm_w61.egsdat       ncase=25299978       cpu=6991.69    
62 BladesAndFilm_w62.egsdat       ncase=25299978       cpu=7006.71    
63 BladesAndFilm_w63.egsdat       ncase=25299978       cpu=6963.55    
64 BladesAndFilm_w64.egsdat       ncase=25299978       cpu=7013.33    
65 BladesAndFilm_w65.egsdat       ncase=25299978       cpu=7023.77    
66 BladesAndFilm_w66.egsdat       ncase=25299978       cpu=6968.66    
67 BladesAndFilm_w67.egsdat       ncase=25299978       cpu=6953.36    
68 BladesAndFilm_w68.egsdat       ncase=25299978       cpu=6994.87    
69 BladesAndFilm_w69.egsdat       ncase=25299978       cpu=7004.71    
70 BladesAndFilm_w70.egsdat       ncase=25299978       cpu=7013.49    
71 BladesAndFilm_w71.egsdat       ncase=25299978       cpu=6948.91    
72 BladesAndFilm_w72.egsdat       ncase=25299978       cpu=7029.97    
73 BladesAndFilm_w73.egsdat       ncase=25299978       cpu=6956.08    
74 BladesAndFilm_w74.egsdat       ncase=25299978       cpu=6970.80    
75 BladesAndFilm_w75.egsdat       ncase=25299978       cpu=6974.39    
76 BladesAndFilm_w76.egsdat       ncase=25299978       cpu=7061.32    
77 BladesAndFilm_w77.egsdat       ncase=25299978       cpu=6994.90    
78 BladesAndFilm_w78.egsdat       ncase=25299978       cpu=6990.92    
79 BladesAndFilm_w79.egsdat       ncase=25299978       cpu=6973.28    
80 BladesAndFilm_w80.egsdat       ncase=25299978       cpu=6751.08    
81 BladesAndFilm_w81.egsdat       ncase=25299978       cpu=6830.62    
82 BladesAndFilm_w82.egsdat       ncase=25299978       cpu=6919.09    
83 BladesAndFilm_w83.egsdat       ncase=25299978       cpu=6816.50    
84 BladesAndFilm_w84.egsdat       ncase=25299978       cpu=6839.97    
85 BladesAndFilm_w85.egsdat       ncase=25299978       cpu=6819.38    
86 BladesAndFilm_w86.egsdat       ncase=25299978       cpu=6856.04    
87 BladesAndFilm_w87.egsdat       ncase=25299978       cpu=6746.49    
88 BladesAndFilm_w88.egsdat       ncase=25299978       cpu=6849.00    
89 BladesAndFilm_w89.egsdat       ncase=25299978       cpu=6831.86    
90 BladesAndFilm_w90.egsdat       ncase=25299978       cpu=6845.18    
91 BladesAndFilm_w91.egsdat       ncase=25299978       cpu=6727.92    
92 BladesAndFilm_w92.egsdat       ncase=25299978       cpu=6807.06    
93 BladesAndFilm_w93.egsdat       ncase=25299978       cpu=6720.15    
94 BladesAndFilm_w94.egsdat       ncase=25299978       cpu=6867.67    
95 BladesAndFilm_w95.egsdat       ncase=25299978       cpu=6708.63    
96 BladesAndFilm_w96.egsdat       ncase=25299978       cpu=6714.83    
97 BladesAndFilm_w97.egsdat       ncase=25299978       cpu=6969.48    
98 BladesAndFilm_w98.egsdat       ncase=25299978       cpu=6807.02    
99 BladesAndFilm_w99.egsdat       ncase=25299978       cpu=6740.03    
100 BladesAndFilm_w100.egsdat      ncase=25299978       cpu=6781.94    
101 BladesAndFilm_w101.egsdat      ncase=25299978       cpu=6910.62    
102 BladesAndFilm_w102.egsdat      ncase=25299978       cpu=6814.34    
103 BladesAndFilm_w103.egsdat      ncase=25299978       cpu=6751.57    
104 BladesAndFilm_w104.egsdat      ncase=25299978       cpu=7170.39    
105 BladesAndFilm_w105.egsdat      ncase=25299978       cpu=7165.39    
106 BladesAndFilm_w106.egsdat      ncase=25299978       cpu=7105.94    
107 BladesAndFilm_w107.egsdat      ncase=25299978       cpu=7109.54    
108 BladesAndFilm_w108.egsdat      ncase=25299978       cpu=7188.61    
109 BladesAndFilm_w109.egsdat      ncase=25299978       cpu=7085.17    
110 BladesAndFilm_w110.egsdat      ncase=25299978       cpu=7115.23    
111 BladesAndFilm_w111.egsdat      ncase=25299978       cpu=7118.06    
112 BladesAndFilm_w112.egsdat      ncase=25299978       cpu=7098.28    
113 BladesAndFilm_w113.egsdat      ncase=22999980       cpu=6727.66    
114 BladesAndFilm_w114.egsdat      ncase=25299978       cpu=7208.12    
115 BladesAndFilm_w115.egsdat      ncase=25299978       cpu=7222.40    
116 BladesAndFilm_w116.egsdat      ncase=25299978       cpu=7120.32    
117 BladesAndFilm_w117.egsdat      ncase=25299978       cpu=7123.20    
118 BladesAndFilm_w118.egsdat      ncase=22999980       cpu=6701.58    
119 BladesAndFilm_w119.egsdat      ncase=25299978       cpu=7244.88    
120 BladesAndFilm_w120.egsdat      ncase=25299978       cpu=7140.06    
121 BladesAndFilm_w121.egsdat      ncase=25299978       cpu=7095.33    
122 BladesAndFilm_w122.egsdat      ncase=25299978       cpu=7119.46    
123 BladesAndFilm_w123.egsdat      ncase=25299978       cpu=7180.67    
124 BladesAndFilm_w124.egsdat      ncase=25299978       cpu=7023.64    
125 BladesAndFilm_w125.egsdat      ncase=25299978       cpu=6896.56    
126 BladesAndFilm_w126.egsdat      ncase=25299978       cpu=6968.45    
127 BladesAndFilm_w127.egsdat      ncase=25299978       cpu=7005.11    
128 BladesAndFilm_w128.egsdat      ncase=25299978       cpu=6940.74    
129 BladesAndFilm_w129.egsdat      ncase=25299978       cpu=7038.45    
130 BladesAndFilm_w130.egsdat      ncase=25299978       cpu=7057.44    
131 BladesAndFilm_w131.egsdat      ncase=25299978       cpu=7047.56    
132 BladesAndFilm_w132.egsdat      ncase=25299978       cpu=7151.72    
133 BladesAndFilm_w133.egsdat      ncase=25299978       cpu=7017.70    
134 BladesAndFilm_w134.egsdat      ncase=25299978       cpu=7034.39    
135 BladesAndFilm_w135.egsdat      ncase=25299978       cpu=6954.84    
136 BladesAndFilm_w136.egsdat      ncase=25299978       cpu=6929.40    
137 BladesAndFilm_w137.egsdat      ncase=25299978       cpu=6985.26    
138 BladesAndFilm_w138.egsdat      ncase=25299978       cpu=7123.65    
139 BladesAndFilm_w139.egsdat      ncase=25299978       cpu=6928.22    
140 BladesAndFilm_w140.egsdat      ncase=25299978       cpu=6971.69    
141 BladesAndFilm_w141.egsdat      ncase=25299978       cpu=7186.61    
142 BladesAndFilm_w142.egsdat      ncase=25299978       cpu=6900.77    
143 BladesAndFilm_w143.egsdat      ncase=25299978       cpu=6980.23    
144 BladesAndFilm_w144.egsdat      ncase=29899974       cpu=7042.17    
145 BladesAndFilm_w145.egsdat      ncase=29899974       cpu=7048.00    
146 BladesAndFilm_w146.egsdat      ncase=29899974       cpu=7139.95    
147 BladesAndFilm_w147.egsdat      ncase=29899974       cpu=7071.42    
148 BladesAndFilm_w148.egsdat      ncase=29899974       cpu=7060.28    
149 BladesAndFilm_w149.egsdat      ncase=29899974       cpu=7092.45    
150 BladesAndFilm_w150.egsdat      ncase=27599976       cpu=6629.81    
151 BladesAndFilm_w151.egsdat      ncase=29899974       cpu=7106.70    
152 BladesAndFilm_w152.egsdat      ncase=27599976       cpu=6689.55    
153 BladesAndFilm_w153.egsdat      ncase=27599976       cpu=6675.09    
154 BladesAndFilm_w154.egsdat      ncase=27599976       cpu=6610.35    
155 BladesAndFilm_w155.egsdat      ncase=27599976       cpu=6641.62    
156 BladesAndFilm_w156.egsdat      ncase=29899974       cpu=7099.69    
157 BladesAndFilm_w157.egsdat      ncase=27599976       cpu=6640.74    
158 BladesAndFilm_w158.egsdat      ncase=27599976       cpu=6678.60    
159 BladesAndFilm_w159.egsdat      ncase=27599976       cpu=6785.33    
160 BladesAndFilm_w160.egsdat      ncase=25299978       cpu=6959.75    
161 BladesAndFilm_w161.egsdat      ncase=25299978       cpu=6976.65    
162 BladesAndFilm_w162.egsdat      ncase=25299978       cpu=6906.94    
163 BladesAndFilm_w163.egsdat      ncase=25299978       cpu=6931.81    
164 BladesAndFilm_w164.egsdat      ncase=25299978       cpu=7094.81    
165 BladesAndFilm_w165.egsdat      ncase=25299978       cpu=6981.39    
166 BladesAndFilm_w166.egsdat      ncase=25299978       cpu=6945.44    
167 BladesAndFilm_w167.egsdat      ncase=25299978       cpu=6994.40    
168 BladesAndFilm_w168.egsdat      ncase=25299978       cpu=6970.93    
169 BladesAndFilm_w169.egsdat      ncase=25299978       cpu=6998.92    
170 BladesAndFilm_w170.egsdat      ncase=25299978       cpu=6926.98    
171 BladesAndFilm_w171.egsdat      ncase=25299978       cpu=7027.21    
172 BladesAndFilm_w172.egsdat      ncase=25299978       cpu=7030.63    
173 BladesAndFilm_w173.egsdat      ncase=25299978       cpu=6965.76    
174 BladesAndFilm_w174.egsdat      ncase=25299978       cpu=6945.92    
175 BladesAndFilm_w175.egsdat      ncase=25299978       cpu=7077.42    
176 BladesAndFilm_w176.egsdat      ncase=25299978       cpu=6890.74    
177 BladesAndFilm_w177.egsdat      ncase=25299978       cpu=7012.02    
178 BladesAndFilm_w178.egsdat      ncase=25299978       cpu=6931.86    
179 BladesAndFilm_w179.egsdat      ncase=25299978       cpu=6904.85    
180 BladesAndFilm_w180.egsdat      ncase=25299978       cpu=6928.27    
181 BladesAndFilm_w181.egsdat      ncase=25299978       cpu=6920.63    
182 BladesAndFilm_w182.egsdat      ncase=25299978       cpu=7118.05    
183 BladesAndFilm_w183.egsdat      ncase=25299978       cpu=7071.37    
184 BladesAndFilm_w184.egsdat      ncase=25299978       cpu=6922.91    
185 BladesAndFilm_w185.egsdat      ncase=25299978       cpu=7084.07    
186 BladesAndFilm_w186.egsdat      ncase=25299978       cpu=6922.60    
187 BladesAndFilm_w187.egsdat      ncase=25299978       cpu=6897.00    
188 BladesAndFilm_w188.egsdat      ncase=25299978       cpu=6932.80    
189 BladesAndFilm_w189.egsdat      ncase=25299978       cpu=7018.52    
190 BladesAndFilm_w190.egsdat      ncase=25299978       cpu=7020.58    
191 BladesAndFilm_w191.egsdat      ncase=25299978       cpu=6979.85    
192 BladesAndFilm_w192.egsdat      ncase=25299978       cpu=7038.36    
193 BladesAndFilm_w193.egsdat      ncase=25299978       cpu=6917.35    
194 BladesAndFilm_w194.egsdat      ncase=25299978       cpu=7026.81    
195 BladesAndFilm_w195.egsdat      ncase=25299978       cpu=6919.86    
196 BladesAndFilm_w196.egsdat      ncase=25299978       cpu=6890.98    
197 BladesAndFilm_w197.egsdat      ncase=25299978       cpu=6889.09    
198 BladesAndFilm_w198.egsdat      ncase=25299978       cpu=6906.67    
199 BladesAndFilm_w199.egsdat      ncase=25299978       cpu=6959.12    
200 BladesAndFilm_w200.egsdat      ncase=25299978       cpu=6962.15    
201 BladesAndFilm_w201.egsdat      ncase=25299978       cpu=6900.02    
202 BladesAndFilm_w202.egsdat      ncase=25299978       cpu=6957.46    
203 BladesAndFilm_w203.egsdat      ncase=25299978       cpu=6882.00    
204 BladesAndFilm_w204.egsdat      ncase=25299978       cpu=6914.62    
205 BladesAndFilm_w205.egsdat      ncase=25299978       cpu=6904.02    
206 BladesAndFilm_w206.egsdat      ncase=25299978       cpu=6903.31    
207 BladesAndFilm_w207.egsdat      ncase=25299978       cpu=7052.40    
208 BladesAndFilm_w208.egsdat      ncase=25299978       cpu=6955.47    
209 BladesAndFilm_w209.egsdat      ncase=25299978       cpu=6995.08    
210 BladesAndFilm_w210.egsdat      ncase=25299978       cpu=6947.65    
211 BladesAndFilm_w211.egsdat      ncase=25299978       cpu=7056.38    
212 BladesAndFilm_w212.egsdat      ncase=25299978       cpu=6880.53    
213 BladesAndFilm_w213.egsdat      ncase=25299978       cpu=6902.56    
214 BladesAndFilm_w214.egsdat      ncase=25299978       cpu=6930.65    
215 BladesAndFilm_w215.egsdat      ncase=25299978       cpu=6904.84    
216 BladesAndFilm_w216.egsdat      ncase=25299978       cpu=7057.97    
217 BladesAndFilm_w217.egsdat      ncase=25299978       cpu=7029.83    
218 BladesAndFilm_w218.egsdat      ncase=25299978       cpu=6918.63    
219 BladesAndFilm_w219.egsdat      ncase=25299978       cpu=6997.14    
220 BladesAndFilm_w220.egsdat      ncase=25299978       cpu=6851.99    
221 BladesAndFilm_w221.egsdat      ncase=25299978       cpu=6924.65    
222 BladesAndFilm_w222.egsdat      ncase=25299978       cpu=6901.56    
223 BladesAndFilm_w223.egsdat      ncase=25299978       cpu=6891.31    
224 BladesAndFilm_w224.egsdat      ncase=25299978       cpu=6897.53    
225 BladesAndFilm_w225.egsdat      ncase=25299978       cpu=6817.92    
226 BladesAndFilm_w226.egsdat      ncase=25299978       cpu=6769.35    
227 BladesAndFilm_w227.egsdat      ncase=25299978       cpu=6892.12    
228 BladesAndFilm_w228.egsdat      ncase=25299978       cpu=6938.35    
229 BladesAndFilm_w229.egsdat      ncase=25299978       cpu=6816.19    
230 BladesAndFilm_w230.egsdat      ncase=25299978       cpu=6833.41    
231 BladesAndFilm_w231.egsdat      ncase=25299978       cpu=6845.22    
232 BladesAndFilm_w232.egsdat      ncase=25299978       cpu=6828.37    
233 BladesAndFilm_w233.egsdat      ncase=25299978       cpu=6863.99    
234 BladesAndFilm_w234.egsdat      ncase=25299978       cpu=6934.37    
235 BladesAndFilm_w235.egsdat      ncase=25299978       cpu=6833.12    
236 BladesAndFilm_w236.egsdat      ncase=25299978       cpu=6883.18    
237 BladesAndFilm_w237.egsdat      ncase=25299978       cpu=6891.52    
238 BladesAndFilm_w238.egsdat      ncase=25299978       cpu=6838.24    
239 BladesAndFilm_w239.egsdat      ncase=25299978       cpu=6853.54    
240 BladesAndFilm_w240.egsdat      ncase=25299978       cpu=6921.49    
241 BladesAndFilm_w241.egsdat      ncase=25299978       cpu=6969.53    
242 BladesAndFilm_w242.egsdat      ncase=25299978       cpu=7115.52    
243 BladesAndFilm_w243.egsdat      ncase=25299978       cpu=6901.51    
244 BladesAndFilm_w244.egsdat      ncase=25299978       cpu=7028.71    
245 BladesAndFilm_w245.egsdat      ncase=25299978       cpu=6914.10    
246 BladesAndFilm_w246.egsdat      ncase=25299978       cpu=7036.82    
247 BladesAndFilm_w247.egsdat      ncase=25299978       cpu=6918.86    
248 BladesAndFilm_w248.egsdat      ncase=25299978       cpu=6955.10    
249 BladesAndFilm_w249.egsdat      ncase=25299978       cpu=6979.99    
250 BladesAndFilm_w250.egsdat      ncase=25299978       cpu=6946.37    
251 BladesAndFilm_w251.egsdat      ncase=25299978       cpu=7095.06    
252 BladesAndFilm_w252.egsdat      ncase=25299978       cpu=6970.77    
253 BladesAndFilm_w253.egsdat      ncase=25299978       cpu=6977.81    
254 BladesAndFilm_w254.egsdat      ncase=25299978       cpu=7001.07    
255 BladesAndFilm_w255.egsdat      ncase=25299978       cpu=7113.18    
256 BladesAndFilm_w256.egsdat      ncase=25299978       cpu=6947.05    
257 BladesAndFilm_w257.egsdat      ncase=25299978       cpu=6918.80    
258 BladesAndFilm_w258.egsdat      ncase=25299978       cpu=6951.29    
259 BladesAndFilm_w259.egsdat      ncase=22999980       cpu=6777.61    
260 BladesAndFilm_w260.egsdat      ncase=25299978       cpu=6974.20    
261 BladesAndFilm_w261.egsdat      ncase=25299978       cpu=6975.63    
262 BladesAndFilm_w262.egsdat      ncase=25299978       cpu=6988.64    
263 BladesAndFilm_w263.egsdat      ncase=25299978       cpu=6963.43    
264 BladesAndFilm_w264.egsdat      ncase=25299978       cpu=6955.47    
265 BladesAndFilm_w265.egsdat      ncase=25299978       cpu=6990.25    
266 BladesAndFilm_w266.egsdat      ncase=25299978       cpu=6967.29    
267 BladesAndFilm_w267.egsdat      ncase=25299978       cpu=6936.62    
268 BladesAndFilm_w268.egsdat      ncase=25299978       cpu=6963.65    
269 BladesAndFilm_w269.egsdat      ncase=25299978       cpu=6968.49    
270 BladesAndFilm_w270.egsdat      ncase=25299978       cpu=6996.66    
271 BladesAndFilm_w271.egsdat      ncase=25299978       cpu=6978.97    
272 BladesAndFilm_w272.egsdat      ncase=25299978       cpu=6958.00    
273 BladesAndFilm_w273.egsdat      ncase=25299978       cpu=6978.63    
274 BladesAndFilm_w274.egsdat      ncase=25299978       cpu=7008.38    
275 BladesAndFilm_w275.egsdat      ncase=25299978       cpu=6920.16    
276 BladesAndFilm_w276.egsdat      ncase=25299978       cpu=6984.42    
277 BladesAndFilm_w277.egsdat      ncase=25299978       cpu=6973.51    
278 BladesAndFilm_w278.egsdat      ncase=25299978       cpu=6928.56    
279 BladesAndFilm_w279.egsdat      ncase=25299978       cpu=6939.38    
280 BladesAndFilm_w280.egsdat      ncase=22999980       cpu=6667.69    
281 BladesAndFilm_w281.egsdat      ncase=22999980       cpu=6526.32    
282 BladesAndFilm_w282.egsdat      ncase=22999980       cpu=6572.59    
283 BladesAndFilm_w283.egsdat      ncase=22999980       cpu=6513.56    
284 BladesAndFilm_w284.egsdat      ncase=22999980       cpu=6571.91    
285 BladesAndFilm_w285.egsdat      ncase=22999980       cpu=6548.17    
286 BladesAndFilm_w286.egsdat      ncase=22999980       cpu=6571.96    
287 BladesAndFilm_w287.egsdat      ncase=22999980       cpu=6666.15    
288 BladesAndFilm_w288.egsdat      ncase=22999980       cpu=6543.35    
289 BladesAndFilm_w289.egsdat      ncase=22999980       cpu=6533.05    
290 BladesAndFilm_w290.egsdat      ncase=22999980       cpu=6574.37    
291 BladesAndFilm_w291.egsdat      ncase=22999980       cpu=6729.87    
292 BladesAndFilm_w292.egsdat      ncase=22999980       cpu=6725.12    
293 BladesAndFilm_w293.egsdat      ncase=22999980       cpu=6676.28    
294 BladesAndFilm_w294.egsdat      ncase=22999980       cpu=6611.96    
295 BladesAndFilm_w295.egsdat      ncase=22999980       cpu=6581.65    
296 BladesAndFilm_w296.egsdat      ncase=22999980       cpu=6540.38    
297 BladesAndFilm_w297.egsdat      ncase=22999980       cpu=6583.00    
298 BladesAndFilm_w298.egsdat      ncase=22999980       cpu=6547.73    
299 BladesAndFilm_w299.egsdat      ncase=22999980       cpu=6684.27    
300 BladesAndFilm_w300.egsdat      ncase=22999980       cpu=6509.84    
301 BladesAndFilm_w301.egsdat      ncase=22999980       cpu=6606.00    
302 BladesAndFilm_w302.egsdat      ncase=22999980       cpu=6512.98    
303 BladesAndFilm_w303.egsdat      ncase=22999980       cpu=6490.88    
304 BladesAndFilm_w304.egsdat      ncase=22999980       cpu=6569.50    
305 BladesAndFilm_w305.egsdat      ncase=22999980       cpu=6604.04    
306 BladesAndFilm_w306.egsdat      ncase=22999980       cpu=6565.99    
307 BladesAndFilm_w307.egsdat      ncase=22999980       cpu=6631.19    
308 BladesAndFilm_w308.egsdat      ncase=22999980       cpu=6545.09    
309 BladesAndFilm_w309.egsdat      ncase=22999980       cpu=6483.03    
310 BladesAndFilm_w310.egsdat      ncase=22999980       cpu=6552.31    
311 BladesAndFilm_w311.egsdat      ncase=22999980       cpu=6551.13    
312 BladesAndFilm_w312.egsdat      ncase=22999980       cpu=6647.91    
313 BladesAndFilm_w313.egsdat      ncase=22999980       cpu=6469.74    
314 BladesAndFilm_w314.egsdat      ncase=22999980       cpu=6549.54    
315 BladesAndFilm_w315.egsdat      ncase=22999980       cpu=6517.74    
316 BladesAndFilm_w316.egsdat      ncase=22999980       cpu=6505.28    
317 BladesAndFilm_w317.egsdat      ncase=22999980       cpu=6560.15    
318 BladesAndFilm_w318.egsdat      ncase=22999980       cpu=6452.78    
319 BladesAndFilm_w319.egsdat      ncase=22999980       cpu=6588.71    
320 BladesAndFilm_w320.egsdat      ncase=25299978       cpu=6467.24    
321 BladesAndFilm_w321.egsdat      ncase=25299978       cpu=6453.83    
322 BladesAndFilm_w322.egsdat      ncase=25299978       cpu=6467.62    
323 BladesAndFilm_w323.egsdat      ncase=25299978       cpu=6447.63    
324 BladesAndFilm_w324.egsdat      ncase=27599976       cpu=6983.50    
325 BladesAndFilm_w325.egsdat      ncase=27599976       cpu=7000.10    
326 BladesAndFilm_w326.egsdat      ncase=25299978       cpu=6538.39    
327 BladesAndFilm_w327.egsdat      ncase=25299978       cpu=6548.86    
328 BladesAndFilm_w328.egsdat      ncase=27599976       cpu=6970.33    
329 BladesAndFilm_w329.egsdat      ncase=27599976       cpu=6973.53    
330 BladesAndFilm_w330.egsdat      ncase=25299978       cpu=6471.28    
331 BladesAndFilm_w331.egsdat      ncase=27599976       cpu=6964.72    
332 BladesAndFilm_w332.egsdat      ncase=25299978       cpu=6482.93    
333 BladesAndFilm_w333.egsdat      ncase=27599976       cpu=6989.49    
334 BladesAndFilm_w334.egsdat      ncase=27599976       cpu=6982.76    
335 BladesAndFilm_w335.egsdat      ncase=22999980       cpu=6817.82    
336 BladesAndFilm_w336.egsdat      ncase=22999980       cpu=6903.92    
337 BladesAndFilm_w337.egsdat      ncase=22999980       cpu=6829.59    
338 BladesAndFilm_w338.egsdat      ncase=22999980       cpu=6894.46    
339 BladesAndFilm_w339.egsdat      ncase=22999980       cpu=6775.88    
340 BladesAndFilm_w340.egsdat      ncase=22999980       cpu=6822.89    
341 BladesAndFilm_w341.egsdat      ncase=22999980       cpu=6846.28    
342 BladesAndFilm_w342.egsdat      ncase=22999980       cpu=6805.46    
343 BladesAndFilm_w343.egsdat      ncase=22999980       cpu=6816.15    
344 BladesAndFilm_w344.egsdat      ncase=22999980       cpu=6689.31    
345 BladesAndFilm_w345.egsdat      ncase=22999980       cpu=6567.32    
346 BladesAndFilm_w346.egsdat      ncase=22999980       cpu=6625.12    
347 BladesAndFilm_w347.egsdat      ncase=22999980       cpu=6515.09    
348 BladesAndFilm_w348.egsdat      ncase=22999980       cpu=6695.58    
349 BladesAndFilm_w349.egsdat      ncase=22999980       cpu=6551.41    
350 BladesAndFilm_w350.egsdat      ncase=22999980       cpu=6543.12    
351 BladesAndFilm_w351.egsdat      ncase=27599976       cpu=6907.88    
352 BladesAndFilm_w352.egsdat      ncase=27599976       cpu=6929.19    
353 BladesAndFilm_w353.egsdat      ncase=27599976       cpu=6937.83    
354 BladesAndFilm_w354.egsdat      ncase=25299978       cpu=6496.20    
355 BladesAndFilm_w355.egsdat      ncase=27599976       cpu=6960.44    
356 BladesAndFilm_w356.egsdat      ncase=25299978       cpu=6405.10    
357 BladesAndFilm_w357.egsdat      ncase=27599976       cpu=6875.12    
358 BladesAndFilm_w358.egsdat      ncase=27599976       cpu=6965.07    
359 BladesAndFilm_w359.egsdat      ncase=27599976       cpu=6950.61    
360 BladesAndFilm_w360.egsdat      ncase=27599976       cpu=6926.24    
361 BladesAndFilm_w361.egsdat      ncase=27599976       cpu=6951.27    
362 BladesAndFilm_w362.egsdat      ncase=25299978       cpu=6423.97    
363 BladesAndFilm_w363.egsdat      ncase=27599976       cpu=6955.84    
364 BladesAndFilm_w364.egsdat      ncase=27599976       cpu=6894.28    
365 BladesAndFilm_w365.egsdat      ncase=25299978       cpu=6393.21    
366 BladesAndFilm_w366.egsdat      ncase=27599976       cpu=6910.79    
367 BladesAndFilm_w367.egsdat      ncase=22999980       cpu=6581.01    
368 BladesAndFilm_w368.egsdat      ncase=22999980       cpu=6468.77    
369 BladesAndFilm_w369.egsdat      ncase=22999980       cpu=6457.99    
370 BladesAndFilm_w370.egsdat      ncase=22999980       cpu=6632.44    
371 BladesAndFilm_w371.egsdat      ncase=22999980       cpu=6611.31    
372 BladesAndFilm_w372.egsdat      ncase=22999980       cpu=6505.52    
373 BladesAndFilm_w373.egsdat      ncase=22999980       cpu=6455.87    
374 BladesAndFilm_w374.egsdat      ncase=22999980       cpu=6515.98    
375 BladesAndFilm_w375.egsdat      ncase=22999980       cpu=6877.42    
376 BladesAndFilm_w376.egsdat      ncase=22999980       cpu=6743.22    
377 BladesAndFilm_w377.egsdat      ncase=22999980       cpu=6685.76    
378 BladesAndFilm_w378.egsdat      ncase=22999980       cpu=6744.42    
379 BladesAndFilm_w379.egsdat      ncase=22999980       cpu=6682.44    
380 BladesAndFilm_w380.egsdat      ncase=22999980       cpu=6650.57    
381 BladesAndFilm_w381.egsdat      ncase=22999980       cpu=6665.63    
382 BladesAndFilm_w382.egsdat      ncase=22999980       cpu=6663.55    
383 BladesAndFilm_w383.egsdat      ncase=22999980       cpu=6413.82    
384 BladesAndFilm_w384.egsdat      ncase=22999980       cpu=6459.05    
385 BladesAndFilm_w385.egsdat      ncase=22999980       cpu=6459.97    
386 BladesAndFilm_w386.egsdat      ncase=22999980       cpu=6410.94    
387 BladesAndFilm_w387.egsdat      ncase=22999980       cpu=6413.10    
388 BladesAndFilm_w388.egsdat      ncase=22999980       cpu=6445.89    
389 BladesAndFilm_w389.egsdat      ncase=22999980       cpu=6444.77    
390 BladesAndFilm_w390.egsdat      ncase=22999980       cpu=6458.10    
391 BladesAndFilm_w391.egsdat      ncase=25299978       cpu=6409.22    
392 BladesAndFilm_w392.egsdat      ncase=25299978       cpu=6376.60    
393 BladesAndFilm_w393.egsdat      ncase=27599976       cpu=6870.82    
394 BladesAndFilm_w394.egsdat      ncase=25299978       cpu=6373.27    
395 BladesAndFilm_w395.egsdat      ncase=27599976       cpu=6908.03    
396 BladesAndFilm_w396.egsdat      ncase=25299978       cpu=6378.42    
397 BladesAndFilm_w397.egsdat      ncase=25299978       cpu=6429.15    
398 BladesAndFilm_w398.egsdat      ncase=25299978       cpu=6467.25    
399 BladesAndFilm_w399.egsdat      ncase=25299978       cpu=6385.14    
400 BladesAndFilm_w400.egsdat      ncase=27599976       cpu=6904.62    
401 BladesAndFilm_w401.egsdat      ncase=25299978       cpu=6383.34    
402 BladesAndFilm_w402.egsdat      ncase=25299978       cpu=6442.15    
403 BladesAndFilm_w403.egsdat      ncase=27599976       cpu=6888.10    
404 BladesAndFilm_w404.egsdat      ncase=25299978       cpu=6385.74    
405 BladesAndFilm_w405.egsdat      ncase=25299978       cpu=6396.41    
406 BladesAndFilm_w406.egsdat      ncase=25299978       cpu=6442.61    
407 BladesAndFilm_w407.egsdat      ncase=27599976       cpu=6872.40    
408 BladesAndFilm_w408.egsdat      ncase=25299978       cpu=6359.86    
409 BladesAndFilm_w409.egsdat      ncase=25299978       cpu=6395.46    
410 BladesAndFilm_w410.egsdat      ncase=25299978       cpu=6403.05    
411 BladesAndFilm_w411.egsdat      ncase=25299978       cpu=6412.96    
412 BladesAndFilm_w412.egsdat      ncase=25299978       cpu=6464.77    
413 BladesAndFilm_w413.egsdat      ncase=25299978       cpu=6501.80    
414 BladesAndFilm_w414.egsdat      ncase=25299978       cpu=6375.93    
415 BladesAndFilm_w415.egsdat      ncase=25299978       cpu=6427.91    
416 BladesAndFilm_w416.egsdat      ncase=27599976       cpu=6868.88    
417 BladesAndFilm_w417.egsdat      ncase=25299978       cpu=6820.45    
418 BladesAndFilm_w418.egsdat      ncase=25299978       cpu=6471.54    
419 BladesAndFilm_w419.egsdat      ncase=25299978       cpu=6486.30    
420 BladesAndFilm_w420.egsdat      ncase=25299978       cpu=6444.57    
421 BladesAndFilm_w421.egsdat      ncase=27599976       cpu=6883.05    
422 BladesAndFilm_w422.egsdat      ncase=27599976       cpu=6894.07    
423 BladesAndFilm_w423.egsdat      ncase=22999980       cpu=6512.09    
424 BladesAndFilm_w424.egsdat      ncase=22999980       cpu=6492.72    
425 BladesAndFilm_w425.egsdat      ncase=22999980       cpu=6374.58    
426 BladesAndFilm_w426.egsdat      ncase=22999980       cpu=6642.53    
427 BladesAndFilm_w427.egsdat      ncase=22999980       cpu=6619.59    
428 BladesAndFilm_w428.egsdat      ncase=22999980       cpu=6609.95    
429 BladesAndFilm_w429.egsdat      ncase=22999980       cpu=6676.95    
430 BladesAndFilm_w430.egsdat      ncase=22999980       cpu=6571.12    
431 BladesAndFilm_w431.egsdat      ncase=22999980       cpu=6803.78    
432 BladesAndFilm_w432.egsdat      ncase=22999980       cpu=6817.74    
433 BladesAndFilm_w433.egsdat      ncase=22999980       cpu=6779.68    
434 BladesAndFilm_w434.egsdat      ncase=22999980       cpu=6813.30    
435 BladesAndFilm_w435.egsdat      ncase=22999980       cpu=6815.94    
436 BladesAndFilm_w436.egsdat      ncase=22999980       cpu=6800.71    
437 BladesAndFilm_w437.egsdat      ncase=22999980       cpu=6911.70    
438 BladesAndFilm_w438.egsdat      ncase=22999980       cpu=6823.91    
439 BladesAndFilm_w439.egsdat      ncase=22999980       cpu=6748.06    
440 BladesAndFilm_w440.egsdat      ncase=22999980       cpu=6754.71    
441 BladesAndFilm_w441.egsdat      ncase=22999980       cpu=6914.02    
442 BladesAndFilm_w442.egsdat      ncase=22999980       cpu=6783.27    
443 BladesAndFilm_w443.egsdat      ncase=22999980       cpu=6767.39    
444 BladesAndFilm_w444.egsdat      ncase=20699982       cpu=6365.37    
445 BladesAndFilm_w445.egsdat      ncase=25299978       cpu=6690.62    
446 BladesAndFilm_w446.egsdat      ncase=25299978       cpu=6537.13    
447 BladesAndFilm_w447.egsdat      ncase=25299978       cpu=6521.74    
448 BladesAndFilm_w448.egsdat      ncase=25299978       cpu=6705.42    
449 BladesAndFilm_w449.egsdat      ncase=25299978       cpu=6373.74    
450 BladesAndFilm_w450.egsdat      ncase=25299978       cpu=6440.43    
451 BladesAndFilm_w451.egsdat      ncase=25299978       cpu=6353.52    
452 BladesAndFilm_w452.egsdat      ncase=25299978       cpu=6340.91    
453 BladesAndFilm_w453.egsdat      ncase=25299978       cpu=6468.31    
454 BladesAndFilm_w454.egsdat      ncase=25299978       cpu=6526.38    
455 BladesAndFilm_w455.egsdat      ncase=25299978       cpu=6370.28    
456 BladesAndFilm_w456.egsdat      ncase=25299978       cpu=6426.28    
457 BladesAndFilm_w457.egsdat      ncase=25299978       cpu=6338.13    
458 BladesAndFilm_w458.egsdat      ncase=25299978       cpu=6525.92    
459 BladesAndFilm_w459.egsdat      ncase=25299978       cpu=6377.26    
460 BladesAndFilm_w460.egsdat      ncase=25299978       cpu=6360.98    
461 BladesAndFilm_w461.egsdat      ncase=22999980       cpu=6505.39    
462 BladesAndFilm_w462.egsdat      ncase=22999980       cpu=6444.04    
463 BladesAndFilm_w463.egsdat      ncase=22999980       cpu=6420.81    
464 BladesAndFilm_w464.egsdat      ncase=22999980       cpu=6443.88    
465 BladesAndFilm_w465.egsdat      ncase=22999980       cpu=6433.77    
466 BladesAndFilm_w466.egsdat      ncase=22999980       cpu=6413.57    
467 BladesAndFilm_w467.egsdat      ncase=22999980       cpu=6436.78    
468 BladesAndFilm_w468.egsdat      ncase=22999980       cpu=6391.85    
469 BladesAndFilm_w469.egsdat      ncase=25299978       cpu=6649.70    
470 BladesAndFilm_w470.egsdat      ncase=25299978       cpu=6676.43    
471 BladesAndFilm_w471.egsdat      ncase=25299978       cpu=6686.71    
472 BladesAndFilm_w472.egsdat      ncase=25299978       cpu=6672.66    
473 BladesAndFilm_w473.egsdat      ncase=25299978       cpu=6593.17    
474 BladesAndFilm_w474.egsdat      ncase=25299978       cpu=6655.24    
475 BladesAndFilm_w475.egsdat      ncase=25299978       cpu=6767.93    
476 BladesAndFilm_w476.egsdat      ncase=25299978       cpu=6689.32    
477 BladesAndFilm_w477.egsdat      ncase=25299978       cpu=6721.58    
478 BladesAndFilm_w478.egsdat      ncase=25299978       cpu=6840.43    
479 BladesAndFilm_w479.egsdat      ncase=25299978       cpu=6643.77    
480 BladesAndFilm_w480.egsdat      ncase=25299978       cpu=6636.60    
481 BladesAndFilm_w481.egsdat      ncase=25299978       cpu=6589.15    
482 BladesAndFilm_w482.egsdat      ncase=25299978       cpu=6725.23    
483 BladesAndFilm_w483.egsdat      ncase=25299978       cpu=6692.32    
484 BladesAndFilm_w484.egsdat      ncase=27599976       cpu=6519.90    
485 BladesAndFilm_w485.egsdat      ncase=25299978       cpu=6356.80    
486 BladesAndFilm_w486.egsdat      ncase=25299978       cpu=6308.31    
487 BladesAndFilm_w487.egsdat      ncase=25299978       cpu=6450.23    
488 BladesAndFilm_w488.egsdat      ncase=25299978       cpu=6353.16    
489 BladesAndFilm_w489.egsdat      ncase=25299978       cpu=6328.26    
490 BladesAndFilm_w490.egsdat      ncase=25299978       cpu=6393.51    
491 BladesAndFilm_w491.egsdat      ncase=25299978       cpu=6365.05    
492 BladesAndFilm_w492.egsdat      ncase=25299978       cpu=6354.97    
493 BladesAndFilm_w493.egsdat      ncase=25299978       cpu=6341.44    
494 BladesAndFilm_w494.egsdat      ncase=25299978       cpu=6438.70    
495 BladesAndFilm_w495.egsdat      ncase=25299978       cpu=6372.30    
496 BladesAndFilm_w496.egsdat      ncase=25299978       cpu=6425.53    
497 BladesAndFilm_w497.egsdat      ncase=25299978       cpu=6310.62    
498 BladesAndFilm_w498.egsdat      ncase=25299978       cpu=6309.72    
499 BladesAndFilm_w499.egsdat      ncase=25299978       cpu=6323.47    
500 BladesAndFilm_w500.egsdat      ncase=25299978       cpu=6358.21    
501 BladesAndFilm_w501.egsdat      ncase=25299978       cpu=6395.17    
502 BladesAndFilm_w502.egsdat      ncase=25299978       cpu=6539.39    
503 BladesAndFilm_w503.egsdat      ncase=25299978       cpu=6313.70    
504 BladesAndFilm_w504.egsdat      ncase=25299978       cpu=6362.44    
505 BladesAndFilm_w505.egsdat      ncase=25299978       cpu=6387.46    
506 BladesAndFilm_w506.egsdat      ncase=25299978       cpu=6306.25    
507 BladesAndFilm_w507.egsdat      ncase=25299978       cpu=6378.32    
508 BladesAndFilm_w508.egsdat      ncase=25299978       cpu=6376.77    
509 BladesAndFilm_w509.egsdat      ncase=25299978       cpu=6359.42    
510 BladesAndFilm_w510.egsdat      ncase=25299978       cpu=6377.76    
511 BladesAndFilm_w511.egsdat      ncase=25299978       cpu=6393.50    
512 BladesAndFilm_w512.egsdat      ncase=25299978       cpu=6330.83    
513 BladesAndFilm_w513.egsdat      ncase=25299978       cpu=6421.50    
514 BladesAndFilm_w514.egsdat      ncase=25299978       cpu=6548.46    
515 BladesAndFilm_w515.egsdat      ncase=25299978       cpu=6395.52    
516 BladesAndFilm_w516.egsdat      ncase=25299978       cpu=6344.41    
517 BladesAndFilm_w517.egsdat      ncase=25299978       cpu=6254.21    
518 BladesAndFilm_w518.egsdat      ncase=27599976       cpu=6770.57    
519 BladesAndFilm_w519.egsdat      ncase=25299978       cpu=6283.83    
520 BladesAndFilm_w520.egsdat      ncase=25299978       cpu=6514.49    
521 BladesAndFilm_w521.egsdat      ncase=25299978       cpu=6633.95    
522 BladesAndFilm_w522.egsdat      ncase=25299978       cpu=6565.46    
523 BladesAndFilm_w523.egsdat      ncase=25299978       cpu=6745.01    
524 BladesAndFilm_w524.egsdat      ncase=25299978       cpu=6566.09    
525 BladesAndFilm_w525.egsdat      ncase=25299978       cpu=6551.41    
526 BladesAndFilm_w526.egsdat      ncase=25299978       cpu=6529.95    
527 BladesAndFilm_w527.egsdat      ncase=25299978       cpu=6560.14    
528 BladesAndFilm_w528.egsdat      ncase=25299978       cpu=6539.83    
529 BladesAndFilm_w529.egsdat      ncase=25299978       cpu=6586.22    
530 BladesAndFilm_w530.egsdat      ncase=25299978       cpu=6599.69    
531 BladesAndFilm_w531.egsdat      ncase=25299978       cpu=6533.50    
532 BladesAndFilm_w532.egsdat      ncase=25299978       cpu=6521.43    
533 BladesAndFilm_w533.egsdat      ncase=25299978       cpu=6377.54    
534 BladesAndFilm_w534.egsdat      ncase=25299978       cpu=6502.34    
535 BladesAndFilm_w535.egsdat      ncase=25299978       cpu=6384.79    
536 BladesAndFilm_w536.egsdat      ncase=25299978       cpu=6336.03    
537 BladesAndFilm_w537.egsdat      ncase=25299978       cpu=6508.12    
538 BladesAndFilm_w538.egsdat      ncase=25299978       cpu=6306.28    
539 BladesAndFilm_w539.egsdat      ncase=25299978       cpu=6353.88    
540 BladesAndFilm_w540.egsdat      ncase=25299978       cpu=6473.11    
541 BladesAndFilm_w541.egsdat      ncase=25299978       cpu=6398.30    
542 BladesAndFilm_w542.egsdat      ncase=25299978       cpu=6331.00    
543 BladesAndFilm_w543.egsdat      ncase=25299978       cpu=6456.31    
544 BladesAndFilm_w544.egsdat      ncase=25299978       cpu=6353.77    
545 BladesAndFilm_w545.egsdat      ncase=25299978       cpu=6300.61    
546 BladesAndFilm_w546.egsdat      ncase=25299978       cpu=6404.42    
547 BladesAndFilm_w547.egsdat      ncase=25299978       cpu=6407.52    
548 BladesAndFilm_w548.egsdat      ncase=25299978       cpu=6315.71    
549 BladesAndFilm_w549.egsdat      ncase=25299978       cpu=6288.90    
550 BladesAndFilm_w550.egsdat      ncase=25299978       cpu=6213.35    
551 BladesAndFilm_w551.egsdat      ncase=25299978       cpu=6293.37    
552 BladesAndFilm_w552.egsdat      ncase=25299978       cpu=6685.42    
553 BladesAndFilm_w553.egsdat      ncase=25299978       cpu=6507.33    
554 BladesAndFilm_w554.egsdat      ncase=25299978       cpu=6514.18    
555 BladesAndFilm_w555.egsdat      ncase=25299978       cpu=6630.91    
556 BladesAndFilm_w556.egsdat      ncase=25299978       cpu=6576.58    
557 BladesAndFilm_w557.egsdat      ncase=25299978       cpu=6557.38    
558 BladesAndFilm_w558.egsdat      ncase=25299978       cpu=6674.58    
559 BladesAndFilm_w559.egsdat      ncase=25299978       cpu=6524.16    
560 BladesAndFilm_w560.egsdat      ncase=25299978       cpu=6731.43    
561 BladesAndFilm_w561.egsdat      ncase=25299978       cpu=6605.49    
562 BladesAndFilm_w562.egsdat      ncase=25299978       cpu=6543.27    
563 BladesAndFilm_w563.egsdat      ncase=25299978       cpu=6615.77    
564 BladesAndFilm_w564.egsdat      ncase=25299978       cpu=6595.98    
565 BladesAndFilm_w565.egsdat      ncase=20699982       cpu=6511.55    
566 BladesAndFilm_w566.egsdat      ncase=20699982       cpu=6588.48    
567 BladesAndFilm_w567.egsdat      ncase=20699982       cpu=6578.74    
568 BladesAndFilm_w568.egsdat      ncase=20699982       cpu=6479.34    
569 BladesAndFilm_w569.egsdat      ncase=20699982       cpu=6510.47    
570 BladesAndFilm_w570.egsdat      ncase=20699982       cpu=6497.50    
571 BladesAndFilm_w571.egsdat      ncase=20699982       cpu=6604.36    
572 BladesAndFilm_w572.egsdat      ncase=20699982       cpu=6661.60    
573 BladesAndFilm_w573.egsdat      ncase=20699982       cpu=6590.60    
574 BladesAndFilm_w574.egsdat      ncase=20699982       cpu=6567.21    
575 BladesAndFilm_w575.egsdat      ncase=20699982       cpu=6586.42    
576 BladesAndFilm_w576.egsdat      ncase=20699982       cpu=6591.77    
577 BladesAndFilm_w577.egsdat      ncase=20699982       cpu=6555.81    
578 BladesAndFilm_w578.egsdat      ncase=20699982       cpu=6581.19    
579 BladesAndFilm_w579.egsdat      ncase=20699982       cpu=6475.16    
580 BladesAndFilm_w580.egsdat      ncase=20699982       cpu=6569.06    
581 BladesAndFilm_w581.egsdat      ncase=20699982       cpu=6529.30    
582 BladesAndFilm_w582.egsdat      ncase=20699982       cpu=6627.66    
583 BladesAndFilm_w583.egsdat      ncase=20699982       cpu=6492.19    
584 BladesAndFilm_w584.egsdat      ncase=20699982       cpu=6529.83    
585 BladesAndFilm_w585.egsdat      ncase=20699982       cpu=6481.35    
586 BladesAndFilm_w586.egsdat      ncase=20699982       cpu=6552.76    
587 BladesAndFilm_w587.egsdat      ncase=20699982       cpu=6494.07    
588 BladesAndFilm_w588.egsdat      ncase=20699982       cpu=6725.53    
589 BladesAndFilm_w589.egsdat      ncase=20699982       cpu=6576.92    
590 BladesAndFilm_w590.egsdat      ncase=20699982       cpu=6445.79    
591 BladesAndFilm_w591.egsdat      ncase=20699982       cpu=6478.71    
592 BladesAndFilm_w592.egsdat      ncase=20699982       cpu=6512.24    
593 BladesAndFilm_w593.egsdat      ncase=20699982       cpu=6461.91    
594 BladesAndFilm_w594.egsdat      ncase=20699982       cpu=6604.43    
595 BladesAndFilm_w595.egsdat      ncase=20699982       cpu=6570.47    
596 BladesAndFilm_w596.egsdat      ncase=20699982       cpu=6527.57    
597 BladesAndFilm_w597.egsdat      ncase=20699982       cpu=6481.97    
598 BladesAndFilm_w598.egsdat      ncase=20699982       cpu=6489.92    
599 BladesAndFilm_w599.egsdat      ncase=20699982       cpu=6534.20    
600 BladesAndFilm_w600.egsdat      ncase=20699982       cpu=6506.85    
601 BladesAndFilm_w601.egsdat      ncase=20699982       cpu=6534.41    
602 BladesAndFilm_w602.egsdat      ncase=20699982       cpu=6478.14    
603 BladesAndFilm_w603.egsdat      ncase=20699982       cpu=6481.73    
604 BladesAndFilm_w604.egsdat      ncase=20699982       cpu=6484.54    
605 BladesAndFilm_w605.egsdat      ncase=20699982       cpu=6459.81    
606 BladesAndFilm_w606.egsdat      ncase=20699982       cpu=6533.81    
607 BladesAndFilm_w607.egsdat      ncase=20699982       cpu=6448.31    
608 BladesAndFilm_w608.egsdat      ncase=20699982       cpu=6563.27    
609 BladesAndFilm_w609.egsdat      ncase=20699982       cpu=6543.35    
610 BladesAndFilm_w610.egsdat      ncase=20699982       cpu=6540.15    
611 BladesAndFilm_w611.egsdat      ncase=20699982       cpu=6468.87    
612 BladesAndFilm_w612.egsdat      ncase=20699982       cpu=6560.37    
613 BladesAndFilm_w613.egsdat      ncase=20699982       cpu=6539.56    
614 BladesAndFilm_w614.egsdat      ncase=20699982       cpu=6467.91    
615 BladesAndFilm_w615.egsdat      ncase=20699982       cpu=6579.17    
616 BladesAndFilm_w616.egsdat      ncase=20699982       cpu=6449.81    
617 BladesAndFilm_w617.egsdat      ncase=20699982       cpu=6460.52    
618 BladesAndFilm_w618.egsdat      ncase=20699982       cpu=6473.06    
619 BladesAndFilm_w619.egsdat      ncase=20699982       cpu=6492.85    
620 BladesAndFilm_w620.egsdat      ncase=20699982       cpu=6549.86    
621 BladesAndFilm_w621.egsdat      ncase=20699982       cpu=6439.66    
622 BladesAndFilm_w622.egsdat      ncase=20699982       cpu=6517.84    
623 BladesAndFilm_w623.egsdat      ncase=20699982       cpu=6545.36    
624 BladesAndFilm_w624.egsdat      ncase=20699982       cpu=6471.82    
625 BladesAndFilm_w625.egsdat      ncase=20699982       cpu=6485.37    
626 BladesAndFilm_w626.egsdat      ncase=20699982       cpu=6493.69    
627 BladesAndFilm_w627.egsdat      ncase=20699982       cpu=6529.20    
628 BladesAndFilm_w628.egsdat      ncase=20699982       cpu=6566.33    
629 BladesAndFilm_w629.egsdat      ncase=20699982       cpu=6561.74    
630 BladesAndFilm_w630.egsdat      ncase=20699982       cpu=6604.33    
631 BladesAndFilm_w631.egsdat      ncase=20699982       cpu=6524.01    
632 BladesAndFilm_w632.egsdat      ncase=20699982       cpu=6489.62    
633 BladesAndFilm_w633.egsdat      ncase=20699982       cpu=6487.68    
634 BladesAndFilm_w634.egsdat      ncase=20699982       cpu=6551.05    
635 BladesAndFilm_w635.egsdat      ncase=20699982       cpu=6475.50    
636 BladesAndFilm_w636.egsdat      ncase=20699982       cpu=6667.51    
637 BladesAndFilm_w637.egsdat      ncase=20699982       cpu=6614.40    
638 BladesAndFilm_w638.egsdat      ncase=20699982       cpu=6462.19    
639 BladesAndFilm_w639.egsdat      ncase=20699982       cpu=6531.80    
640 BladesAndFilm_w640.egsdat      ncase=20699982       cpu=6506.14    
641 BladesAndFilm_w641.egsdat      ncase=20699982       cpu=6488.90    
642 BladesAndFilm_w642.egsdat      ncase=20699982       cpu=6691.06    
643 BladesAndFilm_w643.egsdat      ncase=20699982       cpu=6504.40    
644 BladesAndFilm_w644.egsdat      ncase=20699982       cpu=6501.46    
645 BladesAndFilm_w645.egsdat      ncase=20699982       cpu=6454.92    
646 BladesAndFilm_w646.egsdat      ncase=20699982       cpu=6513.38    
647 BladesAndFilm_w647.egsdat      ncase=20699982       cpu=6487.76    
648 BladesAndFilm_w648.egsdat      ncase=20699982       cpu=6654.87    
649 BladesAndFilm_w649.egsdat      ncase=20699982       cpu=6466.54    
650 BladesAndFilm_w650.egsdat      ncase=20699982       cpu=6593.23    
651 BladesAndFilm_w651.egsdat      ncase=20699982       cpu=6572.30    
652 BladesAndFilm_w652.egsdat      ncase=20699982       cpu=6562.00    
653 BladesAndFilm_w653.egsdat      ncase=20699982       cpu=6602.42    
654 BladesAndFilm_w654.egsdat      ncase=20699982       cpu=6527.64    
655 BladesAndFilm_w655.egsdat      ncase=20699982       cpu=6532.67    
656 BladesAndFilm_w656.egsdat      ncase=20699982       cpu=6461.21    
657 BladesAndFilm_w657.egsdat      ncase=20699982       cpu=6570.26    
658 BladesAndFilm_w658.egsdat      ncase=20699982       cpu=6581.93    
659 BladesAndFilm_w659.egsdat      ncase=20699982       cpu=6570.61    
660 BladesAndFilm_w660.egsdat      ncase=20699982       cpu=6533.14    
661 BladesAndFilm_w661.egsdat      ncase=20699982       cpu=6607.66    
662 BladesAndFilm_w662.egsdat      ncase=20699982       cpu=6702.42    
663 BladesAndFilm_w663.egsdat      ncase=20699982       cpu=6820.44    
664 BladesAndFilm_w664.egsdat      ncase=20699982       cpu=6615.85    
665 BladesAndFilm_w665.egsdat      ncase=20699982       cpu=6675.95    
666 BladesAndFilm_w666.egsdat      ncase=20699982       cpu=6654.89    
667 BladesAndFilm_w667.egsdat      ncase=20699982       cpu=6606.01    
668 BladesAndFilm_w668.egsdat      ncase=20699982       cpu=6598.68    
669 BladesAndFilm_w669.egsdat      ncase=20699982       cpu=6685.82    
670 BladesAndFilm_w670.egsdat      ncase=20699982       cpu=6690.95    
671 BladesAndFilm_w671.egsdat      ncase=20699982       cpu=6753.93    
672 BladesAndFilm_w672.egsdat      ncase=20699982       cpu=6690.67    
673 BladesAndFilm_w673.egsdat      ncase=20699982       cpu=6491.06    
674 BladesAndFilm_w674.egsdat      ncase=20699982       cpu=6545.26    
675 BladesAndFilm_w675.egsdat      ncase=20699982       cpu=6508.27    
676 BladesAndFilm_w676.egsdat      ncase=20699982       cpu=6476.41    
677 BladesAndFilm_w677.egsdat      ncase=20699982       cpu=6465.60    
678 BladesAndFilm_w678.egsdat      ncase=20699982       cpu=6596.32    
679 BladesAndFilm_w679.egsdat      ncase=20699982       cpu=6483.66    
680 BladesAndFilm_w680.egsdat      ncase=20699982       cpu=6481.76    
681 BladesAndFilm_w681.egsdat      ncase=20699982       cpu=6483.09    
682 BladesAndFilm_w682.egsdat      ncase=20699982       cpu=6490.72    
683 BladesAndFilm_w683.egsdat      ncase=20699982       cpu=6506.65    
684 BladesAndFilm_w684.egsdat      ncase=20699982       cpu=6461.38    
685 BladesAndFilm_w685.egsdat      ncase=20699982       cpu=6488.99    
686 BladesAndFilm_w686.egsdat      ncase=20699982       cpu=6477.18    
687 BladesAndFilm_w687.egsdat      ncase=20699982       cpu=6479.72    
688 BladesAndFilm_w688.egsdat      ncase=20699982       cpu=6542.16    
689 BladesAndFilm_w689.egsdat      ncase=20699982       cpu=6535.57    
690 BladesAndFilm_w690.egsdat      ncase=20699982       cpu=6460.30    
691 BladesAndFilm_w691.egsdat      ncase=20699982       cpu=6512.89    
692 BladesAndFilm_w692.egsdat      ncase=20699982       cpu=6456.40    
693 BladesAndFilm_w693.egsdat      ncase=20699982       cpu=6555.08    
694 BladesAndFilm_w694.egsdat      ncase=20699982       cpu=6650.06    
695 BladesAndFilm_w695.egsdat      ncase=20699982       cpu=6539.00    
696 BladesAndFilm_w696.egsdat      ncase=20699982       cpu=6547.90    
697 BladesAndFilm_w697.egsdat      ncase=20699982       cpu=6441.69    
698 BladesAndFilm_w698.egsdat      ncase=20699982       cpu=6509.10    
699 BladesAndFilm_w699.egsdat      ncase=20699982       cpu=6459.51    
700 BladesAndFilm_w700.egsdat      ncase=20699982       cpu=6554.85    
701 BladesAndFilm_w701.egsdat      ncase=20699982       cpu=6489.34    
702 BladesAndFilm_w702.egsdat      ncase=20699982       cpu=6519.96    
703 BladesAndFilm_w703.egsdat      ncase=20699982       cpu=6492.06    
704 BladesAndFilm_w704.egsdat      ncase=20699982       cpu=6489.57    
705 BladesAndFilm_w705.egsdat      ncase=20699982       cpu=6459.58    
706 BladesAndFilm_w706.egsdat      ncase=20699982       cpu=6493.60    
707 BladesAndFilm_w707.egsdat      ncase=20699982       cpu=6575.42    
708 BladesAndFilm_w708.egsdat      ncase=20699982       cpu=6565.12    
709 BladesAndFilm_w709.egsdat      ncase=20699982       cpu=6465.00    
710 BladesAndFilm_w710.egsdat      ncase=20699982       cpu=6484.27    
711 BladesAndFilm_w711.egsdat      ncase=20699982       cpu=6495.14    
712 BladesAndFilm_w712.egsdat      ncase=20699982       cpu=6500.94    
713 BladesAndFilm_w713.egsdat      ncase=20699982       cpu=6547.18    
714 BladesAndFilm_w714.egsdat      ncase=20699982       cpu=6641.30    
715 BladesAndFilm_w715.egsdat      ncase=20699982       cpu=6497.00    
716 BladesAndFilm_w716.egsdat      ncase=20699982       cpu=6456.38    
717 BladesAndFilm_w717.egsdat      ncase=20699982       cpu=6532.40    
718 BladesAndFilm_w718.egsdat      ncase=20699982       cpu=6559.69    
719 BladesAndFilm_w719.egsdat      ncase=20699982       cpu=6641.09    
720 BladesAndFilm_w720.egsdat      ncase=20699982       cpu=6483.37    
721 BladesAndFilm_w721.egsdat      ncase=20699982       cpu=6528.74    
722 BladesAndFilm_w722.egsdat      ncase=20699982       cpu=6647.77    
723 BladesAndFilm_w723.egsdat      ncase=20699982       cpu=6499.12    
724 BladesAndFilm_w724.egsdat      ncase=20699982       cpu=6478.56    
725 BladesAndFilm_w725.egsdat      ncase=20699982       cpu=6458.63    
726 BladesAndFilm_w726.egsdat      ncase=18399984       cpu=6452.34    
727 BladesAndFilm_w727.egsdat      ncase=20699982       cpu=6555.02    
728 BladesAndFilm_w728.egsdat      ncase=20699982       cpu=6476.34    
729 BladesAndFilm_w729.egsdat      ncase=20699982       cpu=6614.25    
730 BladesAndFilm_w730.egsdat      ncase=20699982       cpu=6533.46    
731 BladesAndFilm_w731.egsdat      ncase=20699982       cpu=6590.73    
732 BladesAndFilm_w732.egsdat      ncase=20699982       cpu=6529.26    
733 BladesAndFilm_w733.egsdat      ncase=20699982       cpu=6532.93    
734 BladesAndFilm_w734.egsdat      ncase=20699982       cpu=6537.73    
735 BladesAndFilm_w735.egsdat      ncase=20699982       cpu=6542.90    
736 BladesAndFilm_w736.egsdat      ncase=20699982       cpu=6521.41    
737 BladesAndFilm_w737.egsdat      ncase=20699982       cpu=6476.63    
738 BladesAndFilm_w738.egsdat      ncase=20699982       cpu=6530.10    
739 BladesAndFilm_w739.egsdat      ncase=20699982       cpu=6574.07    
740 BladesAndFilm_w740.egsdat      ncase=20699982       cpu=6600.92    
741 BladesAndFilm_w741.egsdat      ncase=20699982       cpu=6578.89    
742 BladesAndFilm_w742.egsdat      ncase=20699982       cpu=6551.57    
743 BladesAndFilm_w743.egsdat      ncase=20699982       cpu=6484.87    
744 BladesAndFilm_w744.egsdat      ncase=20699982       cpu=6517.43    
745 BladesAndFilm_w745.egsdat      ncase=20699982       cpu=6431.80    
746 BladesAndFilm_w746.egsdat      ncase=20699982       cpu=6505.97    
747 BladesAndFilm_w747.egsdat      ncase=20699982       cpu=6538.31    
748 BladesAndFilm_w748.egsdat      ncase=20699982       cpu=6450.04    
749 BladesAndFilm_w749.egsdat      ncase=20699982       cpu=6561.24    
750 BladesAndFilm_w750.egsdat      ncase=20699982       cpu=6558.06    
751 BladesAndFilm_w751.egsdat      ncase=20699982       cpu=6511.23    
752 BladesAndFilm_w752.egsdat      ncase=20699982       cpu=6542.21    
753 BladesAndFilm_w753.egsdat      ncase=20699982       cpu=6586.49    
754 BladesAndFilm_w754.egsdat      ncase=20699982       cpu=6550.36    
755 BladesAndFilm_w755.egsdat      ncase=20699982       cpu=6600.63    
756 BladesAndFilm_w756.egsdat      ncase=20699982       cpu=6498.97    
757 BladesAndFilm_w757.egsdat      ncase=20699982       cpu=6620.49    
758 BladesAndFilm_w758.egsdat      ncase=20699982       cpu=6637.19    
759 BladesAndFilm_w759.egsdat      ncase=20699982       cpu=6552.54    
760 BladesAndFilm_w760.egsdat      ncase=20699982       cpu=6654.00    
761 BladesAndFilm_w761.egsdat      ncase=20699982       cpu=6522.72    
762 BladesAndFilm_w762.egsdat      ncase=20699982       cpu=6532.03    
763 BladesAndFilm_w763.egsdat      ncase=20699982       cpu=6533.11    
764 BladesAndFilm_w764.egsdat      ncase=20699982       cpu=6617.52    
765 BladesAndFilm_w765.egsdat      ncase=20699982       cpu=6485.22    
766 BladesAndFilm_w766.egsdat      ncase=20699982       cpu=6523.49    
767 BladesAndFilm_w767.egsdat      ncase=20699982       cpu=6444.34    
768 BladesAndFilm_w768.egsdat      ncase=20699982       cpu=6617.19    
769 BladesAndFilm_w769.egsdat      ncase=20699982       cpu=6557.18    
770 BladesAndFilm_w770.egsdat      ncase=20699982       cpu=6485.74    
771 BladesAndFilm_w771.egsdat      ncase=20699982       cpu=6516.94    
772 BladesAndFilm_w772.egsdat      ncase=20699982       cpu=6567.37    
773 BladesAndFilm_w773.egsdat      ncase=20699982       cpu=6530.39    
774 BladesAndFilm_w774.egsdat      ncase=20699982       cpu=6497.36    
775 BladesAndFilm_w775.egsdat      ncase=20699982       cpu=6477.42    
776 BladesAndFilm_w776.egsdat      ncase=20699982       cpu=6455.89    
777 BladesAndFilm_w777.egsdat      ncase=20699982       cpu=6535.67    
778 BladesAndFilm_w778.egsdat      ncase=20699982       cpu=6485.10    
779 BladesAndFilm_w779.egsdat      ncase=20699982       cpu=6501.37    
780 BladesAndFilm_w780.egsdat      ncase=20699982       cpu=6496.62    
781 BladesAndFilm_w781.egsdat      ncase=20699982       cpu=6558.80    
782 BladesAndFilm_w782.egsdat      ncase=20699982       cpu=6537.57    
783 BladesAndFilm_w783.egsdat      ncase=20699982       cpu=6481.59    
784 BladesAndFilm_w784.egsdat      ncase=20699982       cpu=6567.48    
785 BladesAndFilm_w785.egsdat      ncase=20699982       cpu=6597.46    
786 BladesAndFilm_w786.egsdat      ncase=20699982       cpu=6493.99    
787 BladesAndFilm_w787.egsdat      ncase=20699982       cpu=6536.39    
788 BladesAndFilm_w788.egsdat      ncase=20699982       cpu=6523.63    
789 BladesAndFilm_w789.egsdat      ncase=20699982       cpu=6534.44    
790 BladesAndFilm_w790.egsdat      ncase=20699982       cpu=6510.52    
791 BladesAndFilm_w791.egsdat      ncase=20699982       cpu=6469.83    
792 BladesAndFilm_w792.egsdat      ncase=20699982       cpu=6486.32    
793 BladesAndFilm_w793.egsdat      ncase=18399984       cpu=6047.40    
794 BladesAndFilm_w794.egsdat      ncase=20699982       cpu=6538.18    
795 BladesAndFilm_w795.egsdat      ncase=20699982       cpu=6615.33    
796 BladesAndFilm_w796.egsdat      ncase=20699982       cpu=6512.92    
797 BladesAndFilm_w797.egsdat      ncase=20699982       cpu=6455.90    
798 BladesAndFilm_w798.egsdat      ncase=20699982       cpu=6495.75    
799 BladesAndFilm_w799.egsdat      ncase=20699982       cpu=6492.73    
800 BladesAndFilm_w800.egsdat      ncase=20699982       cpu=6511.19    
801 BladesAndFilm_w801.egsdat      ncase=20699982       cpu=6457.26    
802 BladesAndFilm_w802.egsdat      ncase=20699982       cpu=6469.95    
803 BladesAndFilm_w803.egsdat      ncase=20699982       cpu=6521.64    
804 BladesAndFilm_w804.egsdat      ncase=20699982       cpu=6557.25    
805 BladesAndFilm_w805.egsdat      ncase=20699982       cpu=6536.80    
806 BladesAndFilm_w806.egsdat      ncase=20699982       cpu=6472.41    
807 BladesAndFilm_w807.egsdat      ncase=20699982       cpu=6516.40    
808 BladesAndFilm_w808.egsdat      ncase=20699982       cpu=6596.02    
809 BladesAndFilm_w809.egsdat      ncase=20699982       cpu=6517.66    
810 BladesAndFilm_w810.egsdat      ncase=20699982       cpu=6492.73    
811 BladesAndFilm_w811.egsdat      ncase=20699982       cpu=6536.00    
812 BladesAndFilm_w812.egsdat      ncase=20699982       cpu=6478.42    
813 BladesAndFilm_w813.egsdat      ncase=18399984       cpu=6073.80    
814 BladesAndFilm_w814.egsdat      ncase=20699982       cpu=6513.50    
815 BladesAndFilm_w815.egsdat      ncase=20699982       cpu=6466.71    
816 BladesAndFilm_w816.egsdat      ncase=20699982       cpu=6461.46    
817 BladesAndFilm_w817.egsdat      ncase=20699982       cpu=6509.61    
818 BladesAndFilm_w818.egsdat      ncase=20699982       cpu=6507.58    
819 BladesAndFilm_w819.egsdat      ncase=20699982       cpu=6554.14    
820 BladesAndFilm_w820.egsdat      ncase=20699982       cpu=6478.14    
821 BladesAndFilm_w821.egsdat      ncase=20699982       cpu=6562.24    
822 BladesAndFilm_w822.egsdat      ncase=20699982       cpu=6505.60    
823 BladesAndFilm_w823.egsdat      ncase=20699982       cpu=6483.32    
824 BladesAndFilm_w824.egsdat      ncase=20699982       cpu=6450.40    
825 BladesAndFilm_w825.egsdat      ncase=20699982       cpu=6576.44    
826 BladesAndFilm_w826.egsdat      ncase=20699982       cpu=6482.00    
827 BladesAndFilm_w827.egsdat      ncase=20699982       cpu=6456.01    
828 BladesAndFilm_w828.egsdat      ncase=20699982       cpu=6494.38    
829 BladesAndFilm_w829.egsdat      ncase=20699982       cpu=6554.41    
830 BladesAndFilm_w830.egsdat      ncase=20699982       cpu=6572.84    
831 BladesAndFilm_w831.egsdat      ncase=20699982       cpu=6513.69    
832 BladesAndFilm_w832.egsdat      ncase=20699982       cpu=6538.30    
833 BladesAndFilm_w833.egsdat      ncase=20699982       cpu=6522.81    
834 BladesAndFilm_w834.egsdat      ncase=20699982       cpu=6508.36    
835 BladesAndFilm_w835.egsdat      ncase=20699982       cpu=6478.35    
836 BladesAndFilm_w836.egsdat      ncase=20699982       cpu=6447.16    
837 BladesAndFilm_w837.egsdat      ncase=20699982       cpu=6492.39    
838 BladesAndFilm_w838.egsdat      ncase=20699982       cpu=6454.22    
839 BladesAndFilm_w839.egsdat      ncase=20699982       cpu=6448.50    
840 BladesAndFilm_w840.egsdat      ncase=20699982       cpu=6514.68    
841 BladesAndFilm_w841.egsdat      ncase=20699982       cpu=6486.68    
842 BladesAndFilm_w842.egsdat      ncase=20699982       cpu=6525.22    
843 BladesAndFilm_w843.egsdat      ncase=20699982       cpu=6501.60    
844 BladesAndFilm_w844.egsdat      ncase=20699982       cpu=6471.03    
845 BladesAndFilm_w845.egsdat      ncase=20699982       cpu=6505.98    
846 BladesAndFilm_w846.egsdat      ncase=18399984       cpu=5899.91    
847 BladesAndFilm_w847.egsdat      ncase=20699982       cpu=6514.99    
848 BladesAndFilm_w848.egsdat      ncase=20699982       cpu=6488.37    
849 BladesAndFilm_w849.egsdat      ncase=20699982       cpu=6499.51    
850 BladesAndFilm_w850.egsdat      ncase=20699982       cpu=6546.38    
851 BladesAndFilm_w851.egsdat      ncase=20699982       cpu=6500.73    
852 BladesAndFilm_w852.egsdat      ncase=20699982       cpu=6464.32    
853 BladesAndFilm_w853.egsdat      ncase=20699982       cpu=6594.58    
854 BladesAndFilm_w854.egsdat      ncase=20699982       cpu=6473.46    
855 BladesAndFilm_w855.egsdat      ncase=20699982       cpu=6513.10    
856 BladesAndFilm_w856.egsdat      ncase=20699982       cpu=6583.06    
857 BladesAndFilm_w857.egsdat      ncase=20699982       cpu=6492.94    
858 BladesAndFilm_w858.egsdat      ncase=20699982       cpu=6494.11    
859 BladesAndFilm_w859.egsdat      ncase=20699982       cpu=6570.38    
860 BladesAndFilm_w860.egsdat      ncase=20699982       cpu=6544.09    
861 BladesAndFilm_w861.egsdat      ncase=20699982       cpu=6493.25    
862 BladesAndFilm_w862.egsdat      ncase=20699982       cpu=6498.26    
863 BladesAndFilm_w863.egsdat      ncase=20699982       cpu=6541.21    
864 BladesAndFilm_w864.egsdat      ncase=20699982       cpu=6533.61    
865 BladesAndFilm_w865.egsdat      ncase=20699982       cpu=6530.37    
866 BladesAndFilm_w866.egsdat      ncase=20699982       cpu=6545.36    
867 BladesAndFilm_w867.egsdat      ncase=20699982       cpu=6527.51    
868 BladesAndFilm_w868.egsdat      ncase=20699982       cpu=6598.06    
869 BladesAndFilm_w869.egsdat      ncase=20699982       cpu=6554.29    
870 BladesAndFilm_w870.egsdat      ncase=18399984       cpu=5931.98    
871 BladesAndFilm_w871.egsdat      ncase=20699982       cpu=6506.85    
872 BladesAndFilm_w872.egsdat      ncase=20699982       cpu=6464.53    
873 BladesAndFilm_w873.egsdat      ncase=20699982       cpu=6572.56    
874 BladesAndFilm_w874.egsdat      ncase=20699982       cpu=6484.63    
875 BladesAndFilm_w875.egsdat      ncase=20699982       cpu=6536.94    
876 BladesAndFilm_w876.egsdat      ncase=20699982       cpu=6546.93    
877 BladesAndFilm_w877.egsdat      ncase=20699982       cpu=6477.58    
878 BladesAndFilm_w878.egsdat      ncase=20699982       cpu=6494.05    
879 BladesAndFilm_w879.egsdat      ncase=20699982       cpu=6452.52    
880 BladesAndFilm_w880.egsdat      ncase=20699982       cpu=6446.94    
881 BladesAndFilm_w881.egsdat      ncase=18399984       cpu=5861.35    
882 BladesAndFilm_w882.egsdat      ncase=20699982       cpu=6522.57    
883 BladesAndFilm_w883.egsdat      ncase=20699982       cpu=6486.78    
884 BladesAndFilm_w884.egsdat      ncase=18399984       cpu=5961.41    
885 BladesAndFilm_w885.egsdat      ncase=20699982       cpu=6523.45    
886 BladesAndFilm_w886.egsdat      ncase=20699982       cpu=6563.69    
887 BladesAndFilm_w887.egsdat      ncase=20699982       cpu=6524.35    
888 BladesAndFilm_w888.egsdat      ncase=20699982       cpu=6474.40    
889 BladesAndFilm_w889.egsdat      ncase=20699982       cpu=6486.76    
890 BladesAndFilm_w890.egsdat      ncase=20699982       cpu=6569.43    
891 BladesAndFilm_w891.egsdat      ncase=20699982       cpu=6529.44    
892 BladesAndFilm_w892.egsdat      ncase=18399984       cpu=5891.66    
893 BladesAndFilm_w893.egsdat      ncase=20699982       cpu=6510.39    
894 BladesAndFilm_w894.egsdat      ncase=20699982       cpu=6481.94    
895 BladesAndFilm_w895.egsdat      ncase=20699982       cpu=6495.86    
896 BladesAndFilm_w896.egsdat      ncase=20699982       cpu=6551.70    
897 BladesAndFilm_w897.egsdat      ncase=20699982       cpu=6469.42    
898 BladesAndFilm_w898.egsdat      ncase=20699982       cpu=6564.71    
899 BladesAndFilm_w899.egsdat      ncase=20699982       cpu=6498.63    
900 BladesAndFilm_w900.egsdat      ncase=20699982       cpu=6448.03    
901 BladesAndFilm_w901.egsdat      ncase=18399984       cpu=5856.89    
902 BladesAndFilm_w902.egsdat      ncase=20699982       cpu=6457.91    
903 BladesAndFilm_w903.egsdat      ncase=20699982       cpu=6482.22    
904 BladesAndFilm_w904.egsdat      ncase=20699982       cpu=6543.34    
905 BladesAndFilm_w905.egsdat      ncase=20699982       cpu=6551.12    
906 BladesAndFilm_w906.egsdat      ncase=20699982       cpu=6512.41    
907 BladesAndFilm_w907.egsdat      ncase=20699982       cpu=6544.13    
908 BladesAndFilm_w908.egsdat      ncase=18399984       cpu=5970.25    
909 BladesAndFilm_w909.egsdat      ncase=20699982       cpu=6483.63    
910 BladesAndFilm_w910.egsdat      ncase=20699982       cpu=6509.37    
911 BladesAndFilm_w911.egsdat      ncase=20699982       cpu=6527.94    
912 BladesAndFilm_w912.egsdat      ncase=20699982       cpu=6485.24    
913 BladesAndFilm_w913.egsdat      ncase=20699982       cpu=6485.23    
914 BladesAndFilm_w914.egsdat      ncase=20699982       cpu=6503.30    
915 BladesAndFilm_w915.egsdat      ncase=20699982       cpu=6470.47    
916 BladesAndFilm_w916.egsdat      ncase=20699982       cpu=6493.75    
917 BladesAndFilm_w917.egsdat      ncase=20699982       cpu=6519.89    
918 BladesAndFilm_w918.egsdat      ncase=18399984       cpu=5847.45    
919 BladesAndFilm_w919.egsdat      ncase=20699982       cpu=6475.12    
920 BladesAndFilm_w920.egsdat      ncase=20699982       cpu=6499.19    
921 BladesAndFilm_w921.egsdat      ncase=20699982       cpu=6538.95    
922 BladesAndFilm_w922.egsdat      ncase=18399984       cpu=5887.12    
923 BladesAndFilm_w923.egsdat      ncase=20699982       cpu=6460.97    
924 BladesAndFilm_w924.egsdat      ncase=18399984       cpu=5849.55    
925 BladesAndFilm_w925.egsdat      ncase=20699982       cpu=6493.34    
926 BladesAndFilm_w926.egsdat      ncase=18399984       cpu=5824.96    
927 BladesAndFilm_w927.egsdat      ncase=18399984       cpu=5826.73    
928 BladesAndFilm_w928.egsdat      ncase=20699982       cpu=6455.44    
929 BladesAndFilm_w929.egsdat      ncase=18399984       cpu=5878.92    
930 BladesAndFilm_w930.egsdat      ncase=20699982       cpu=6514.67    
931 BladesAndFilm_w931.egsdat      ncase=20699982       cpu=6509.84    
932 BladesAndFilm_w932.egsdat      ncase=20699982       cpu=6471.27    
933 BladesAndFilm_w933.egsdat      ncase=20699982       cpu=6487.25    
934 BladesAndFilm_w934.egsdat      ncase=18399984       cpu=5840.14    
935 BladesAndFilm_w935.egsdat      ncase=20699982       cpu=6464.23    
936 BladesAndFilm_w936.egsdat      ncase=18399984       cpu=5814.28    
937 BladesAndFilm_w937.egsdat      ncase=20699982       cpu=6498.53    
938 BladesAndFilm_w938.egsdat      ncase=20699982       cpu=6486.88    
939 BladesAndFilm_w939.egsdat      ncase=18399984       cpu=5809.65    
940 BladesAndFilm_w940.egsdat      ncase=18399984       cpu=5900.77    
941 BladesAndFilm_w941.egsdat      ncase=18399984       cpu=5909.78    
942 BladesAndFilm_w942.egsdat      ncase=18399984       cpu=5968.74    
943 BladesAndFilm_w943.egsdat      ncase=16099986       cpu=6017.25    
944 BladesAndFilm_w944.egsdat      ncase=18399984       cpu=6087.37    
945 BladesAndFilm_w945.egsdat      ncase=18399984       cpu=5928.73    
946 BladesAndFilm_w946.egsdat      ncase=18399984       cpu=6099.32    
947 BladesAndFilm_w947.egsdat      ncase=18399984       cpu=5926.28    
948 BladesAndFilm_w948.egsdat      ncase=18399984       cpu=5921.00    
949 BladesAndFilm_w949.egsdat      ncase=18399984       cpu=6025.60    
950 BladesAndFilm_w950.egsdat      ncase=18399984       cpu=5937.13    
951 BladesAndFilm_w951.egsdat      ncase=18399984       cpu=6008.71    
952 BladesAndFilm_w952.egsdat      ncase=18399984       cpu=6012.71    
953 BladesAndFilm_w953.egsdat      ncase=18399984       cpu=5836.17    
954 BladesAndFilm_w954.egsdat      ncase=18399984       cpu=5795.84    
955 BladesAndFilm_w955.egsdat      ncase=18399984       cpu=5808.54    
956 BladesAndFilm_w956.egsdat      ncase=20699982       cpu=6481.94    
957 BladesAndFilm_w957.egsdat      ncase=20699982       cpu=6472.18    
958 BladesAndFilm_w958.egsdat      ncase=18399984       cpu=6366.03    
959 BladesAndFilm_w959.egsdat      ncase=20699982       cpu=6497.02    
960 BladesAndFilm_w960.egsdat      ncase=20699982       cpu=6482.01    
961 BladesAndFilm_w961.egsdat      ncase=18399984       cpu=5825.41    
962 BladesAndFilm_w962.egsdat      ncase=18399984       cpu=5806.37    
963 BladesAndFilm_w963.egsdat      ncase=20699982       cpu=6466.53    
964 BladesAndFilm_w964.egsdat      ncase=18399984       cpu=5795.58    
965 BladesAndFilm_w965.egsdat      ncase=18399984       cpu=5794.80    
966 BladesAndFilm_w966.egsdat      ncase=18399984       cpu=5835.63    
967 BladesAndFilm_w967.egsdat      ncase=20699982       cpu=6496.56    
968 BladesAndFilm_w968.egsdat      ncase=20699982       cpu=6486.88    
969 BladesAndFilm_w969.egsdat      ncase=18399984       cpu=5796.28    
970 BladesAndFilm_w970.egsdat      ncase=18399984       cpu=5792.08    
971 BladesAndFilm_w971.egsdat      ncase=20699982       cpu=6466.74    
972 BladesAndFilm_w972.egsdat      ncase=18399984       cpu=5848.76    
973 BladesAndFilm_w973.egsdat      ncase=18399984       cpu=5796.02    
974 BladesAndFilm_w974.egsdat      ncase=20699982       cpu=6466.97    
975 BladesAndFilm_w975.egsdat      ncase=20699982       cpu=6482.24    
976 BladesAndFilm_w976.egsdat      ncase=18399984       cpu=5835.95    
977 BladesAndFilm_w977.egsdat      ncase=20699982       cpu=6424.76    
978 BladesAndFilm_w978.egsdat      ncase=18399984       cpu=5781.91    
979 BladesAndFilm_w979.egsdat      ncase=18399984       cpu=5788.26    
980 BladesAndFilm_w980.egsdat      ncase=18399984       cpu=5790.78    
981 BladesAndFilm_w981.egsdat      ncase=18399984       cpu=5807.58    
982 BladesAndFilm_w982.egsdat      ncase=18399984       cpu=5860.69    
983 BladesAndFilm_w983.egsdat      ncase=18399984       cpu=5781.00    
984 BladesAndFilm_w984.egsdat      ncase=18399984       cpu=5786.24    
985 BladesAndFilm_w985.egsdat      ncase=18399984       cpu=5804.49    
986 BladesAndFilm_w986.egsdat      ncase=18399984       cpu=5961.57    
987 BladesAndFilm_w987.egsdat      ncase=20699982       cpu=6410.72    
988 BladesAndFilm_w988.egsdat      ncase=20699982       cpu=6428.54    
989 BladesAndFilm_w989.egsdat      ncase=18399984       cpu=5833.40    
990 BladesAndFilm_w990.egsdat      ncase=18399984       cpu=5863.29    
991 BladesAndFilm_w991.egsdat      ncase=18399984       cpu=5771.92    
992 BladesAndFilm_w992.egsdat      ncase=18399984       cpu=5812.19    
993 BladesAndFilm_w993.egsdat      ncase=18399984       cpu=5759.44    
994 BladesAndFilm_w994.egsdat      ncase=20699982       cpu=6386.92    
995 BladesAndFilm_w995.egsdat      ncase=18399984       cpu=5930.75    
996 BladesAndFilm_w996.egsdat      ncase=18399984       cpu=5755.60    
997 BladesAndFilm_w997.egsdat      ncase=20699982       cpu=6408.81    
998 BladesAndFilm_w998.egsdat      ncase=18399984       cpu=5803.65    
999 BladesAndFilm_w999.egsdat      ncase=18399984       cpu=5941.80    
1000 BladesAndFilm_w1000.egsdat     ncase=18399984       cpu=5776.33    
=======================================================================
                            Total ncase=22999980000    cpu=6621588.70 



Finished simulation

Total cpu time for this run:            1.13 (sec.) 0.0003(hours)
CPU time including previous runs:       6621589.83 (sec.) 1839.3305 (hours)
Histories per hour:                     1.25045e+07   
Number of random numbers used:          67306799735333
Number of electron CH steps:            4.68329e+11   
Number of all electron steps:           1.49836e+13   


 last case = 450835509 Etot = 2.2554e+07


======================================================
 Energy fractions
======================================================
The first and last items in the following list of energy fractions are the reflected and transmitted energy, respectively. These two values are only meaningful if the source is directed in the positive z-direction. The remaining values are the deposited energy fractions in the regions of the geometry, but notice that the identifying index is the region number offset by 1 (ir+1).

ir+1 | Reflected, deposited, or transmitted energy fraction for 450835509 particles:

  0  5.747754e-02 +/- 8.003121e-06  
  1  1.037871e-07 +/- 1.933394e-09  
  2  1.195008e-07 +/- 2.067986e-09  
  3  1.393203e-07 +/- 2.148390e-09  
  4  1.622372e-07 +/- 2.165386e-09  
  5  2.153371e-07 +/- 2.574268e-09  
  6  2.634719e-07 +/- 2.624439e-09  
  7  6.673325e-07 +/- 4.252984e-09  
  8  1.495188e-06 +/- 6.746907e-09  
  9  2.082234e-06 +/- 7.846038e-09  
  10  2.006876e-06 +/- 7.766720e-09  
  11  2.058523e-06 +/- 7.786955e-09  
  12  2.054978e-06 +/- 7.723013e-09  
  13  2.184479e-06 +/- 8.009794e-09  
  14  2.045588e-06 +/- 7.725120e-09  
  15  2.068113e-06 +/- 7.742672e-09  
  16  2.046233e-06 +/- 7.752511e-09  
  17  2.139144e-06 +/- 7.928147e-09  
  18  2.092548e-06 +/- 7.824562e-09  
  19  2.216036e-06 +/- 8.056273e-09  
  20  2.101633e-06 +/- 7.869023e-09  
  21  2.305245e-06 +/- 8.318406e-09  
  22  2.137160e-06 +/- 7.912242e-09  
  23  2.161228e-06 +/- 7.990316e-09  
  24  2.090608e-06 +/- 7.799116e-09  
  25  2.078462e-06 +/- 7.774080e-09  
  26  2.107345e-06 +/- 7.831167e-09  
  27  2.093496e-06 +/- 7.837233e-09  
  28  2.089389e-06 +/- 7.801938e-09  
  29  2.018438e-06 +/- 7.778851e-09  
  30  2.030369e-06 +/- 7.708110e-09  
  31  1.888702e-06 +/- 7.483095e-09  
  32  1.994774e-06 +/- 7.765183e-09  
  33  1.531297e-06 +/- 6.807793e-09  
  34  7.072169e-07 +/- 4.579740e-09  
  35  2.807206e-07 +/- 2.729812e-09  
  36  2.049023e-07 +/- 2.426980e-09  
  37  1.669936e-07 +/- 2.220924e-09  
  38  1.302510e-07 +/- 2.058638e-09  
  39  1.080455e-07 +/- 1.897469e-09  
  40  8.649379e-08 +/- 1.637755e-09  
  41  0.000000e+00 +/- 0.000000e+00  
  42  0.000000e+00 +/- 0.000000e+00  
  43  0.000000e+00 +/- 0.000000e+00  
  44  0.000000e+00 +/- 0.000000e+00  
  45  0.000000e+00 +/- 0.000000e+00  
  46  0.000000e+00 +/- 0.000000e+00  
  47  0.000000e+00 +/- 0.000000e+00  
  48  0.000000e+00 +/- 0.000000e+00  
  49  0.000000e+00 +/- 0.000000e+00  
  50  0.000000e+00 +/- 0.000000e+00  
  51  0.000000e+00 +/- 0.000000e+00  
  52  0.000000e+00 +/- 0.000000e+00  
  53  0.000000e+00 +/- 0.000000e+00  
  54  0.000000e+00 +/- 0.000000e+00  
  55  0.000000e+00 +/- 0.000000e+00  
  56  0.000000e+00 +/- 0.000000e+00  
  57  0.000000e+00 +/- 0.000000e+00  
  58  0.000000e+00 +/- 0.000000e+00  
  59  0.000000e+00 +/- 0.000000e+00  
  60  0.000000e+00 +/- 0.000000e+00  
  61  0.000000e+00 +/- 0.000000e+00  
  62  0.000000e+00 +/- 0.000000e+00  
  63  0.000000e+00 +/- 0.000000e+00  
  64  0.000000e+00 +/- 0.000000e+00  
  65  0.000000e+00 +/- 0.000000e+00  
  66  0.000000e+00 +/- 0.000000e+00  
  67  0.000000e+00 +/- 0.000000e+00  
  68  0.000000e+00 +/- 0.000000e+00  
  69  0.000000e+00 +/- 0.000000e+00  
  70  0.000000e+00 +/- 0.000000e+00  
  71  0.000000e+00 +/- 0.000000e+00  
  72  0.000000e+00 +/- 0.000000e+00  
  73  0.000000e+00 +/- 0.000000e+00  
  74  0.000000e+00 +/- 0.000000e+00  
  75  0.000000e+00 +/- 0.000000e+00  
  76  0.000000e+00 +/- 0.000000e+00  
  77  0.000000e+00 +/- 0.000000e+00  
  78  0.000000e+00 +/- 0.000000e+00  
  79  0.000000e+00 +/- 0.000000e+00  
  80  0.000000e+00 +/- 0.000000e+00  
  81  0.000000e+00 +/- 0.000000e+00  
  82  2.236081e-01 +/- 2.104135e-05  
  83  1.403609e-04 +/- 6.092565e-08  
  84  3.839893e-01 +/- 2.421739e-05  
  85  3.126923e-03 +/- 1.934996e-06  
  86  6.918581e-05 +/- 3.150332e-08  
  87  3.091896e-03 +/- 1.912102e-06  
  88  0.000000e+00 +/- 0.000000e+00  
  89  0.000000e+00 +/- 0.000000e+00  
  90  0.000000e+00 +/- 0.000000e+00  
  91  8.890233e-02 +/- 1.393527e-05  
  92  4.112525e-05 +/- 3.046681e-08  
  93  8.954047e-02 +/- 1.399249e-05  
  94  1.067530e-03 +/- 1.140738e-06  
  95  1.870609e-05 +/- 1.585183e-08  
  96  1.076441e-03 +/- 1.145535e-06  
  97  0.000000e+00 +/- 0.000000e+00  
  98  0.000000e+00 +/- 0.000000e+00  
  99  0.000000e+00 +/- 0.000000e+00  
  100  3.323715e-06 +/- 1.470325e-08  
  101  7.415541e-05 +/- 6.566395e-08  
  102  3.416845e-06 +/- 1.548536e-08  
  103  1.015844e-02 +/- 4.558895e-06  
  104  1.558868e-04 +/- 4.895957e-08  
  105  1.033410e-02 +/- 4.657374e-06  
  106  3.339853e-06 +/- 1.473706e-08  
  107  7.453332e-05 +/- 6.443783e-08  
  108  3.406975e-06 +/- 1.530548e-08  
  109  1.366991e-03 +/- 2.749501e-07  
  110  0.000000e+00 +/- 0.000000e+00  
  111  0.000000e+00 +/- 0.000000e+00  
  112  0.000000e+00 +/- 0.000000e+00  
  113  0.000000e+00 +/- 0.000000e+00  
  114  0.000000e+00 +/- 0.000000e+00  
  115  0.000000e+00 +/- 0.000000e+00  
  116  0.000000e+00 +/- 0.000000e+00  
  117  0.000000e+00 +/- 0.000000e+00  
  118  0.000000e+00 +/- 0.000000e+00  
  119  0.000000e+00 +/- 0.000000e+00  
  120  0.000000e+00 +/- 0.000000e+00  
  121  0.000000e+00 +/- 0.000000e+00  
  122  0.000000e+00 +/- 0.000000e+00  
  123  0.000000e+00 +/- 0.000000e+00  
  124  0.000000e+00 +/- 0.000000e+00  
  125  0.000000e+00 +/- 0.000000e+00  
  126  0.000000e+00 +/- 0.000000e+00  
  127  0.000000e+00 +/- 0.000000e+00  
  128  0.000000e+00 +/- 0.000000e+00  
  129  0.000000e+00 +/- 0.000000e+00  
  130  0.000000e+00 +/- 0.000000e+00  
  131  0.000000e+00 +/- 0.000000e+00  
  132  0.000000e+00 +/- 0.000000e+00  
  133  0.000000e+00 +/- 0.000000e+00  
  134  0.000000e+00 +/- 0.000000e+00  
  135  0.000000e+00 +/- 0.000000e+00  
  136  8.532229e-04 +/- 1.185498e-07  
  137  0.000000e+00 +/- 0.000000e+00  
  138  0.000000e+00 +/- 0.000000e+00  
  139  0.000000e+00 +/- 0.000000e+00  
  140  0.000000e+00 +/- 0.000000e+00  
  141  0.000000e+00 +/- 0.000000e+00  
  142  0.000000e+00 +/- 0.000000e+00  
  143  0.000000e+00 +/- 0.000000e+00  
  144  0.000000e+00 +/- 0.000000e+00  
  145  0.000000e+00 +/- 0.000000e+00  
  146  0.000000e+00 +/- 0.000000e+00  
  147  0.000000e+00 +/- 0.000000e+00  
  148  0.000000e+00 +/- 0.000000e+00  
  149  0.000000e+00 +/- 0.000000e+00  
  150  0.000000e+00 +/- 0.000000e+00  
  151  0.000000e+00 +/- 0.000000e+00  
  152  0.000000e+00 +/- 0.000000e+00  
  153  0.000000e+00 +/- 0.000000e+00  
  154  0.000000e+00 +/- 0.000000e+00  
  155  0.000000e+00 +/- 0.000000e+00  
  156  0.000000e+00 +/- 0.000000e+00  
  157  0.000000e+00 +/- 0.000000e+00  
  158  0.000000e+00 +/- 0.000000e+00  
  159  0.000000e+00 +/- 0.000000e+00  
  160  0.000000e+00 +/- 0.000000e+00  
  161  0.000000e+00 +/- 0.000000e+00  
  162  0.000000e+00 +/- 0.000000e+00  
  163  1.003900e-01 +/- 1.106463e-05  
  164  0.000000e+00 +/- 0.000000e+00  
  165  0.000000e+00 +/- 0.000000e+00  
  166  0.000000e+00 +/- 0.000000e+00  
  167  0.000000e+00 +/- 0.000000e+00  
  168  0.000000e+00 +/- 0.000000e+00  
  169  0.000000e+00 +/- 0.000000e+00  
  170  0.000000e+00 +/- 0.000000e+00  
  171  0.000000e+00 +/- 0.000000e+00  
  172  0.000000e+00 +/- 0.000000e+00  
  173  0.000000e+00 +/- 0.000000e+00  
  174  0.000000e+00 +/- 0.000000e+00  
  175  0.000000e+00 +/- 0.000000e+00  
  176  0.000000e+00 +/- 0.000000e+00  
  177  0.000000e+00 +/- 0.000000e+00  
  178  0.000000e+00 +/- 0.000000e+00  
  179  0.000000e+00 +/- 0.000000e+00  
  180  0.000000e+00 +/- 0.000000e+00  
  181  0.000000e+00 +/- 0.000000e+00  
  182  0.000000e+00 +/- 0.000000e+00  
  183  0.000000e+00 +/- 0.000000e+00  
  184  0.000000e+00 +/- 0.000000e+00  
  185  0.000000e+00 +/- 0.000000e+00  
  186  0.000000e+00 +/- 0.000000e+00  
  187  0.000000e+00 +/- 0.000000e+00  
  188  0.000000e+00 +/- 0.000000e+00  
  189  0.000000e+00 +/- 0.000000e+00  
  190  0.000000e+00 +/- 0.000000e+00  
  191  0.000000e+00 +/- 0.000000e+00  
  192  0.000000e+00 +/- 0.000000e+00  
  193  0.000000e+00 +/- 0.000000e+00  
  194  0.000000e+00 +/- 0.000000e+00  
  195  0.000000e+00 +/- 0.000000e+00  
  196  0.000000e+00 +/- 0.000000e+00  
  197  0.000000e+00 +/- 0.000000e+00  
  198  0.000000e+00 +/- 0.000000e+00  
  199  0.000000e+00 +/- 0.000000e+00  
  200  0.000000e+00 +/- 0.000000e+00  
  201  0.000000e+00 +/- 0.000000e+00  
  202  0.000000e+00 +/- 0.000000e+00  
  203  0.000000e+00 +/- 0.000000e+00  
  204  0.000000e+00 +/- 0.000000e+00  
  205  0.000000e+00 +/- 0.000000e+00  
  206  0.000000e+00 +/- 0.000000e+00  
  207  0.000000e+00 +/- 0.000000e+00  
  208  0.000000e+00 +/- 0.000000e+00  
  209  0.000000e+00 +/- 0.000000e+00  
  210  0.000000e+00 +/- 0.000000e+00  
  211  0.000000e+00 +/- 0.000000e+00  
  212  0.000000e+00 +/- 0.000000e+00  
  213  0.000000e+00 +/- 0.000000e+00  
  214  0.000000e+00 +/- 0.000000e+00  
  215  0.000000e+00 +/- 0.000000e+00  
  216  0.000000e+00 +/- 0.000000e+00  
  217  0.000000e+00 +/- 0.000000e+00  
  218  0.000000e+00 +/- 0.000000e+00  
  219  0.000000e+00 +/- 0.000000e+00  
  220  0.000000e+00 +/- 0.000000e+00  
  221  0.000000e+00 +/- 0.000000e+00  
  222  0.000000e+00 +/- 0.000000e+00  
  223  0.000000e+00 +/- 0.000000e+00  
  224  0.000000e+00 +/- 0.000000e+00  
  225  0.000000e+00 +/- 0.000000e+00  
  226  0.000000e+00 +/- 0.000000e+00  
  227  0.000000e+00 +/- 0.000000e+00  
  228  0.000000e+00 +/- 0.000000e+00  
  229  0.000000e+00 +/- 0.000000e+00  
  230  0.000000e+00 +/- 0.000000e+00  
  231  0.000000e+00 +/- 0.000000e+00  
  232  0.000000e+00 +/- 0.000000e+00  
  233  0.000000e+00 +/- 0.000000e+00  
  234  0.000000e+00 +/- 0.000000e+00  
  235  0.000000e+00 +/- 0.000000e+00  
  236  0.000000e+00 +/- 0.000000e+00  
  237  0.000000e+00 +/- 0.000000e+00  
  238  0.000000e+00 +/- 0.000000e+00  
  239  0.000000e+00 +/- 0.000000e+00  
  240  0.000000e+00 +/- 0.000000e+00  
  241  0.000000e+00 +/- 0.000000e+00  
  242  0.000000e+00 +/- 0.000000e+00  
  243  0.000000e+00 +/- 0.000000e+00  
  244  1.255130e-03 +/- 5.355031e-07  
  245  0.000000e+00 +/- 0.000000e+00  
  246  0.000000e+00 +/- 0.000000e+00  
  247  0.000000e+00 +/- 0.000000e+00  
  248  0.000000e+00 +/- 0.000000e+00  
  249  0.000000e+00 +/- 0.000000e+00  
  250  0.000000e+00 +/- 0.000000e+00  
  251  0.000000e+00 +/- 0.000000e+00  
  252  0.000000e+00 +/- 0.000000e+00  
  253  0.000000e+00 +/- 0.000000e+00  
  254  0.000000e+00 +/- 0.000000e+00  
  255  0.000000e+00 +/- 0.000000e+00  
  256  0.000000e+00 +/- 0.000000e+00  
  257  0.000000e+00 +/- 0.000000e+00  
  258  0.000000e+00 +/- 0.000000e+00  
  259  0.000000e+00 +/- 0.000000e+00  
  260  0.000000e+00 +/- 0.000000e+00  
  261  0.000000e+00 +/- 0.000000e+00  
  262  0.000000e+00 +/- 0.000000e+00  
  263  0.000000e+00 +/- 0.000000e+00  
  264  0.000000e+00 +/- 0.000000e+00  
  265  0.000000e+00 +/- 0.000000e+00  
  266  0.000000e+00 +/- 0.000000e+00  
  267  0.000000e+00 +/- 0.000000e+00  
  268  0.000000e+00 +/- 0.000000e+00  
  269  0.000000e+00 +/- 0.000000e+00  
  270  0.000000e+00 +/- 0.000000e+00  
  271  0.000000e+00 +/- 0.000000e+00  
  272  0.000000e+00 +/- 0.000000e+00  
  273  0.000000e+00 +/- 0.000000e+00  
  274  0.000000e+00 +/- 0.000000e+00  
  275  0.000000e+00 +/- 0.000000e+00  
  276  0.000000e+00 +/- 0.000000e+00  
  277  0.000000e+00 +/- 0.000000e+00  
  278  0.000000e+00 +/- 0.000000e+00  
  279  0.000000e+00 +/- 0.000000e+00  
  280  0.000000e+00 +/- 0.000000e+00  
  281  0.000000e+00 +/- 0.000000e+00  
  282  0.000000e+00 +/- 0.000000e+00  
  283  0.000000e+00 +/- 0.000000e+00  
  284  0.000000e+00 +/- 0.000000e+00  
  285  0.000000e+00 +/- 0.000000e+00  
  286  0.000000e+00 +/- 0.000000e+00  
  287  0.000000e+00 +/- 0.000000e+00  
  288  0.000000e+00 +/- 0.000000e+00  
  289  0.000000e+00 +/- 0.000000e+00  
  290  0.000000e+00 +/- 0.000000e+00  
  291  0.000000e+00 +/- 0.000000e+00  
  292  0.000000e+00 +/- 0.000000e+00  
  293  0.000000e+00 +/- 0.000000e+00  
  294  0.000000e+00 +/- 0.000000e+00  
  295  0.000000e+00 +/- 0.000000e+00  
  296  0.000000e+00 +/- 0.000000e+00  
  297  0.000000e+00 +/- 0.000000e+00  
  298  0.000000e+00 +/- 0.000000e+00  
  299  0.000000e+00 +/- 0.000000e+00  
  300  0.000000e+00 +/- 0.000000e+00  
  301  0.000000e+00 +/- 0.000000e+00  
  302  0.000000e+00 +/- 0.000000e+00  
  303  0.000000e+00 +/- 0.000000e+00  
  304  0.000000e+00 +/- 0.000000e+00  
  305  0.000000e+00 +/- 0.000000e+00  
  306  0.000000e+00 +/- 0.000000e+00  
  307  0.000000e+00 +/- 0.000000e+00  
  308  0.000000e+00 +/- 0.000000e+00  
  309  0.000000e+00 +/- 0.000000e+00  
  310  0.000000e+00 +/- 0.000000e+00  
  311  0.000000e+00 +/- 0.000000e+00  
  312  0.000000e+00 +/- 0.000000e+00  
  313  0.000000e+00 +/- 0.000000e+00  
  314  0.000000e+00 +/- 0.000000e+00  
  315  0.000000e+00 +/- 0.000000e+00  
  316  0.000000e+00 +/- 0.000000e+00  
  317  0.000000e+00 +/- 0.000000e+00  
  318  0.000000e+00 +/- 0.000000e+00  
  319  0.000000e+00 +/- 0.000000e+00  
  320  0.000000e+00 +/- 0.000000e+00  
  321  0.000000e+00 +/- 0.000000e+00  
  322  0.000000e+00 +/- 0.000000e+00  
  323  0.000000e+00 +/- 0.000000e+00  
  324  0.000000e+00 +/- 0.000000e+00  
  325  2.311716e-02 +/- 5.214401e-06  

Particle Track Scoring (tracks)
======================================================
   Total events scored:     0
   Total tracks scored:     0
   Still being scored:      0
   Output file name:        /home/rsmina/EGSnrc/egs_home/TB/BladesAndFilm.ptracks


======================================================
Dose Scoring Object(profilexFilm)
======================================================
=> last case = 450835509 fluence = 4.32528e+12

==> Summary of region dosimetry (per fluence)
 ir medium       rho/[g/cm3]  V/cm3    Edep/[MeV*cm2]            D/[Gy*cm2]         
------------------------------------------------------------------------------------
  0 film          1.140     1.0000 5.4119e-13 +/- 1.863  % 7.6052e-23 +/- 1.863  %
  1 film          1.140     1.0000 6.2313e-13 +/- 1.731  % 8.7566e-23 +/- 1.731  %
  2 film          1.140     1.0000 7.2648e-13 +/- 1.542  % 1.0209e-22 +/- 1.542  %
  3 film          1.140     1.0000 8.4598e-13 +/- 1.335  % 1.1888e-22 +/- 1.335  %
  4 film          1.140     1.0000 1.1229e-12 +/- 1.195  % 1.5779e-22 +/- 1.195  %
  5 film          1.140     1.0000 1.3739e-12 +/- 0.996  % 1.9306e-22 +/- 0.996  %
  6 film          1.140     1.0000 3.4798e-12 +/- 0.637  % 4.8900e-22 +/- 0.637  %
  7 film          1.140     1.0000 7.7966e-12 +/- 0.451  % 1.0956e-21 +/- 0.451  %
  8 film          1.140     1.0000 1.0858e-11 +/- 0.377  % 1.5258e-21 +/- 0.377  %
  9 film          1.140     1.0000 1.0465e-11 +/- 0.387  % 1.4706e-21 +/- 0.387  %
 10 film          1.140     1.0000 1.0734e-11 +/- 0.378  % 1.5084e-21 +/- 0.378  %
 11 film          1.140     1.0000 1.0716e-11 +/- 0.376  % 1.5058e-21 +/- 0.376  %
 12 film          1.140     1.0000 1.1391e-11 +/- 0.367  % 1.6007e-21 +/- 0.367  %
 13 film          1.140     1.0000 1.0667e-11 +/- 0.378  % 1.4989e-21 +/- 0.378  %
 14 film          1.140     1.0000 1.0784e-11 +/- 0.374  % 1.5154e-21 +/- 0.374  %
 15 film          1.140     1.0000 1.0670e-11 +/- 0.379  % 1.4994e-21 +/- 0.379  %
 16 film          1.140     1.0000 1.1154e-11 +/- 0.371  % 1.5675e-21 +/- 0.371  %
 17 film          1.140     1.0000 1.0912e-11 +/- 0.374  % 1.5334e-21 +/- 0.374  %
 18 film          1.140     1.0000 1.1555e-11 +/- 0.364  % 1.6238e-21 +/- 0.364  %
 19 film          1.140     1.0000 1.0959e-11 +/- 0.374  % 1.5400e-21 +/- 0.374  %
 20 film          1.140     1.0000 1.2021e-11 +/- 0.361  % 1.6892e-21 +/- 0.361  %
 21 film          1.140     1.0000 1.1144e-11 +/- 0.370  % 1.5660e-21 +/- 0.370  %
 22 film          1.140     1.0000 1.1270e-11 +/- 0.370  % 1.5837e-21 +/- 0.370  %
 23 film          1.140     1.0000 1.0901e-11 +/- 0.373  % 1.5319e-21 +/- 0.373  %
 24 film          1.140     1.0000 1.0838e-11 +/- 0.374  % 1.5230e-21 +/- 0.374  %
 25 film          1.140     1.0000 1.0989e-11 +/- 0.372  % 1.5442e-21 +/- 0.372  %
 26 film          1.140     1.0000 1.0916e-11 +/- 0.374  % 1.5340e-21 +/- 0.374  %
 27 film          1.140     1.0000 1.0895e-11 +/- 0.373  % 1.5310e-21 +/- 0.373  %
 28 film          1.140     1.0000 1.0525e-11 +/- 0.385  % 1.4790e-21 +/- 0.385  %
 29 film          1.140     1.0000 1.0587e-11 +/- 0.380  % 1.4878e-21 +/- 0.380  %
 30 film          1.140     1.0000 9.8486e-12 +/- 0.396  % 1.3840e-21 +/- 0.396  %
 31 film          1.140     1.0000 1.0402e-11 +/- 0.389  % 1.4617e-21 +/- 0.389  %
 32 film          1.140     1.0000 7.9849e-12 +/- 0.445  % 1.1221e-21 +/- 0.445  %
 33 film          1.140     1.0000 3.6878e-12 +/- 0.648  % 5.1823e-22 +/- 0.648  %
 34 film          1.140     1.0000 1.4638e-12 +/- 0.972  % 2.0570e-22 +/- 0.972  %
 35 film          1.140     1.0000 1.0685e-12 +/- 1.184  % 1.5015e-22 +/- 1.184  %
 36 film          1.140     1.0000 8.7078e-13 +/- 1.330  % 1.2237e-22 +/- 1.330  %
 37 film          1.140     1.0000 6.7919e-13 +/- 1.581  % 9.5444e-23 +/- 1.581  %
 38 film          1.140     1.0000 5.6340e-13 +/- 1.756  % 7.9172e-23 +/- 1.756  %
 39 film          1.140     1.0000 4.5102e-13 +/- 1.893  % 6.3380e-23 +/- 1.893  %
 81 pb           11.350     1.0000 1.1660e-06 +/- 0.009  % 1.6457e-17 +/- 0.009  %
 82 air           0.001     1.0000 7.3191e-10 +/- 0.043  % 9.7321e-17 +/- 0.043  %
 83 pb           11.350     1.0000 2.0023e-06 +/- 0.006  % 2.8261e-17 +/- 0.006  %
 84 steel         8.060     1.0000 1.6305e-08 +/- 0.062  % 3.2408e-19 +/- 0.062  %
 85 air           0.001     1.0000 3.6077e-10 +/- 0.046  % 4.7971e-17 +/- 0.046  %
 86 steel         8.060     1.0000 1.6123e-08 +/- 0.062  % 3.2045e-19 +/- 0.062  %
 90 pb           11.350     1.0000 4.6358e-07 +/- 0.016  % 6.5432e-18 +/- 0.016  %
 91 air           0.001     1.0000 2.1445e-10 +/- 0.074  % 2.8515e-17 +/- 0.074  %
 92 pb           11.350     1.0000 4.6691e-07 +/- 0.016  % 6.5902e-18 +/- 0.016  %
 93 steel         8.060     1.0000 5.5666e-09 +/- 0.107  % 1.1064e-19 +/- 0.107  %
 94 air           0.001     1.0000 9.7542e-11 +/- 0.085  % 1.2970e-17 +/- 0.085  %
 95 steel         8.060     1.0000 5.6131e-09 +/- 0.106  % 1.1156e-19 +/- 0.106  %
 99 steel         8.060     1.0000 1.7331e-11 +/- 0.442  % 3.4448e-22 +/- 0.442  %
100 steel         8.060     1.0000 3.8668e-10 +/- 0.089  % 7.6856e-21 +/- 0.089  %
101 steel         8.060     1.0000 1.7817e-11 +/- 0.453  % 3.5413e-22 +/- 0.453  %
102 steel         8.060     1.0000 5.2971e-08 +/- 0.045  % 1.0528e-18 +/- 0.045  %
103 air           0.001     1.0000 8.1287e-10 +/- 0.031  % 1.0809e-16 +/- 0.031  %
104 steel         8.060     1.0000 5.3887e-08 +/- 0.045  % 1.0710e-18 +/- 0.045  %
105 steel         8.060     1.0000 1.7416e-11 +/- 0.441  % 3.4615e-22 +/- 0.441  %
106 steel         8.060     1.0000 3.8865e-10 +/- 0.086  % 7.7248e-21 +/- 0.086  %
107 steel         8.060     1.0000 1.7766e-11 +/- 0.449  % 3.5311e-22 +/- 0.449  %
108 air           0.001     1.0000 7.1281e-09 +/- 0.020  % 9.4782e-16 +/- 0.020  %
135 air           0.001     1.0000 4.4491e-09 +/- 0.014  % 5.9159e-16 +/- 0.014  %
162 polystyrene   1.060     1.0000 5.2348e-07 +/- 0.011  % 7.9115e-17 +/- 0.011  %
243 air           0.001     1.0000 6.5448e-09 +/- 0.043  % 8.7026e-16 +/- 0.043  %
------------------------------------------------------------------------------------

 EGS_DoseScoring: Writing dose data for EGS_XYZGeometry profilex... 
 Output file name: /home/rsmina/EGSnrc/egs_home/TB/profilexFilm.3ddose

======================================================


================================================================================
Finished simulation

  Elapsed time:                   14.7 s (  0.004 h)
  CPU time:                        3.7 s (  0.001 h)
  Ratio:                          4.029


End of run                                             Tue May 23 20:42:10 2023
================================================================================
finishSimulation(TB) 0
