In EGS_Application::initSimulation()
================================================================================
EGSnrc version 4 for x86_64-unknown-linux-gnu          Mon Apr 24 19:58:13 2023
================================================================================
configuration...................................................linux
configuration time..............................................unknown
app compile time................................................2023-04-17 09:57:37 UTC
git commit hash.................................................e2cef22
application.....................................................TB
pegs file.......................................................
using host......................................................narvi.cc.tut.fi
input file......................................................BladesXrayWindow
output file(s)..................................................BladesXrayWindow
================================================================================

               ***************************************************
               *                                                 *
               *                  TB                       *
               *                                                 *
               ***************************************************

This is TB   based on
      EGS_AdvancedApplication  

In initCrossSections(): spin effects = 1
Property Photon cross-sections output: 0
Property Photonuclear attenuation: 0
Property Bound Compton scattering: 1
Property Radiative Compton corrections: 1
Property Rayleigh scattering: 1
Property Atomic relaxations: 1
Property Photoelectron angular sampling: 1
Property Spin effects: 1
Property Triplet production: 1
Property Brems cross sections: 2
Property Brems angular sampling: 1
Property Pair cross sections: 1
Property Pair angular sampling: 2
Property Electron-step algorithm: 2
Property Boundary crossing algorithm: 0
 ===> Photonuclear flag:   0
 RAYLEIGH OPTION REQUESTED FOR MEDIUM NUMBER  1

 RAYLEIGH OPTION REQUESTED FOR MEDIUM NUMBER  2

 RAYLEIGH OPTION REQUESTED FOR MEDIUM NUMBER  3

 RAYLEIGH OPTION REQUESTED FOR MEDIUM NUMBER  4

 RAYLEIGH OPTION REQUESTED FOR MEDIUM NUMBER  5

 RAYLEIGH OPTION REQUESTED FOR MEDIUM NUMBER  6

 RAYLEIGH OPTION REQUESTED FOR MEDIUM NUMBER  7

 RAYLEIGH OPTION REQUESTED FOR MEDIUM NUMBER  8

 RAYLEIGH OPTION REQUESTED FOR MEDIUM NUMBER  9

 RAYLEIGH OPTION REQUESTED FOR MEDIUM NUMBER 10

 RAYLEIGH OPTION REQUESTED FOR MEDIUM NUMBER 11

  PEGSLESS INPUT.  CALCULATING ELECTRON CROSS-SECTIONS.
  density_file carbon_graphite_icru90_2.0g_cm3                                                                                                                                                                                                                                 
  density_file molybdenum                                                                                                                                                                                                                                                      
  density_file beryllium                                                                                                                                                                                                                                                       
  density_file steel_stainless_type302                                                                                                                                                                                                                                         
  density_file aluminumalloy_type1100                                                                                                                                                                                                                                          
  density_file air_dry_nearsealevel                                                                                                                                                                                                                                            
  density_file lead                                                                                                                                                                                                                                                            
  density_file polystyrene                                                                                                                                                                                                                                                     
  density_file radiochromicdyefilm_nylonbase                                                                                                                                                                                                                                   

  Medium data: 

 AE =    5.12000E-01 MeV,  UE =    1.51100E+00 MeV
 AP =    1.00000E-03 MeV,  UP =    1.00000E+00 MeV

  No material data file supplied.  Material data obtained from
  .egsinp file or density correction file.

   Medium: graphite                
 Sterncid: graphite                
     rho:    2.00000E+00 g/cm^3
 Elements: C   
    rhoz:    1.00000E+00
      pz:    8.32560E-02
  iunrst:     0
  iaprim:     1
    gasp:    0.00000E+00 atm.
  density correction file: /home/rsmina/EGSnrc/HEN_HOUSE/pegs4/density_corrections/elements/carbon_graphite_icru90_2.0g_cm3.density

   Medium: target_material         
 Sterncid: target_material         
     rho:    1.93860E+01 g/cm^3
 Elements: W   RE  
    rhoz:    9.50000E-01   5.00000E-02
      pz:    5.16726E-03   2.68528E-04
  iunrst:     0
  iaprim:     1
    gasp:    0.00000E+00 atm.

   Medium: molybdenum              
 Sterncid: molybdenum              
     rho:    1.02200E+01 g/cm^3
 Elements: MO  
    rhoz:    1.00000E+00
      pz:    1.04232E-02
  iunrst:     0
  iaprim:     1
    gasp:    0.00000E+00 atm.
  density correction file: /home/rsmina/EGSnrc/HEN_HOUSE/pegs4/density_corrections/elements/molybdenum.density

   Medium: beryllium               
 Sterncid: beryllium               
     rho:    1.84800E+00 g/cm^3
 Elements: BE  
    rhoz:    1.00000E+00
      pz:    1.10961E-01
  iunrst:     0
  iaprim:     1
    gasp:    0.00000E+00 atm.
  density correction file: /home/rsmina/EGSnrc/HEN_HOUSE/pegs4/density_corrections/elements/beryllium.density

   Medium: steel                   
 Sterncid: steel                   
     rho:    8.06000E+00 g/cm^3
 Elements: C   SI  CR  MN  FE  NI  
    rhoz:    1.00000E-03   7.00000E-03   1.80000E-01   1.00000E-02   7.12000E-01   9.00000E-02
      pz:    8.32560E-05   2.49217E-04   3.46167E-03   1.82023E-04   1.27491E-02   1.53296E-03
  iunrst:     0
  iaprim:     1
    gasp:    0.00000E+00 atm.
  density correction file: /home/rsmina/EGSnrc/HEN_HOUSE/pegs4/density_corrections/compounds/steel_stainless_type302.density

   Medium: oil                     
 Sterncid: oil                     
     rho:    8.91000E-01 g/cm^3
 Elements: C   H   
    rhoz:    1.20112E+02   2.21753E+01
      pz:    1.00000E+01   2.20000E+01
  iunrst:     0
  iaprim:     0
    gasp:    0.00000E+00 atm.

   Medium: aluminum                
 Sterncid: aluminum                
     rho:    2.71000E+00 g/cm^3
 Elements: AL  SI  FE  CU  
    rhoz:    9.90000E-01   4.50000E-03   4.50000E-03   1.00000E-03
      pz:    3.66918E-02   1.60211E-04   8.05773E-05   1.57381E-05
  iunrst:     0
  iaprim:     1
    gasp:    0.00000E+00 atm.
  density correction file: /home/rsmina/EGSnrc/HEN_HOUSE/pegs4/density_corrections/compounds/aluminumalloy_type1100.density

   Medium: air                     
 Sterncid: air                     
     rho:    1.20479E-03 g/cm^3
 Elements: C   N   O   AR  
    rhoz:    1.24000E-04   7.55267E-01   2.31781E-01   1.28270E-02
      pz:    1.03237E-05   5.39218E-02   1.44869E-02   3.21092E-04
  iunrst:     0
  iaprim:     1
    gasp:    0.00000E+00 atm.
  density correction file: /home/rsmina/EGSnrc/HEN_HOUSE/pegs4/density_corrections/compounds/air_dry_nearsealevel.density

   Medium: pb                      
 Sterncid: pb                      
     rho:    1.13500E+01 g/cm^3
 Elements: PB  
    rhoz:    1.00000E+00
      pz:    4.82649E-03
  iunrst:     0
  iaprim:     1
    gasp:    0.00000E+00 atm.
  density correction file: /home/rsmina/EGSnrc/HEN_HOUSE/pegs4/density_corrections/elements/lead.density

   Medium: polystyrene             
 Sterncid: polystyrene             
     rho:    1.06000E+00 g/cm^3
 Elements: H   C   
    rhoz:    7.74180E-02   9.22582E-01
      pz:    7.68059E-02   7.68105E-02
  iunrst:     0
  iaprim:     1
    gasp:    0.00000E+00 atm.
  density correction file: /home/rsmina/EGSnrc/HEN_HOUSE/pegs4/density_corrections/compounds/polystyrene.density

   Medium: film                    
 Sterncid: film                    
     rho:    1.14000E+00 g/cm^3
 Elements: H   C   N   O   
    rhoz:    1.05000E-01   6.56000E-01   1.11000E-01   1.28000E-01
      pz:    1.04170E-01   5.46159E-02   7.92478E-03   8.00030E-03
  iunrst:     0
  iaprim:     1
    gasp:    0.00000E+00 atm.
  density correction file: /home/rsmina/EGSnrc/HEN_HOUSE/pegs4/density_corrections/compounds/radiochromicdyefilm_nylonbase.density


(Re)-initializing photon cross sections with files from the series: xcom

 Compton cross sections: default
 Using Compton cross sections from /home/rsmina/EGSnrc/HEN_HOUSE/data/compton_sigma.data

 Reading renormalized photoelectric cross sections ...... done

 Working on medium   1 ... 
  ->  100 atomic ff values computed!
      preparing data for Rayleigh sampling ... done

OK
 Working on medium   2 ... 
  ->  100 atomic ff values computed!
      preparing data for Rayleigh sampling ... done

OK
 Working on medium   3 ... 
  ->  100 atomic ff values computed!
      preparing data for Rayleigh sampling ... done

OK
 Working on medium   4 ... 
  ->  100 atomic ff values computed!
      preparing data for Rayleigh sampling ... done

OK
 Working on medium   5 ... 
  ->  100 atomic ff values computed!
      preparing data for Rayleigh sampling ... done

OK
 Working on medium   6 ... 
  ->  100 atomic ff values computed!
      preparing data for Rayleigh sampling ... done

OK
 Working on medium   7 ... 
  ->  100 atomic ff values computed!
      preparing data for Rayleigh sampling ... done

OK
 Working on medium   8 ... 
  ->  100 atomic ff values computed!
      preparing data for Rayleigh sampling ... done

OK
 Working on medium   9 ... 
  ->  100 atomic ff values computed!
      preparing data for Rayleigh sampling ... done

OK
 Working on medium  10 ... 
  ->  100 atomic ff values computed!
      preparing data for Rayleigh sampling ... done

OK
 Working on medium  11 ... 
  ->  100 atomic ff values computed!
      preparing data for Rayleigh sampling ... done

OK

Reading screened Rutherford MS data ...............  done 


Reading spin data base from /home/rsmina/EGSnrc/HEN_HOUSE/data/spinms.data
EGSnrc spin data, version 2.0   
Data generated on a machine with 1234 endianess
The endianess of this CPU is 1234
Ranges:      1.00   100.00  0.30054  1.00000


  medium    1 .....................  done
  medium    2 .....................  done
  medium    3 .....................  done
  medium    4 .....................  done
  medium    5 .....................  done
  medium    6 .....................  done
  medium    7 .....................  done
  medium    8 .....................  done
  medium    9 .....................  done
  medium   10 .....................  done
  medium   11 .....................  done
  
  Medium            1  sige =    88.732676887657149        101.89662531002678       monotone =  F F
  Medium            2  sige =    172.57741978179737        235.40232772540153       monotone =  F F
  Medium            3  sige =    134.22848806796372        168.69238010014359       monotone =  F F
  Medium            4  sige =    84.646856620002538        96.504529959621067       monotone =  F F
  Medium            5  sige =    123.18338032147462        151.05228366131078       monotone =  F F
  Medium            6  sige =    81.986177421614656        93.527408700419556       monotone =  F F
  Medium            7  sige =    103.55231328873344        122.59567608363146       monotone =  F F
  Medium            8  sige =    89.591859601344183        103.21541676401796       monotone =  F F
  Medium            9  sige =    172.75604562338430        235.60337980532134       monotone =  F F
  Medium           10  sige =    85.799574936291847        98.126563048670249       monotone =  F F
  Medium           11  sige =    84.596696459844324        96.521242628028816       monotone =  F F
  
  Initializing tmxs for estepe =   0.25000000000000000       and ximax =   0.50000000000000000     
  
  
 Radiative Compton corrections requested:
    Reading radiative Compton data ...  OK
    Modifying cross sections and branching ratios ... OK

Bound Compton scattering requested, reading data ......  Done

 Initializing Bound Compton scattering ......
 Medium   1 has   3 shells: 
   1   10   1  0.33333 0.210E+02     0.285
   2   11   2  0.33333 0.110E+03     0.011
   3   12   3  0.33333 0.669E+02     0.011
 Medium   2 has  42 shells: 
   1  882   1  0.02567 0.138E+01    69.525
   2  883   2  0.02567 0.495E+01    12.100
   3  884   3  0.02567 0.242E+01    11.544
   4  885   4  0.05135 0.267E+01    10.207
   5  886   5  0.02567 0.109E+02     2.820
   6  887   6  0.02567 0.640E+01     2.575
   7  888   7  0.05135 0.684E+01     2.281
   8  889   8  0.05135 0.444E+01     1.872
   9  890   9  0.07702 0.453E+01     1.809
  10  891  10  0.02567 0.229E+02     0.592
  11  892  11  0.02567 0.144E+02     0.489
  12  893  12  0.05135 0.155E+02     0.423
  13  894  13  0.05135 0.118E+02     0.255
  14  895  14  0.07702 0.121E+02     0.243
  15  896  15  0.02567 0.585E+02     0.074
  16  897  16  0.02567 0.399E+02     0.044
  17  898  17  0.05135 0.426E+02     0.034
  18  899  18  0.07702 0.111E+02     0.034
  19  900  19  0.10270 0.112E+02     0.032
  20  901  20  0.05135 0.482E+02     0.008
  21  902  21  0.02567 0.212E+03     0.008
  22  903   1  0.00133 0.137E+01    71.677
  23  904   2  0.00133 0.485E+01    12.527
  24  905   3  0.00133 0.237E+01    11.959
  25  906   4  0.00267 0.263E+01    10.535
  26  907   5  0.00133 0.107E+02     2.932
  27  908   6  0.00133 0.627E+01     2.682
  28  909   7  0.00267 0.673E+01     2.367
  29  910   8  0.00267 0.436E+01     1.949
  30  911   9  0.00400 0.445E+01     1.822
  31  912  10  0.00133 0.223E+02     0.625
  32  913  11  0.00133 0.141E+02     0.518
  33  914  12  0.00267 0.151E+02     0.445
  34  915  13  0.00267 0.115E+02     0.274
  35  916  14  0.00400 0.118E+02     0.260
  36  917  15  0.00133 0.564E+02     0.083
  37  918  16  0.00133 0.382E+02     0.046
  38  919  17  0.00267 0.411E+02     0.035
  39  920  18  0.00400 0.106E+02     0.043
  40  921  19  0.00534 0.107E+02     0.040
  41  922  20  0.00267 0.448E+02     0.008
  42  923  21  0.00200 0.152E+03     0.008
 Medium   3 has  14 shells: 
   1  321   1  0.04762 0.271E+01    19.999
   2  322   2  0.04762 0.986E+01     2.866
   3  323   3  0.04762 0.493E+01     2.625
   4  324   4  0.09524 0.508E+01     2.520
   5  325   5  0.04762 0.241E+02     0.505
   6  326   6  0.04762 0.144E+02     0.410
   7  327   7  0.09524 0.148E+02     0.393
   8  328   8  0.09524 0.102E+02     0.230
   9  329   9  0.14286 0.103E+02     0.226
  10  330  10  0.04762 0.625E+02     0.062
  11  331  11  0.04762 0.419E+02     0.035
  12  332  12  0.09524 0.423E+02     0.035
  13  333  13  0.09524 0.475E+02     0.007
  14  334  14  0.04762 0.149E+03     0.007
 Medium   4 has   2 shells: 
   1    5   1  0.50000 0.325E+02     0.112
   2    6   2  0.50000 0.184E+03     0.009
 Medium   5 has  45 shells: 
   1   10   1  0.00036 0.210E+02     0.285
   2   11   2  0.00036 0.110E+03     0.011
   3   12   3  0.00036 0.669E+02     0.011
   4   45   1  0.00107 0.870E+01     1.839
   5   46   2  0.00107 0.377E+02     0.149
   6   47   3  0.00107 0.204E+02     0.100
   7   48   4  0.00214 0.204E+02     0.099
   8   49   5  0.00107 0.142E+03     0.008
   9   50   6  0.00107 0.102E+03     0.008
  10  120   1  0.01486 0.500E+01     5.989
  11  121   2  0.01486 0.192E+02     0.698
  12  122   3  0.01486 0.981E+01     0.585
  13  123   4  0.02971 0.981E+01     0.576
  14  124   5  0.01486 0.545E+02     0.075
  15  125   6  0.01486 0.347E+02     0.043
  16  126   7  0.02971 0.347E+02     0.043
  17  127   8  0.02971 0.721E+02     0.007
  18  128   9  0.01486 0.721E+02     0.007
  19  129   1  0.00078 0.480E+01     6.539
  20  130   2  0.00078 0.182E+02     0.769
  21  131   3  0.00078 0.933E+01     0.651
  22  132   4  0.00156 0.933E+01     0.639
  23  133   5  0.00078 0.511E+02     0.082
  24  134   6  0.00078 0.322E+02     0.047
  25  135   7  0.00156 0.322E+02     0.047
  26  136   8  0.00156 0.833E+02     0.007
  27  137   9  0.00117 0.833E+02     0.007
  28  138   1  0.05471 0.460E+01     7.112
  29  139   2  0.05471 0.174E+02     0.848
  30  140   3  0.05471 0.891E+01     0.721
  31  141   4  0.10943 0.891E+01     0.708
  32  142   5  0.05471 0.486E+02     0.092
  33  143   6  0.05471 0.306E+02     0.053
  34  144   7  0.10943 0.306E+02     0.053
  35  145   8  0.10943 0.737E+02     0.008
  36  146   9  0.10943 0.737E+02     0.008
  37  156   1  0.00658 0.426E+01     8.333
  38  157   2  0.00658 0.160E+02     1.008
  39  158   3  0.00658 0.815E+01     0.871
  40  159   4  0.01316 0.815E+01     0.854
  41  160   5  0.00658 0.445E+02     0.111
  42  161   6  0.00658 0.277E+02     0.067
  43  162   7  0.01316 0.277E+02     0.067
  44  163   8  0.01316 0.599E+02     0.008
  45  164   9  0.01974 0.599E+02     0.008
 Medium   6 has   4 shells: 
   1   10   1  0.24390 0.210E+02     0.285
   2   11   2  0.24390 0.110E+03     0.011
   3   12   3  0.24390 0.669E+02     0.011
   4    1   1  0.26829 0.116E+03     0.014
 Medium   7 has  31 shells: 
   1   39   1  0.15232 0.940E+01     1.560
   2   40   2  0.15232 0.418E+02     0.118
   3   41   3  0.15232 0.230E+02     0.073
   4   42   4  0.30463 0.230E+02     0.073
   5   43   5  0.15232 0.170E+03     0.006
   6   44   6  0.07616 0.126E+03     0.006
   7   45   1  0.00067 0.870E+01     1.839
   8   46   2  0.00067 0.377E+02     0.149
   9   47   3  0.00067 0.204E+02     0.100
  10   48   4  0.00133 0.204E+02     0.099
  11   49   5  0.00067 0.142E+03     0.008
  12   50   6  0.00067 0.102E+03     0.008
  13  138   1  0.00033 0.460E+01     7.112
  14  139   2  0.00033 0.174E+02     0.848
  15  140   3  0.00033 0.891E+01     0.721
  16  141   4  0.00067 0.891E+01     0.708
  17  142   5  0.00033 0.486E+02     0.092
  18  143   6  0.00033 0.306E+02     0.053
  19  144   7  0.00067 0.306E+02     0.053
  20  145   8  0.00067 0.737E+02     0.008
  21  146   9  0.00067 0.737E+02     0.008
  22  165   1  0.00007 0.412E+01     8.979
  23  166   2  0.00007 0.153E+02     1.096
  24  167   3  0.00007 0.782E+01     0.953
  25  168   4  0.00013 0.782E+01     0.933
  26  169   5  0.00007 0.432E+02     0.122
  27  170   6  0.00007 0.269E+02     0.077
  28  171   7  0.00013 0.269E+02     0.075
  29  172   8  0.00013 0.253E+02     0.008
  30  173   9  0.00020 0.253E+02     0.008
  31  174  10  0.00003 0.225E+03     0.008
 Medium   8 has  18 shells: 
   1   10   1  0.00004 0.210E+02     0.285
   2   11   2  0.00004 0.110E+03     0.011
   3   12   3  0.00004 0.669E+02     0.011
   4   13   1  0.21604 0.178E+02     0.410
   5   14   2  0.21604 0.921E+02     0.015
   6   15   3  0.21604 0.558E+02     0.014
   7   16   4  0.10802 0.558E+02     0.014
   8   17   1  0.05804 0.155E+02     0.543
   9   18   2  0.05804 0.793E+02     0.024
  10   19   3  0.05804 0.479E+02     0.014
  11   20   4  0.05804 0.479E+02     0.014
  12   72   1  0.00129 0.671E+01     3.203
  13   73   2  0.00129 0.271E+02     0.326
  14   74   3  0.00129 0.142E+02     0.251
  15   75   4  0.00257 0.142E+02     0.249
  16   76   5  0.00129 0.889E+02     0.029
  17   77   6  0.00129 0.606E+02     0.016
  18   78   7  0.00257 0.606E+02     0.016
 Medium   9 has  23 shells: 
   1 1054   1  0.02439 0.121E+01    88.004
   2 1055   2  0.02439 0.430E+01    15.861
   3 1056   3  0.02439 0.210E+01    15.200
   4 1057   4  0.04878 0.238E+01    13.035
   5 1058   5  0.02439 0.944E+01     3.851
   6 1059   6  0.02439 0.552E+01     3.554
   7 1060   7  0.04878 0.600E+01     3.066
   8 1061   8  0.04878 0.388E+01     2.586
   9 1062   9  0.07317 0.397E+01     2.484
  10 1063  10  0.02439 0.193E+02     0.894
  11 1064  11  0.02439 0.121E+02     0.764
  12 1065  12  0.04878 0.131E+02     0.645
  13 1066  13  0.04878 0.984E+01     0.434
  14 1067  14  0.07317 0.101E+02     0.412
  15 1068  15  0.02439 0.445E+02     0.148
  16 1069  16  0.02439 0.295E+02     0.105
  17 1070  17  0.04878 0.325E+02     0.086
  18 1071  18  0.07317 0.830E+01     0.141
  19 1072  19  0.09756 0.841E+01     0.136
  20 1073  20  0.04878 0.303E+02     0.020
  21 1074  21  0.07317 0.311E+02     0.018
  22 1075  22  0.02439 0.142E+03     0.007
  23 1076  23  0.02439 0.111E+03     0.007
 Medium  10 has   4 shells: 
   1    1   1  0.14285 0.116E+03     0.014
   2   10   1  0.28572 0.210E+02     0.285
   3   11   2  0.28572 0.110E+03     0.011
   4   12   3  0.28572 0.669E+02     0.011
 Medium  11 has  12 shells: 
   1    1   1  0.18894 0.116E+03     0.014
   2   10   1  0.19812 0.210E+02     0.285
   3   11   2  0.19812 0.110E+03     0.011
   4   12   3  0.19812 0.669E+02     0.011
   5   13   1  0.02875 0.178E+02     0.410
   6   14   2  0.02875 0.921E+02     0.015
   7   15   3  0.02875 0.558E+02     0.014
   8   16   4  0.01437 0.558E+02     0.014
   9   17   1  0.02902 0.155E+02     0.543
  10   18   2  0.02902 0.793E+02     0.024
  11   19   3  0.02902 0.479E+02     0.014
  12   20   4  0.02902 0.479E+02     0.014
 ...... Done.

Output from subroutine EDGSET:
==============================
 Atomic relaxations requested! 

 Reading simplified photo-absorption data ..... Done

 Reading simplified relaxation data ..... Done

 Reading parametrized XCOM photo cross section data ..... Done

 Reading EADL relaxation data ......
  Z =   6 has  4 shells
  Z =  74 has 22 shells
  Z =  75 has 22 shells
  Z =  42 has 15 shells
  Z =   4 has  2 shells
  Z =  14 has  7 shells
  Z =  24 has 10 shells
  Z =  25 has 10 shells
  Z =  26 has 10 shells
  Z =  28 has 10 shells
  Z =   1 has  1 shells
  Z =  13 has  7 shells
  Z =  29 has 10 shells
  Z =   7 has  4 shells
  Z =   8 has  4 shells
  Z =  18 has  7 shells
  Z =  82 has 24 shells
 ...... Done.

  
 Using NRC brems cross sections! 
  
  Initializing brems data for medium            1 ...
  Max. new cross sections per energy loss:    88.744082483347924        101.89876751445045     
  Initializing brems data for medium            2 ...
  Max. new cross sections per energy loss:    172.54018784839718        235.40667168839906     
  Initializing brems data for medium            3 ...
  Max. new cross sections per energy loss:    134.21977259920902        168.69128398047008     
  Initializing brems data for medium            4 ...
  Max. new cross sections per energy loss:    84.655508271298302        96.506529836044180     
  Initializing brems data for medium            5 ...
  Max. new cross sections per energy loss:    123.18746932258490        151.05333992476235     
  Initializing brems data for medium            6 ...
  Max. new cross sections per energy loss:    82.041237739127027        93.529246256462713     
  Initializing brems data for medium            7 ...
  Max. new cross sections per energy loss:    103.56394313468178        122.59800703856691     
  Initializing brems data for medium            8 ...
  Max. new cross sections per energy loss:    89.603753795943703        103.21767115908033     
  Initializing brems data for medium            9 ...
  Max. new cross sections per energy loss:    172.71375768187906        235.60728196646150     
  Initializing brems data for medium           10 ...
  Max. new cross sections per energy loss:    85.809486150447540        98.128639733994149     
  Initializing brems data for medium           11 ...
  Max. new cross sections per energy loss:    84.606352682595968        96.523228134703402     
  
  


Reading NRC pair data base from /home/rsmina/EGSnrc/HEN_HOUSE/data/pair_nrc1.data
Data generated on a machine with 1234 endianess
The endianess of this CPU is 1234
Energy range of the data:     2.010  168.603
  medium    1 .....................  done
  medium    2 .....................  done
  medium    3 .....................  done
  medium    4 .....................  done
  medium    5 .....................  done
  medium    6 .....................  done
  medium    7 .....................  done
  medium    8 .....................  done
  medium    9 .....................  done
  medium   10 .....................  done
  medium   11 .....................  done
  
  
 eii_init: minimum threshold energy found:    1.0000000000000000E-003
 eii_init: number of shells to simulate EII:           26


Opened EII data file /home/rsmina/EGSnrc/HEN_HOUSE/data/eii_ik.data
 eii_init: reading EII data ...   OK 
  
 eii_init: for medium            2  adjusted sige =    169.85507115684098       monotone =  F
 eii_init: for medium            3  adjusted sige =    128.83320327206374       monotone =  F
 eii_init: for medium            5  adjusted sige =    114.88681191816330       monotone =  F
 eii_init: for medium            7  adjusted sige =    120.27897549194479       monotone =  F
 eii_init: for medium            8  adjusted sige =    89.565860648723145       monotone =  F
 eii_init: for medium            9  adjusted sige =    172.18788716669485       monotone =  F
 init_triplet: reading triplet data ...  OK
   Preparing triplet fraction data for medium   1 ...  OK
   Preparing triplet fraction data for medium   2 ...  OK
   Preparing triplet fraction data for medium   3 ...  OK
   Preparing triplet fraction data for medium   4 ...  OK
   Preparing triplet fraction data for medium   5 ...  OK
   Preparing triplet fraction data for medium   6 ...  OK
   Preparing triplet fraction data for medium   7 ...  OK
   Preparing triplet fraction data for medium   8 ...  OK
   Preparing triplet fraction data for medium   9 ...  OK
   Preparing triplet fraction data for medium  10 ...  OK
   Preparing triplet fraction data for medium  11 ...  OK
EGSnrc SUCCESSFULLY 'HATCHED' FOR    11 MEDIA.


The following media are defined:
================================

  0  graphite                 AE= 0.5120 AP= 0.0010 0
  1  target_material          AE= 0.5120 AP= 0.0010 1
  2  molybdenum               AE= 0.5120 AP= 0.0010 2
  3  beryllium                AE= 0.5120 AP= 0.0010 3
  4  steel                    AE= 0.5120 AP= 0.0010 4
  5  oil                      AE= 0.5120 AP= 0.0010 5
  6  aluminum                 AE= 0.5120 AP= 0.0010 6
  7  air                      AE= 0.5120 AP= 0.0010 7
  8  pb                       AE= 0.5120 AP= 0.0010 8
  9  polystyrene              AE= 0.5120 AP= 0.0010 9
 10  film                     AE= 0.5120 AP= 0.0010 10


Transport parameter and cross section options:
==============================================
Photon cross sections                             mcdf-xcom       
Compton cross sections                            default         
Global Pcut                                       0.001
Pair cross sections                               NRC
Pair angular sampling                             KM
Triplet production                                On
Bound Compton scattering                          On
Radiative Compton corrections                     On
Rayleigh scattering                               On
Atomic relaxations                                eadl
Photoelectron angular sampling                    On
Photonuclear attenuation                          Off
Photonuclear cross sections                       default         

Global Ecut                                       0.512
Brems cross sections                              NRC
Brems angular sampling                            KM
Spin effects                                      On
Electron Impact Ionization                        ik              
Global Smax                                       1e+10
ESTEPE                                            0.25
Ximax                                             0.5
Boundary crossing algorithm                       Exact
Skin depth for BCA                                3
Electron-step algorithm                           EGSnrc
==============================================

initScoring(): you must provide both, 'regions' and 'bins' input


======================== geometry =====================
 type = EGS_UnionGeometry
 name = obi_system
 number of regions = 1296
 geometries:
   profilex (type EGS_XYZGeometry)
   obi (type EGS_UnionGeometry)
   styrox (type EGS_XYZGeometry)
   air_prim_to_detector (type EGS_XYZGeometry)
=======================================================


The simulation uses the following source:
=========================================
 Transformed Transformed Parallel beam from a shape of type ellipse with monoenergetic 0.1 MeV, electrons


Random number generator:
============================================
  type                = ranmar
  high resolution     = no
  initial seeds       = 33 97
  numbers used so far = 0


Run Control Object (RCO):
=========================
  type = simple


The following ausgab objects are included in the simulation
===========================================================


Particle Track Scoring (tracks)
======================================================
 - Scoring photon tracks       = YES
 - Scoring electron tracks     = NO
 - Scoring positron tracks     = NO
 - First event to score        = 0
 - Last event to score         = 10000
 - Track buffer size           = 1024
 - Output file name            = /home/rsmina/EGSnrc/egs_home/TB/BladesXrayWindow.ptracks


===========================================
Radiative splitting Object (my_splitting)
===========================================

 - Splitting radiative events in 1000


===========================================


*******************************************
Dose Scoring Object (profilexFilm)
*******************************************

 - Regions in dose calculator :1296


--------------------------------------
 medium         rho/[g/cm**3]
--------------------------------------
graphite         2.00
target_material 19.39
molybdenum      10.22
beryllium        1.85
steel            8.06
oil              0.89
aluminum         2.71
air              0.00
pb              11.35
polystyrene      1.06
film             1.14
--------------------------------------

*******************************************


 Will output dose to file:
 EGS_XYZGeometry: profilex
 file format:  3ddose
 file name: /home/rsmina/EGSnrc/egs_home/TB/profilexFilm.3ddose



Combine results only

calling combineResults()

                      Suming the following .egsdat files:
=======================================================================
 1 BladesXrayWindow_w1.egsdat     ncase=1500000000     cpu=488229.00  
 2 BladesXrayWindow_w2.egsdat     ncase=1500000000     cpu=490567.00  
 3 BladesXrayWindow_w3.egsdat     ncase=1500000000     cpu=493659.00  
 4 BladesXrayWindow_w4.egsdat     ncase=1500000000     cpu=483155.00  
 5 BladesXrayWindow_w5.egsdat     ncase=1500000000     cpu=488140.00  
 6 BladesXrayWindow_w6.egsdat     ncase=1500000000     cpu=491006.00  
 7 BladesXrayWindow_w7.egsdat     ncase=1500000000     cpu=484254.00  
 8 BladesXrayWindow_w8.egsdat     ncase=1500000000     cpu=500679.00  
 9 BladesXrayWindow_w9.egsdat     ncase=1500000000     cpu=487212.00  
10 BladesXrayWindow_w10.egsdat    ncase=1500000000     cpu=486289.00  
11 BladesXrayWindow_w11.egsdat    ncase=1500000000     cpu=485900.00  
12 BladesXrayWindow_w12.egsdat    ncase=1500000000     cpu=485990.00  
13 BladesXrayWindow_w13.egsdat    ncase=1500000000     cpu=487486.00  
14 BladesXrayWindow_w14.egsdat    ncase=1500000000     cpu=491096.00  
15 BladesXrayWindow_w15.egsdat    ncase=1500000000     cpu=485465.00  
16 BladesXrayWindow_w16.egsdat    ncase=1500000000     cpu=486875.00  
17 BladesXrayWindow_w17.egsdat    ncase=1500000000     cpu=484061.00  
18 BladesXrayWindow_w18.egsdat    ncase=1500000000     cpu=489178.00  
19 BladesXrayWindow_w19.egsdat    ncase=1500000000     cpu=489446.00  
20 BladesXrayWindow_w20.egsdat    ncase=1500000000     cpu=488623.00  
21 BladesXrayWindow_w21.egsdat    ncase=1500000000     cpu=490768.00  
22 BladesXrayWindow_w22.egsdat    ncase=1500000000     cpu=483061.00  
23 BladesXrayWindow_w23.egsdat    ncase=1500000000     cpu=483164.00  
24 BladesXrayWindow_w24.egsdat    ncase=1500000000     cpu=491586.00  
25 BladesXrayWindow_w25.egsdat    ncase=1500000000     cpu=480171.00  
26 BladesXrayWindow_w26.egsdat    ncase=1500000000     cpu=485117.00  
27 BladesXrayWindow_w27.egsdat    ncase=1500000000     cpu=487859.00  
28 BladesXrayWindow_w28.egsdat    ncase=1500000000     cpu=492914.00  
29 BladesXrayWindow_w29.egsdat    ncase=1500000000     cpu=484455.00  
30 BladesXrayWindow_w30.egsdat    ncase=1500000000     cpu=484080.00  
31 BladesXrayWindow_w31.egsdat    ncase=1500000000     cpu=481252.00  
32 BladesXrayWindow_w32.egsdat    ncase=1500000000     cpu=483037.00  
33 BladesXrayWindow_w33.egsdat    ncase=1500000000     cpu=484578.00  
34 BladesXrayWindow_w34.egsdat    ncase=1500000000     cpu=484346.00  
35 BladesXrayWindow_w35.egsdat    ncase=1500000000     cpu=491297.00  
36 BladesXrayWindow_w36.egsdat    ncase=1500000000     cpu=484012.00  
37 BladesXrayWindow_w37.egsdat    ncase=1500000000     cpu=487942.00  
38 BladesXrayWindow_w38.egsdat    ncase=1500000000     cpu=483130.00  
39 BladesXrayWindow_w39.egsdat    ncase=1500000000     cpu=486601.00  
40 BladesXrayWindow_w40.egsdat    ncase=1500000000     cpu=484931.00  
41 BladesXrayWindow_w41.egsdat    ncase=1500000000     cpu=483950.00  
42 BladesXrayWindow_w42.egsdat    ncase=1500000000     cpu=485024.00  
43 BladesXrayWindow_w43.egsdat    ncase=1500000000     cpu=489418.00  
44 BladesXrayWindow_w44.egsdat    ncase=1500000000     cpu=490010.00  
45 BladesXrayWindow_w45.egsdat    ncase=1500000000     cpu=488990.00  
46 BladesXrayWindow_w46.egsdat    ncase=1500000000     cpu=481823.00  
47 BladesXrayWindow_w47.egsdat    ncase=1500000000     cpu=488413.00  
48 BladesXrayWindow_w48.egsdat    ncase=1500000000     cpu=488901.00  
49 BladesXrayWindow_w49.egsdat    ncase=1500000000     cpu=485757.00  
50 BladesXrayWindow_w50.egsdat    ncase=1500000000     cpu=483360.00  
51 BladesXrayWindow_w51.egsdat    ncase=1500000000     cpu=479363.00  
52 BladesXrayWindow_w52.egsdat    ncase=1500000000     cpu=481771.00  
53 BladesXrayWindow_w53.egsdat    ncase=1500000000     cpu=485410.00  
54 BladesXrayWindow_w54.egsdat    ncase=1500000000     cpu=483708.00  
55 BladesXrayWindow_w55.egsdat    ncase=1500000000     cpu=487762.00  
56 BladesXrayWindow_w56.egsdat    ncase=1500000000     cpu=486839.00  
57 BladesXrayWindow_w57.egsdat    ncase=1500000000     cpu=486872.00  
58 BladesXrayWindow_w58.egsdat    ncase=1500000000     cpu=491122.00  
59 BladesXrayWindow_w59.egsdat    ncase=1500000000     cpu=497425.00  
60 BladesXrayWindow_w60.egsdat    ncase=1500000000     cpu=482237.00  
61 BladesXrayWindow_w61.egsdat    ncase=1500000000     cpu=500228.00  
62 BladesXrayWindow_w62.egsdat    ncase=1500000000     cpu=487427.00  
63 BladesXrayWindow_w63.egsdat    ncase=1500000000     cpu=491844.00  
64 BladesXrayWindow_w64.egsdat    ncase=1500000000     cpu=484661.00  
65 BladesXrayWindow_w65.egsdat    ncase=1500000000     cpu=487874.00  
66 BladesXrayWindow_w66.egsdat    ncase=1500000000     cpu=494487.00  
67 BladesXrayWindow_w67.egsdat    ncase=1500000000     cpu=483720.00  
68 BladesXrayWindow_w68.egsdat    ncase=1500000000     cpu=491915.00  
69 BladesXrayWindow_w69.egsdat    ncase=1500000000     cpu=489243.00  
70 BladesXrayWindow_w70.egsdat    ncase=1500000000     cpu=491652.00  
71 BladesXrayWindow_w71.egsdat    ncase=1500000000     cpu=488306.00  
72 BladesXrayWindow_w72.egsdat    ncase=1500000000     cpu=489156.00  
73 BladesXrayWindow_w73.egsdat    ncase=1500000000     cpu=487686.00  
74 BladesXrayWindow_w74.egsdat    ncase=1500000000     cpu=501291.00  
75 BladesXrayWindow_w75.egsdat    ncase=1500000000     cpu=485250.00  
76 BladesXrayWindow_w76.egsdat    ncase=1500000000     cpu=480624.00  
77 BladesXrayWindow_w77.egsdat    ncase=1500000000     cpu=495580.00  
78 BladesXrayWindow_w78.egsdat    ncase=1500000000     cpu=489128.00  
79 BladesXrayWindow_w79.egsdat    ncase=1500000000     cpu=485568.00  
80 BladesXrayWindow_w80.egsdat    ncase=1500000000     cpu=483850.00  
81 BladesXrayWindow_w81.egsdat    ncase=1500000000     cpu=481108.00  
82 BladesXrayWindow_w82.egsdat    ncase=1500000000     cpu=491735.00  
83 BladesXrayWindow_w83.egsdat    ncase=1500000000     cpu=481080.00  
84 BladesXrayWindow_w84.egsdat    ncase=1500000000     cpu=486687.00  
85 BladesXrayWindow_w85.egsdat    ncase=1500000000     cpu=490966.00  
86 BladesXrayWindow_w86.egsdat    ncase=1500000000     cpu=486703.00  
87 BladesXrayWindow_w87.egsdat    ncase=1500000000     cpu=482086.00  
88 BladesXrayWindow_w88.egsdat    ncase=1500000000     cpu=484939.00  
89 BladesXrayWindow_w89.egsdat    ncase=1500000000     cpu=486868.00  
90 BladesXrayWindow_w90.egsdat    ncase=1500000000     cpu=487378.00  
91 BladesXrayWindow_w91.egsdat    ncase=1500000000     cpu=489559.00  
92 BladesXrayWindow_w92.egsdat    ncase=1500000000     cpu=489608.00  
93 BladesXrayWindow_w93.egsdat    ncase=1650000000     cpu=498295.00  
94 BladesXrayWindow_w94.egsdat    ncase=1500000000     cpu=480961.00  
95 BladesXrayWindow_w95.egsdat    ncase=1500000000     cpu=489792.00  
96 BladesXrayWindow_w96.egsdat    ncase=1500000000     cpu=491621.00  
97 BladesXrayWindow_w97.egsdat    ncase=1500000000     cpu=487030.00  
98 BladesXrayWindow_w98.egsdat    ncase=1500000000     cpu=485548.00  
99 BladesXrayWindow_w99.egsdat    ncase=1500000000     cpu=503149.00  
100 BladesXrayWindow_w100.egsdat   ncase=1500000000     cpu=503688.00  
101 BladesXrayWindow_w101.egsdat   ncase=1500000000     cpu=508609.00  
102 BladesXrayWindow_w102.egsdat   ncase=1500000000     cpu=500072.00  
103 BladesXrayWindow_w103.egsdat   ncase=1500000000     cpu=514267.00  
104 BladesXrayWindow_w104.egsdat   ncase=1500000000     cpu=503464.00  
105 BladesXrayWindow_w105.egsdat   ncase=1500000000     cpu=498074.00  
106 BladesXrayWindow_w106.egsdat   ncase=1500000000     cpu=500934.00  
107 BladesXrayWindow_w107.egsdat   ncase=1500000000     cpu=504749.00  
108 BladesXrayWindow_w108.egsdat   ncase=1500000000     cpu=502944.00  
109 BladesXrayWindow_w109.egsdat   ncase=1500000000     cpu=496138.00  
110 BladesXrayWindow_w110.egsdat   ncase=1500000000     cpu=498957.00  
111 BladesXrayWindow_w111.egsdat   ncase=1500000000     cpu=484083.00  
112 BladesXrayWindow_w112.egsdat   ncase=1500000000     cpu=488779.00  
113 BladesXrayWindow_w113.egsdat   ncase=1500000000     cpu=487391.00  
114 BladesXrayWindow_w114.egsdat   ncase=1500000000     cpu=489038.00  
115 BladesXrayWindow_w115.egsdat   ncase=1500000000     cpu=479560.00  
116 BladesXrayWindow_w116.egsdat   ncase=1500000000     cpu=486938.00  
117 BladesXrayWindow_w117.egsdat   ncase=1500000000     cpu=487079.00  
118 BladesXrayWindow_w118.egsdat   ncase=1500000000     cpu=485498.00  
119 BladesXrayWindow_w119.egsdat   ncase=1500000000     cpu=487741.00  
120 BladesXrayWindow_w120.egsdat   ncase=1500000000     cpu=493499.00  
121 BladesXrayWindow_w121.egsdat   ncase=1500000000     cpu=488711.00  
122 BladesXrayWindow_w122.egsdat   ncase=1500000000     cpu=489419.00  
123 BladesXrayWindow_w123.egsdat   ncase=1500000000     cpu=485340.00  
124 BladesXrayWindow_w124.egsdat   ncase=1500000000     cpu=497606.00  
125 BladesXrayWindow_w125.egsdat   ncase=1500000000     cpu=484637.00  
126 BladesXrayWindow_w126.egsdat   ncase=1500000000     cpu=490659.00  
127 BladesXrayWindow_w127.egsdat   ncase=1500000000     cpu=482006.00  
128 BladesXrayWindow_w128.egsdat   ncase=1500000000     cpu=488827.00  
129 BladesXrayWindow_w129.egsdat   ncase=1500000000     cpu=488009.00  
130 BladesXrayWindow_w130.egsdat   ncase=1500000000     cpu=501408.00  
131 BladesXrayWindow_w131.egsdat   ncase=1500000000     cpu=485926.00  
132 BladesXrayWindow_w132.egsdat   ncase=1500000000     cpu=486526.00  
133 BladesXrayWindow_w133.egsdat   ncase=1500000000     cpu=491011.00  
134 BladesXrayWindow_w134.egsdat   ncase=1500000000     cpu=483129.00  
135 BladesXrayWindow_w135.egsdat   ncase=1500000000     cpu=491519.00  
136 BladesXrayWindow_w136.egsdat   ncase=1500000000     cpu=496706.00  
137 BladesXrayWindow_w137.egsdat   ncase=1500000000     cpu=485573.00  
138 BladesXrayWindow_w138.egsdat   ncase=1500000000     cpu=495901.00  
139 BladesXrayWindow_w139.egsdat   ncase=1500000000     cpu=495616.00  
140 BladesXrayWindow_w140.egsdat   ncase=1500000000     cpu=488343.00  
141 BladesXrayWindow_w141.egsdat   ncase=1500000000     cpu=491500.00  
142 BladesXrayWindow_w142.egsdat   ncase=1500000000     cpu=480495.00  
143 BladesXrayWindow_w143.egsdat   ncase=1500000000     cpu=482334.00  
144 BladesXrayWindow_w144.egsdat   ncase=1500000000     cpu=486922.00  
145 BladesXrayWindow_w145.egsdat   ncase=1500000000     cpu=484024.00  
146 BladesXrayWindow_w146.egsdat   ncase=1500000000     cpu=483664.00  
147 BladesXrayWindow_w147.egsdat   ncase=1500000000     cpu=484281.00  
148 BladesXrayWindow_w148.egsdat   ncase=1500000000     cpu=483388.00  
149 BladesXrayWindow_w149.egsdat   ncase=1500000000     cpu=488943.00  
150 BladesXrayWindow_w150.egsdat   ncase=1500000000     cpu=492863.00  
151 BladesXrayWindow_w151.egsdat   ncase=1500000000     cpu=484838.00  
152 BladesXrayWindow_w152.egsdat   ncase=1500000000     cpu=479331.00  
153 BladesXrayWindow_w153.egsdat   ncase=1500000000     cpu=485996.00  
154 BladesXrayWindow_w154.egsdat   ncase=1500000000     cpu=486070.00  
155 BladesXrayWindow_w155.egsdat   ncase=1500000000     cpu=484295.00  
156 BladesXrayWindow_w156.egsdat   ncase=1500000000     cpu=479840.00  
157 BladesXrayWindow_w157.egsdat   ncase=1500000000     cpu=492796.00  
158 BladesXrayWindow_w158.egsdat   ncase=1500000000     cpu=480330.00  
159 BladesXrayWindow_w159.egsdat   ncase=1500000000     cpu=491787.00  
160 BladesXrayWindow_w160.egsdat   ncase=1500000000     cpu=483857.00  
161 BladesXrayWindow_w161.egsdat   ncase=1500000000     cpu=484283.00  
162 BladesXrayWindow_w162.egsdat   ncase=1500000000     cpu=485970.00  
163 BladesXrayWindow_w163.egsdat   ncase=1500000000     cpu=485728.00  
164 BladesXrayWindow_w164.egsdat   ncase=1500000000     cpu=481971.00  
165 BladesXrayWindow_w165.egsdat   ncase=1500000000     cpu=490800.00  
166 BladesXrayWindow_w166.egsdat   ncase=1500000000     cpu=486274.00  
167 BladesXrayWindow_w167.egsdat   ncase=1500000000     cpu=492871.00  
168 BladesXrayWindow_w168.egsdat   ncase=1500000000     cpu=482816.00  
169 BladesXrayWindow_w169.egsdat   ncase=1500000000     cpu=494839.00  
170 BladesXrayWindow_w170.egsdat   ncase=1500000000     cpu=483374.00  
171 BladesXrayWindow_w171.egsdat   ncase=1500000000     cpu=500208.00  
172 BladesXrayWindow_w172.egsdat   ncase=1500000000     cpu=495828.00  
173 BladesXrayWindow_w173.egsdat   ncase=1500000000     cpu=500461.00  
174 BladesXrayWindow_w174.egsdat   ncase=1500000000     cpu=506519.00  
175 BladesXrayWindow_w175.egsdat   ncase=1500000000     cpu=499869.00  
176 BladesXrayWindow_w176.egsdat   ncase=1500000000     cpu=498588.00  
177 BladesXrayWindow_w177.egsdat   ncase=1500000000     cpu=523999.00  
178 BladesXrayWindow_w178.egsdat   ncase=1500000000     cpu=501430.00  
179 BladesXrayWindow_w179.egsdat   ncase=1500000000     cpu=512138.00  
180 BladesXrayWindow_w180.egsdat   ncase=1500000000     cpu=501079.00  
181 BladesXrayWindow_w181.egsdat   ncase=1500000000     cpu=499846.00  
182 BladesXrayWindow_w182.egsdat   ncase=1500000000     cpu=505255.00  
183 BladesXrayWindow_w183.egsdat   ncase=1350000000     cpu=497772.00  
184 BladesXrayWindow_w184.egsdat   ncase=1500000000     cpu=496824.00  
185 BladesXrayWindow_w185.egsdat   ncase=1500000000     cpu=492805.00  
186 BladesXrayWindow_w186.egsdat   ncase=1500000000     cpu=491808.00  
187 BladesXrayWindow_w187.egsdat   ncase=1500000000     cpu=485379.00  
188 BladesXrayWindow_w188.egsdat   ncase=1500000000     cpu=497560.00  
189 BladesXrayWindow_w189.egsdat   ncase=1500000000     cpu=508468.00  
190 BladesXrayWindow_w190.egsdat   ncase=1500000000     cpu=482553.00  
191 BladesXrayWindow_w191.egsdat   ncase=1500000000     cpu=479692.00  
192 BladesXrayWindow_w192.egsdat   ncase=1500000000     cpu=487046.00  
193 BladesXrayWindow_w193.egsdat   ncase=1500000000     cpu=485564.00  
194 BladesXrayWindow_w194.egsdat   ncase=1500000000     cpu=484522.00  
195 BladesXrayWindow_w195.egsdat   ncase=1500000000     cpu=492275.00  
196 BladesXrayWindow_w196.egsdat   ncase=1500000000     cpu=486922.00  
197 BladesXrayWindow_w197.egsdat   ncase=1500000000     cpu=485621.00  
198 BladesXrayWindow_w198.egsdat   ncase=1500000000     cpu=489809.00  
199 BladesXrayWindow_w199.egsdat   ncase=1500000000     cpu=487513.00  
200 BladesXrayWindow_w200.egsdat   ncase=1500000000     cpu=484960.00  
201 BladesXrayWindow_w201.egsdat   ncase=1500000000     cpu=478271.00  
202 BladesXrayWindow_w202.egsdat   ncase=1500000000     cpu=488856.00  
203 BladesXrayWindow_w203.egsdat   ncase=1500000000     cpu=480856.00  
204 BladesXrayWindow_w204.egsdat   ncase=1500000000     cpu=487451.00  
205 BladesXrayWindow_w205.egsdat   ncase=1500000000     cpu=501189.00  
206 BladesXrayWindow_w206.egsdat   ncase=1500000000     cpu=485828.00  
207 BladesXrayWindow_w207.egsdat   ncase=1500000000     cpu=481527.00  
208 BladesXrayWindow_w208.egsdat   ncase=1500000000     cpu=482834.00  
209 BladesXrayWindow_w209.egsdat   ncase=1500000000     cpu=483056.00  
210 BladesXrayWindow_w210.egsdat   ncase=1500000000     cpu=487120.00  
211 BladesXrayWindow_w211.egsdat   ncase=1500000000     cpu=500802.00  
212 BladesXrayWindow_w212.egsdat   ncase=1500000000     cpu=482857.00  
213 BladesXrayWindow_w213.egsdat   ncase=1500000000     cpu=492696.00  
214 BladesXrayWindow_w214.egsdat   ncase=1500000000     cpu=482331.00  
215 BladesXrayWindow_w215.egsdat   ncase=1500000000     cpu=485649.00  
216 BladesXrayWindow_w216.egsdat   ncase=1500000000     cpu=491089.00  
217 BladesXrayWindow_w217.egsdat   ncase=1500000000     cpu=481051.00  
218 BladesXrayWindow_w218.egsdat   ncase=1500000000     cpu=491345.00  
219 BladesXrayWindow_w219.egsdat   ncase=1500000000     cpu=484704.00  
220 BladesXrayWindow_w220.egsdat   ncase=1500000000     cpu=492730.00  
221 BladesXrayWindow_w221.egsdat   ncase=1500000000     cpu=488885.00  
222 BladesXrayWindow_w222.egsdat   ncase=1500000000     cpu=500825.00  
223 BladesXrayWindow_w223.egsdat   ncase=1500000000     cpu=489887.00  
224 BladesXrayWindow_w224.egsdat   ncase=1500000000     cpu=495183.00  
225 BladesXrayWindow_w225.egsdat   ncase=1500000000     cpu=485731.00  
226 BladesXrayWindow_w226.egsdat   ncase=1500000000     cpu=495434.00  
227 BladesXrayWindow_w227.egsdat   ncase=1500000000     cpu=510454.00  
228 BladesXrayWindow_w228.egsdat   ncase=1500000000     cpu=492109.00  
229 BladesXrayWindow_w229.egsdat   ncase=1500000000     cpu=492372.00  
230 BladesXrayWindow_w230.egsdat   ncase=1500000000     cpu=486230.00  
231 BladesXrayWindow_w231.egsdat   ncase=1500000000     cpu=489491.00  
232 BladesXrayWindow_w232.egsdat   ncase=1500000000     cpu=482602.00  
233 BladesXrayWindow_w233.egsdat   ncase=1500000000     cpu=485957.00  
234 BladesXrayWindow_w234.egsdat   ncase=1500000000     cpu=490617.00  
235 BladesXrayWindow_w235.egsdat   ncase=1500000000     cpu=484623.00  
236 BladesXrayWindow_w236.egsdat   ncase=1500000000     cpu=486720.00  
237 BladesXrayWindow_w237.egsdat   ncase=1500000000     cpu=492345.00  
238 BladesXrayWindow_w238.egsdat   ncase=1500000000     cpu=480772.00  
239 BladesXrayWindow_w239.egsdat   ncase=1500000000     cpu=483514.00  
240 BladesXrayWindow_w240.egsdat   ncase=1500000000     cpu=482974.00  
241 BladesXrayWindow_w241.egsdat   ncase=1500000000     cpu=494130.00  
242 BladesXrayWindow_w242.egsdat   ncase=1500000000     cpu=486521.00  
243 BladesXrayWindow_w243.egsdat   ncase=1500000000     cpu=481805.00  
244 BladesXrayWindow_w244.egsdat   ncase=1500000000     cpu=486924.00  
245 BladesXrayWindow_w245.egsdat   ncase=1500000000     cpu=482631.00  
246 BladesXrayWindow_w246.egsdat   ncase=1500000000     cpu=483034.00  
247 BladesXrayWindow_w247.egsdat   ncase=1500000000     cpu=488814.00  
248 BladesXrayWindow_w248.egsdat   ncase=1500000000     cpu=486588.00  
249 BladesXrayWindow_w249.egsdat   ncase=1500000000     cpu=485437.00  
250 BladesXrayWindow_w250.egsdat   ncase=1500000000     cpu=489297.00  
251 BladesXrayWindow_w251.egsdat   ncase=1500000000     cpu=490777.00  
252 BladesXrayWindow_w252.egsdat   ncase=1500000000     cpu=487052.00  
253 BladesXrayWindow_w253.egsdat   ncase=1500000000     cpu=481943.00  
254 BladesXrayWindow_w254.egsdat   ncase=1500000000     cpu=492299.00  
255 BladesXrayWindow_w255.egsdat   ncase=1500000000     cpu=489224.00  
256 BladesXrayWindow_w256.egsdat   ncase=1500000000     cpu=484019.00  
257 BladesXrayWindow_w257.egsdat   ncase=1500000000     cpu=483308.00  
258 BladesXrayWindow_w258.egsdat   ncase=1500000000     cpu=490619.00  
259 BladesXrayWindow_w259.egsdat   ncase=1500000000     cpu=484902.00  
260 BladesXrayWindow_w260.egsdat   ncase=1500000000     cpu=507731.00  
261 BladesXrayWindow_w261.egsdat   ncase=1500000000     cpu=490100.00  
262 BladesXrayWindow_w262.egsdat   ncase=1500000000     cpu=481279.00  
263 BladesXrayWindow_w263.egsdat   ncase=1500000000     cpu=491273.00  
264 BladesXrayWindow_w264.egsdat   ncase=1500000000     cpu=489891.00  
265 BladesXrayWindow_w265.egsdat   ncase=1500000000     cpu=486276.00  
266 BladesXrayWindow_w266.egsdat   ncase=1500000000     cpu=489409.00  
267 BladesXrayWindow_w267.egsdat   ncase=1500000000     cpu=485516.00  
268 BladesXrayWindow_w268.egsdat   ncase=1500000000     cpu=484488.00  
269 BladesXrayWindow_w269.egsdat   ncase=1500000000     cpu=492572.00  
270 BladesXrayWindow_w270.egsdat   ncase=1500000000     cpu=484571.00  
271 BladesXrayWindow_w271.egsdat   ncase=1500000000     cpu=491314.00  
272 BladesXrayWindow_w272.egsdat   ncase=1500000000     cpu=483619.00  
273 BladesXrayWindow_w273.egsdat   ncase=1500000000     cpu=483205.00  
274 BladesXrayWindow_w274.egsdat   ncase=1500000000     cpu=489481.00  
275 BladesXrayWindow_w275.egsdat   ncase=1500000000     cpu=488993.00  
276 BladesXrayWindow_w276.egsdat   ncase=1500000000     cpu=484045.00  
277 BladesXrayWindow_w277.egsdat   ncase=1500000000     cpu=491734.00  
278 BladesXrayWindow_w278.egsdat   ncase=1500000000     cpu=490622.00  
279 BladesXrayWindow_w279.egsdat   ncase=1500000000     cpu=485353.00  
280 BladesXrayWindow_w280.egsdat   ncase=1500000000     cpu=493219.00  
281 BladesXrayWindow_w281.egsdat   ncase=1500000000     cpu=480783.00  
282 BladesXrayWindow_w282.egsdat   ncase=1500000000     cpu=486341.00  
283 BladesXrayWindow_w283.egsdat   ncase=1500000000     cpu=487057.00  
284 BladesXrayWindow_w284.egsdat   ncase=1500000000     cpu=499849.00  
285 BladesXrayWindow_w285.egsdat   ncase=1500000000     cpu=486754.00  
286 BladesXrayWindow_w286.egsdat   ncase=1500000000     cpu=488054.00  
287 BladesXrayWindow_w287.egsdat   ncase=1500000000     cpu=499159.00  
288 BladesXrayWindow_w288.egsdat   ncase=1500000000     cpu=493435.00  
289 BladesXrayWindow_w289.egsdat   ncase=1500000000     cpu=491881.00  
290 BladesXrayWindow_w290.egsdat   ncase=1500000000     cpu=491069.00  
291 BladesXrayWindow_w291.egsdat   ncase=1500000000     cpu=482402.00  
292 BladesXrayWindow_w292.egsdat   ncase=1500000000     cpu=484218.00  
293 BladesXrayWindow_w293.egsdat   ncase=1500000000     cpu=488777.00  
294 BladesXrayWindow_w294.egsdat   ncase=1500000000     cpu=489547.00  
295 BladesXrayWindow_w295.egsdat   ncase=1500000000     cpu=493716.00  
296 BladesXrayWindow_w296.egsdat   ncase=1500000000     cpu=493012.00  
297 BladesXrayWindow_w297.egsdat   ncase=1500000000     cpu=487032.00  
298 BladesXrayWindow_w298.egsdat   ncase=1500000000     cpu=486138.00  
299 BladesXrayWindow_w299.egsdat   ncase=1500000000     cpu=480779.00  
300 BladesXrayWindow_w300.egsdat   ncase=1500000000     cpu=482921.00  
301 BladesXrayWindow_w301.egsdat   ncase=1500000000     cpu=483666.00  
302 BladesXrayWindow_w302.egsdat   ncase=1500000000     cpu=489996.00  
303 BladesXrayWindow_w303.egsdat   ncase=1500000000     cpu=504815.00  
304 BladesXrayWindow_w304.egsdat   ncase=1500000000     cpu=497244.00  
305 BladesXrayWindow_w305.egsdat   ncase=1500000000     cpu=485570.00  
306 BladesXrayWindow_w306.egsdat   ncase=1500000000     cpu=482597.00  
307 BladesXrayWindow_w307.egsdat   ncase=1500000000     cpu=490646.00  
308 BladesXrayWindow_w308.egsdat   ncase=1500000000     cpu=483229.00  
309 BladesXrayWindow_w309.egsdat   ncase=1500000000     cpu=480116.00  
310 BladesXrayWindow_w310.egsdat   ncase=1500000000     cpu=491398.00  
311 BladesXrayWindow_w311.egsdat   ncase=1500000000     cpu=486509.00  
312 BladesXrayWindow_w312.egsdat   ncase=1500000000     cpu=484729.00  
313 BladesXrayWindow_w313.egsdat   ncase=1500000000     cpu=480020.00  
314 BladesXrayWindow_w314.egsdat   ncase=1500000000     cpu=481205.00  
315 BladesXrayWindow_w315.egsdat   ncase=1350000000     cpu=499365.00  
316 BladesXrayWindow_w316.egsdat   ncase=1500000000     cpu=482972.00  
317 BladesXrayWindow_w317.egsdat   ncase=1500000000     cpu=488640.00  
318 BladesXrayWindow_w318.egsdat   ncase=1500000000     cpu=488412.00  
319 BladesXrayWindow_w319.egsdat   ncase=1500000000     cpu=484725.00  
320 BladesXrayWindow_w320.egsdat   ncase=1500000000     cpu=494955.00  
321 BladesXrayWindow_w321.egsdat   ncase=1500000000     cpu=492836.00  
322 BladesXrayWindow_w322.egsdat   ncase=1500000000     cpu=486870.00  
323 BladesXrayWindow_w323.egsdat   ncase=1500000000     cpu=488321.00  
324 BladesXrayWindow_w324.egsdat   ncase=1500000000     cpu=481045.00  
325 BladesXrayWindow_w325.egsdat   ncase=1500000000     cpu=481797.00  
326 BladesXrayWindow_w326.egsdat   ncase=1500000000     cpu=484054.00  
327 BladesXrayWindow_w327.egsdat   ncase=1500000000     cpu=494798.00  
328 BladesXrayWindow_w328.egsdat   ncase=1500000000     cpu=490529.00  
329 BladesXrayWindow_w329.egsdat   ncase=1500000000     cpu=487977.00  
330 BladesXrayWindow_w330.egsdat   ncase=1500000000     cpu=504623.00  
331 BladesXrayWindow_w331.egsdat   ncase=1500000000     cpu=494478.00  
332 BladesXrayWindow_w332.egsdat   ncase=1500000000     cpu=502860.00  
333 BladesXrayWindow_w333.egsdat   ncase=1500000000     cpu=491859.00  
334 BladesXrayWindow_w334.egsdat   ncase=1500000000     cpu=488381.00  
335 BladesXrayWindow_w335.egsdat   ncase=1500000000     cpu=489994.00  
336 BladesXrayWindow_w336.egsdat   ncase=1500000000     cpu=493936.00  
337 BladesXrayWindow_w337.egsdat   ncase=1500000000     cpu=495761.00  
338 BladesXrayWindow_w338.egsdat   ncase=1500000000     cpu=497093.00  
339 BladesXrayWindow_w339.egsdat   ncase=1500000000     cpu=497437.00  
340 BladesXrayWindow_w340.egsdat   ncase=1500000000     cpu=492435.00  
341 BladesXrayWindow_w341.egsdat   ncase=1500000000     cpu=488517.00  
342 BladesXrayWindow_w342.egsdat   ncase=1500000000     cpu=496572.00  
343 BladesXrayWindow_w343.egsdat   ncase=1500000000     cpu=484246.00  
344 BladesXrayWindow_w344.egsdat   ncase=1500000000     cpu=488892.00  
345 BladesXrayWindow_w345.egsdat   ncase=1500000000     cpu=486841.00  
346 BladesXrayWindow_w346.egsdat   ncase=1500000000     cpu=486871.00  
347 BladesXrayWindow_w347.egsdat   ncase=1500000000     cpu=493825.00  
348 BladesXrayWindow_w348.egsdat   ncase=1500000000     cpu=483301.00  
349 BladesXrayWindow_w349.egsdat   ncase=1500000000     cpu=493871.00  
350 BladesXrayWindow_w350.egsdat   ncase=1500000000     cpu=491176.00  
351 BladesXrayWindow_w351.egsdat   ncase=1500000000     cpu=489440.00  
352 BladesXrayWindow_w352.egsdat   ncase=1500000000     cpu=487947.00  
353 BladesXrayWindow_w353.egsdat   ncase=1500000000     cpu=491072.00  
354 BladesXrayWindow_w354.egsdat   ncase=1500000000     cpu=491474.00  
355 BladesXrayWindow_w355.egsdat   ncase=1500000000     cpu=485727.00  
356 BladesXrayWindow_w356.egsdat   ncase=1500000000     cpu=489057.00  
357 BladesXrayWindow_w357.egsdat   ncase=1500000000     cpu=495274.00  
358 BladesXrayWindow_w358.egsdat   ncase=1500000000     cpu=492983.00  
359 BladesXrayWindow_w359.egsdat   ncase=1500000000     cpu=490925.00  
360 BladesXrayWindow_w360.egsdat   ncase=1350000000     cpu=507375.00  
361 BladesXrayWindow_w361.egsdat   ncase=1500000000     cpu=503066.00  
362 BladesXrayWindow_w362.egsdat   ncase=1500000000     cpu=490154.00  
363 BladesXrayWindow_w363.egsdat   ncase=1500000000     cpu=486178.00  
364 BladesXrayWindow_w364.egsdat   ncase=1500000000     cpu=491753.00  
365 BladesXrayWindow_w365.egsdat   ncase=1500000000     cpu=485118.00  
366 BladesXrayWindow_w366.egsdat   ncase=1500000000     cpu=487336.00  
367 BladesXrayWindow_w367.egsdat   ncase=1500000000     cpu=492122.00  
368 BladesXrayWindow_w368.egsdat   ncase=1350000000     cpu=500628.00  
369 BladesXrayWindow_w369.egsdat   ncase=1500000000     cpu=479950.00  
370 BladesXrayWindow_w370.egsdat   ncase=1500000000     cpu=485749.00  
371 BladesXrayWindow_w371.egsdat   ncase=1500000000     cpu=486278.00  
372 BladesXrayWindow_w372.egsdat   ncase=1500000000     cpu=483788.00  
373 BladesXrayWindow_w373.egsdat   ncase=1500000000     cpu=487805.00  
374 BladesXrayWindow_w374.egsdat   ncase=1500000000     cpu=493458.00  
375 BladesXrayWindow_w375.egsdat   ncase=1500000000     cpu=488645.00  
376 BladesXrayWindow_w376.egsdat   ncase=1500000000     cpu=481424.00  
377 BladesXrayWindow_w377.egsdat   ncase=1500000000     cpu=481850.00  
378 BladesXrayWindow_w378.egsdat   ncase=1500000000     cpu=489940.00  
379 BladesXrayWindow_w379.egsdat   ncase=1500000000     cpu=483203.00  
380 BladesXrayWindow_w380.egsdat   ncase=1500000000     cpu=483405.00  
381 BladesXrayWindow_w381.egsdat   ncase=1500000000     cpu=481150.00  
382 BladesXrayWindow_w382.egsdat   ncase=1500000000     cpu=489999.00  
383 BladesXrayWindow_w383.egsdat   ncase=1500000000     cpu=481614.00  
384 BladesXrayWindow_w384.egsdat   ncase=1500000000     cpu=482647.00  
385 BladesXrayWindow_w385.egsdat   ncase=1500000000     cpu=486772.00  
386 BladesXrayWindow_w386.egsdat   ncase=1500000000     cpu=483987.00  
387 BladesXrayWindow_w387.egsdat   ncase=1500000000     cpu=487611.00  
388 BladesXrayWindow_w388.egsdat   ncase=1500000000     cpu=480043.00  
389 BladesXrayWindow_w389.egsdat   ncase=1500000000     cpu=485435.00  
390 BladesXrayWindow_w390.egsdat   ncase=1500000000     cpu=488516.00  
391 BladesXrayWindow_w391.egsdat   ncase=1500000000     cpu=481394.00  
392 BladesXrayWindow_w392.egsdat   ncase=1500000000     cpu=485990.00  
393 BladesXrayWindow_w393.egsdat   ncase=1500000000     cpu=492058.00  
394 BladesXrayWindow_w394.egsdat   ncase=1500000000     cpu=484183.00  
395 BladesXrayWindow_w395.egsdat   ncase=1500000000     cpu=490360.00  
396 BladesXrayWindow_w396.egsdat   ncase=1500000000     cpu=487994.00  
397 BladesXrayWindow_w397.egsdat   ncase=1500000000     cpu=483493.00  
398 BladesXrayWindow_w398.egsdat   ncase=1500000000     cpu=488277.00  
399 BladesXrayWindow_w399.egsdat   ncase=1500000000     cpu=481942.00  
400 BladesXrayWindow_w400.egsdat   ncase=1500000000     cpu=488828.00  
401 BladesXrayWindow_w401.egsdat   ncase=1500000000     cpu=496970.00  
402 BladesXrayWindow_w402.egsdat   ncase=1500000000     cpu=491500.00  
403 BladesXrayWindow_w403.egsdat   ncase=1500000000     cpu=485388.00  
404 BladesXrayWindow_w404.egsdat   ncase=1500000000     cpu=485979.00  
405 BladesXrayWindow_w405.egsdat   ncase=1500000000     cpu=480871.00  
406 BladesXrayWindow_w406.egsdat   ncase=1500000000     cpu=483249.00  
407 BladesXrayWindow_w407.egsdat   ncase=1350000000     cpu=488622.00  
408 BladesXrayWindow_w408.egsdat   ncase=1500000000     cpu=491571.00  
409 BladesXrayWindow_w409.egsdat   ncase=1500000000     cpu=488116.00  
410 BladesXrayWindow_w410.egsdat   ncase=1500000000     cpu=482801.00  
411 BladesXrayWindow_w411.egsdat   ncase=1500000000     cpu=487862.00  
412 BladesXrayWindow_w412.egsdat   ncase=1500000000     cpu=486301.00  
413 BladesXrayWindow_w413.egsdat   ncase=1500000000     cpu=496323.00  
414 BladesXrayWindow_w414.egsdat   ncase=1500000000     cpu=487746.00  
415 BladesXrayWindow_w415.egsdat   ncase=1500000000     cpu=479580.00  
416 BladesXrayWindow_w416.egsdat   ncase=1500000000     cpu=484676.00  
417 BladesXrayWindow_w417.egsdat   ncase=1500000000     cpu=484885.00  
418 BladesXrayWindow_w418.egsdat   ncase=1500000000     cpu=488005.00  
419 BladesXrayWindow_w419.egsdat   ncase=1500000000     cpu=484357.00  
420 BladesXrayWindow_w420.egsdat   ncase=1500000000     cpu=483006.00  
421 BladesXrayWindow_w421.egsdat   ncase=1500000000     cpu=499303.00  
422 BladesXrayWindow_w422.egsdat   ncase=1500000000     cpu=489221.00  
423 BladesXrayWindow_w423.egsdat   ncase=1500000000     cpu=485197.00  
424 BladesXrayWindow_w424.egsdat   ncase=1500000000     cpu=485137.00  
425 BladesXrayWindow_w425.egsdat   ncase=1500000000     cpu=482239.00  
426 BladesXrayWindow_w426.egsdat   ncase=1500000000     cpu=482986.00  
427 BladesXrayWindow_w427.egsdat   ncase=1500000000     cpu=484348.00  
428 BladesXrayWindow_w428.egsdat   ncase=1500000000     cpu=488294.00  
429 BladesXrayWindow_w429.egsdat   ncase=1500000000     cpu=495849.00  
430 BladesXrayWindow_w430.egsdat   ncase=1500000000     cpu=481659.00  
431 BladesXrayWindow_w431.egsdat   ncase=1500000000     cpu=480804.00  
432 BladesXrayWindow_w432.egsdat   ncase=1500000000     cpu=489442.00  
433 BladesXrayWindow_w433.egsdat   ncase=1500000000     cpu=480875.00  
434 BladesXrayWindow_w434.egsdat   ncase=1500000000     cpu=485920.00  
435 BladesXrayWindow_w435.egsdat   ncase=1500000000     cpu=497960.00  
436 BladesXrayWindow_w436.egsdat   ncase=1500000000     cpu=491772.00  
437 BladesXrayWindow_w437.egsdat   ncase=1500000000     cpu=498895.00  
438 BladesXrayWindow_w438.egsdat   ncase=1500000000     cpu=498267.00  
439 BladesXrayWindow_w439.egsdat   ncase=1500000000     cpu=495314.00  
440 BladesXrayWindow_w440.egsdat   ncase=1500000000     cpu=491815.00  
441 BladesXrayWindow_w441.egsdat   ncase=1500000000     cpu=498308.00  
442 BladesXrayWindow_w442.egsdat   ncase=1500000000     cpu=497860.00  
443 BladesXrayWindow_w443.egsdat   ncase=1500000000     cpu=498088.00  
444 BladesXrayWindow_w444.egsdat   ncase=1500000000     cpu=499291.00  
445 BladesXrayWindow_w445.egsdat   ncase=1500000000     cpu=507344.00  
446 BladesXrayWindow_w446.egsdat   ncase=1500000000     cpu=495413.00  
447 BladesXrayWindow_w447.egsdat   ncase=1500000000     cpu=484305.00  
448 BladesXrayWindow_w448.egsdat   ncase=1500000000     cpu=479908.00  
449 BladesXrayWindow_w449.egsdat   ncase=1500000000     cpu=479135.00  
450 BladesXrayWindow_w450.egsdat   ncase=1500000000     cpu=489008.00  
451 BladesXrayWindow_w451.egsdat   ncase=1500000000     cpu=490384.00  
452 BladesXrayWindow_w452.egsdat   ncase=1500000000     cpu=480960.00  
453 BladesXrayWindow_w453.egsdat   ncase=1500000000     cpu=484887.00  
454 BladesXrayWindow_w454.egsdat   ncase=1500000000     cpu=486512.00  
455 BladesXrayWindow_w455.egsdat   ncase=1500000000     cpu=497203.00  
456 BladesXrayWindow_w456.egsdat   ncase=1500000000     cpu=484502.00  
457 BladesXrayWindow_w457.egsdat   ncase=1500000000     cpu=484033.00  
458 BladesXrayWindow_w458.egsdat   ncase=1500000000     cpu=489605.00  
459 BladesXrayWindow_w459.egsdat   ncase=1500000000     cpu=493841.00  
460 BladesXrayWindow_w460.egsdat   ncase=1500000000     cpu=490392.00  
461 BladesXrayWindow_w461.egsdat   ncase=1500000000     cpu=489178.00  
462 BladesXrayWindow_w462.egsdat   ncase=1500000000     cpu=505977.00  
463 BladesXrayWindow_w463.egsdat   ncase=1500000000     cpu=496660.00  
464 BladesXrayWindow_w464.egsdat   ncase=1350000000     cpu=481195.00  
465 BladesXrayWindow_w465.egsdat   ncase=1500000000     cpu=485846.00  
466 BladesXrayWindow_w466.egsdat   ncase=1500000000     cpu=484284.00  
467 BladesXrayWindow_w467.egsdat   ncase=1500000000     cpu=485820.00  
468 BladesXrayWindow_w468.egsdat   ncase=1500000000     cpu=490740.00  
469 BladesXrayWindow_w469.egsdat   ncase=1500000000     cpu=492482.00  
470 BladesXrayWindow_w470.egsdat   ncase=1500000000     cpu=487346.00  
471 BladesXrayWindow_w471.egsdat   ncase=1500000000     cpu=482301.00  
472 BladesXrayWindow_w472.egsdat   ncase=1500000000     cpu=487269.00  
473 BladesXrayWindow_w473.egsdat   ncase=1500000000     cpu=485604.00  
474 BladesXrayWindow_w474.egsdat   ncase=1500000000     cpu=486411.00  
475 BladesXrayWindow_w475.egsdat   ncase=1500000000     cpu=486257.00  
476 BladesXrayWindow_w476.egsdat   ncase=1500000000     cpu=483608.00  
477 BladesXrayWindow_w477.egsdat   ncase=1500000000     cpu=487546.00  
478 BladesXrayWindow_w478.egsdat   ncase=1500000000     cpu=484367.00  
479 BladesXrayWindow_w479.egsdat   ncase=1500000000     cpu=483003.00  
480 BladesXrayWindow_w480.egsdat   ncase=1500000000     cpu=491536.00  
481 BladesXrayWindow_w481.egsdat   ncase=1500000000     cpu=491131.00  
482 BladesXrayWindow_w482.egsdat   ncase=1500000000     cpu=480150.00  
483 BladesXrayWindow_w483.egsdat   ncase=1500000000     cpu=495374.00  
484 BladesXrayWindow_w484.egsdat   ncase=1500000000     cpu=484024.00  
485 BladesXrayWindow_w485.egsdat   ncase=1500000000     cpu=487434.00  
486 BladesXrayWindow_w486.egsdat   ncase=1500000000     cpu=481138.00  
487 BladesXrayWindow_w487.egsdat   ncase=1500000000     cpu=486775.00  
488 BladesXrayWindow_w488.egsdat   ncase=1500000000     cpu=485039.00  
489 BladesXrayWindow_w489.egsdat   ncase=1500000000     cpu=482494.00  
490 BladesXrayWindow_w490.egsdat   ncase=1500000000     cpu=497055.00  
491 BladesXrayWindow_w491.egsdat   ncase=1500000000     cpu=483893.00  
492 BladesXrayWindow_w492.egsdat   ncase=1500000000     cpu=484389.00  
493 BladesXrayWindow_w493.egsdat   ncase=1500000000     cpu=509751.00  
494 BladesXrayWindow_w494.egsdat   ncase=1500000000     cpu=482903.00  
495 BladesXrayWindow_w495.egsdat   ncase=1500000000     cpu=487855.00  
496 BladesXrayWindow_w496.egsdat   ncase=1500000000     cpu=482980.00  
497 BladesXrayWindow_w497.egsdat   ncase=1500000000     cpu=490634.00  
498 BladesXrayWindow_w498.egsdat   ncase=1500000000     cpu=481447.00  
499 BladesXrayWindow_w499.egsdat   ncase=1500000000     cpu=483790.00  
500 BladesXrayWindow_w500.egsdat   ncase=1500000000     cpu=488742.00  
501 BladesXrayWindow_w501.egsdat   ncase=1500000000     cpu=490367.00  
502 BladesXrayWindow_w502.egsdat   ncase=1500000000     cpu=489333.00  
503 BladesXrayWindow_w503.egsdat   ncase=1500000000     cpu=490575.00  
504 BladesXrayWindow_w504.egsdat   ncase=1500000000     cpu=483359.00  
505 BladesXrayWindow_w505.egsdat   ncase=1500000000     cpu=480345.00  
506 BladesXrayWindow_w506.egsdat   ncase=1500000000     cpu=485261.00  
507 BladesXrayWindow_w507.egsdat   ncase=1500000000     cpu=486735.00  
508 BladesXrayWindow_w508.egsdat   ncase=1500000000     cpu=488377.00  
509 BladesXrayWindow_w509.egsdat   ncase=1500000000     cpu=483433.00  
510 BladesXrayWindow_w510.egsdat   ncase=1500000000     cpu=486020.00  
511 BladesXrayWindow_w511.egsdat   ncase=1500000000     cpu=485702.00  
512 BladesXrayWindow_w512.egsdat   ncase=1500000000     cpu=487815.00  
513 BladesXrayWindow_w513.egsdat   ncase=1500000000     cpu=488581.00  
514 BladesXrayWindow_w514.egsdat   ncase=1500000000     cpu=480060.00  
515 BladesXrayWindow_w515.egsdat   ncase=1500000000     cpu=493518.00  
516 BladesXrayWindow_w516.egsdat   ncase=1500000000     cpu=489351.00  
517 BladesXrayWindow_w517.egsdat   ncase=1500000000     cpu=480744.00  
518 BladesXrayWindow_w518.egsdat   ncase=1500000000     cpu=491013.00  
519 BladesXrayWindow_w519.egsdat   ncase=1500000000     cpu=492063.00  
520 BladesXrayWindow_w520.egsdat   ncase=1500000000     cpu=486400.00  
521 BladesXrayWindow_w521.egsdat   ncase=1500000000     cpu=489979.00  
522 BladesXrayWindow_w522.egsdat   ncase=1500000000     cpu=480255.00  
523 BladesXrayWindow_w523.egsdat   ncase=1500000000     cpu=488524.00  
524 BladesXrayWindow_w524.egsdat   ncase=1500000000     cpu=483292.00  
525 BladesXrayWindow_w525.egsdat   ncase=1500000000     cpu=486172.00  
526 BladesXrayWindow_w526.egsdat   ncase=1500000000     cpu=489090.00  
527 BladesXrayWindow_w527.egsdat   ncase=1500000000     cpu=488267.00  
528 BladesXrayWindow_w528.egsdat   ncase=1500000000     cpu=492006.00  
529 BladesXrayWindow_w529.egsdat   ncase=1500000000     cpu=487627.00  
530 BladesXrayWindow_w530.egsdat   ncase=1500000000     cpu=485530.00  
531 BladesXrayWindow_w531.egsdat   ncase=1500000000     cpu=491708.00  
532 BladesXrayWindow_w532.egsdat   ncase=1500000000     cpu=483256.00  
533 BladesXrayWindow_w533.egsdat   ncase=1500000000     cpu=479502.00  
534 BladesXrayWindow_w534.egsdat   ncase=1500000000     cpu=483198.00  
535 BladesXrayWindow_w535.egsdat   ncase=1500000000     cpu=491620.00  
536 BladesXrayWindow_w536.egsdat   ncase=1500000000     cpu=479242.00  
537 BladesXrayWindow_w537.egsdat   ncase=1500000000     cpu=484859.00  
538 BladesXrayWindow_w538.egsdat   ncase=1500000000     cpu=494463.00  
539 BladesXrayWindow_w539.egsdat   ncase=1500000000     cpu=482947.00  
540 BladesXrayWindow_w540.egsdat   ncase=1500000000     cpu=482915.00  
541 BladesXrayWindow_w541.egsdat   ncase=1500000000     cpu=489521.00  
542 BladesXrayWindow_w542.egsdat   ncase=1500000000     cpu=489648.00  
543 BladesXrayWindow_w543.egsdat   ncase=1500000000     cpu=491135.00  
544 BladesXrayWindow_w544.egsdat   ncase=1500000000     cpu=484372.00  
545 BladesXrayWindow_w545.egsdat   ncase=1500000000     cpu=488466.00  
546 BladesXrayWindow_w546.egsdat   ncase=1500000000     cpu=502228.00  
547 BladesXrayWindow_w547.egsdat   ncase=1500000000     cpu=488833.00  
548 BladesXrayWindow_w548.egsdat   ncase=1500000000     cpu=486807.00  
549 BladesXrayWindow_w549.egsdat   ncase=1500000000     cpu=488573.00  
550 BladesXrayWindow_w550.egsdat   ncase=1500000000     cpu=485874.00  
551 BladesXrayWindow_w551.egsdat   ncase=1500000000     cpu=492062.00  
552 BladesXrayWindow_w552.egsdat   ncase=1500000000     cpu=498227.00  
553 BladesXrayWindow_w553.egsdat   ncase=1500000000     cpu=494607.00  
554 BladesXrayWindow_w554.egsdat   ncase=1500000000     cpu=480614.00  
555 BladesXrayWindow_w555.egsdat   ncase=1350000000     cpu=503284.00  
556 BladesXrayWindow_w556.egsdat   ncase=1500000000     cpu=482628.00  
557 BladesXrayWindow_w557.egsdat   ncase=1500000000     cpu=480993.00  
558 BladesXrayWindow_w558.egsdat   ncase=1500000000     cpu=480608.00  
559 BladesXrayWindow_w559.egsdat   ncase=1500000000     cpu=484831.00  
560 BladesXrayWindow_w560.egsdat   ncase=1500000000     cpu=483722.00  
561 BladesXrayWindow_w561.egsdat   ncase=1500000000     cpu=502781.00  
562 BladesXrayWindow_w562.egsdat   ncase=1500000000     cpu=486655.00  
563 BladesXrayWindow_w563.egsdat   ncase=1500000000     cpu=483270.00  
564 BladesXrayWindow_w564.egsdat   ncase=1500000000     cpu=490984.00  
565 BladesXrayWindow_w565.egsdat   ncase=1500000000     cpu=486720.00  
566 BladesXrayWindow_w566.egsdat   ncase=1500000000     cpu=495454.00  
567 BladesXrayWindow_w567.egsdat   ncase=1500000000     cpu=507870.00  
568 BladesXrayWindow_w568.egsdat   ncase=1500000000     cpu=493225.00  
569 BladesXrayWindow_w569.egsdat   ncase=1500000000     cpu=494466.00  
570 BladesXrayWindow_w570.egsdat   ncase=1500000000     cpu=497909.00  
571 BladesXrayWindow_w571.egsdat   ncase=1500000000     cpu=493522.00  
572 BladesXrayWindow_w572.egsdat   ncase=1500000000     cpu=492942.00  
573 BladesXrayWindow_w573.egsdat   ncase=1500000000     cpu=502515.00  
574 BladesXrayWindow_w574.egsdat   ncase=1500000000     cpu=500084.00  
575 BladesXrayWindow_w575.egsdat   ncase=1500000000     cpu=504079.00  
576 BladesXrayWindow_w576.egsdat   ncase=1500000000     cpu=496674.00  
577 BladesXrayWindow_w577.egsdat   ncase=1500000000     cpu=500442.00  
578 BladesXrayWindow_w578.egsdat   ncase=1500000000     cpu=500160.00  
579 BladesXrayWindow_w579.egsdat   ncase=1500000000     cpu=505963.00  
580 BladesXrayWindow_w580.egsdat   ncase=1500000000     cpu=499413.00  
581 BladesXrayWindow_w581.egsdat   ncase=1500000000     cpu=506444.00  
582 BladesXrayWindow_w582.egsdat   ncase=1500000000     cpu=507749.00  
583 BladesXrayWindow_w583.egsdat   ncase=1500000000     cpu=496476.00  
584 BladesXrayWindow_w584.egsdat   ncase=1500000000     cpu=498883.00  
585 BladesXrayWindow_w585.egsdat   ncase=1500000000     cpu=497182.00  
586 BladesXrayWindow_w586.egsdat   ncase=1500000000     cpu=506215.00  
587 BladesXrayWindow_w587.egsdat   ncase=1500000000     cpu=501681.00  
588 BladesXrayWindow_w588.egsdat   ncase=1500000000     cpu=507342.00  
589 BladesXrayWindow_w589.egsdat   ncase=1500000000     cpu=498978.00  
590 BladesXrayWindow_w590.egsdat   ncase=1500000000     cpu=491377.00  
591 BladesXrayWindow_w591.egsdat   ncase=1500000000     cpu=491329.00  
592 BladesXrayWindow_w592.egsdat   ncase=1500000000     cpu=499268.00  
593 BladesXrayWindow_w593.egsdat   ncase=1500000000     cpu=492361.00  
594 BladesXrayWindow_w594.egsdat   ncase=1500000000     cpu=483999.00  
595 BladesXrayWindow_w595.egsdat   ncase=1500000000     cpu=486530.00  
596 BladesXrayWindow_w596.egsdat   ncase=1500000000     cpu=490538.00  
597 BladesXrayWindow_w597.egsdat   ncase=1500000000     cpu=483269.00  
598 BladesXrayWindow_w598.egsdat   ncase=1500000000     cpu=480240.00  
599 BladesXrayWindow_w599.egsdat   ncase=1500000000     cpu=492155.00  
600 BladesXrayWindow_w600.egsdat   ncase=1500000000     cpu=481974.00  
601 BladesXrayWindow_w601.egsdat   ncase=1500000000     cpu=489020.00  
602 BladesXrayWindow_w602.egsdat   ncase=1500000000     cpu=504143.00  
603 BladesXrayWindow_w603.egsdat   ncase=1500000000     cpu=509300.00  
604 BladesXrayWindow_w604.egsdat   ncase=1500000000     cpu=497409.00  
605 BladesXrayWindow_w605.egsdat   ncase=1500000000     cpu=494338.00  
606 BladesXrayWindow_w606.egsdat   ncase=1500000000     cpu=508301.00  
607 BladesXrayWindow_w607.egsdat   ncase=1500000000     cpu=503119.00  
608 BladesXrayWindow_w608.egsdat   ncase=1500000000     cpu=491932.00  
609 BladesXrayWindow_w609.egsdat   ncase=1500000000     cpu=507738.00  
610 BladesXrayWindow_w610.egsdat   ncase=1500000000     cpu=513594.00  
611 BladesXrayWindow_w611.egsdat   ncase=1500000000     cpu=495007.00  
612 BladesXrayWindow_w612.egsdat   ncase=1500000000     cpu=497477.00  
613 BladesXrayWindow_w613.egsdat   ncase=1500000000     cpu=496723.00  
614 BladesXrayWindow_w614.egsdat   ncase=1500000000     cpu=492680.00  
615 BladesXrayWindow_w615.egsdat   ncase=1500000000     cpu=485556.00  
616 BladesXrayWindow_w616.egsdat   ncase=1500000000     cpu=483182.00  
617 BladesXrayWindow_w617.egsdat   ncase=1500000000     cpu=486472.00  
618 BladesXrayWindow_w618.egsdat   ncase=1500000000     cpu=485400.00  
619 BladesXrayWindow_w619.egsdat   ncase=1500000000     cpu=492758.00  
620 BladesXrayWindow_w620.egsdat   ncase=1500000000     cpu=489689.00  
621 BladesXrayWindow_w621.egsdat   ncase=1500000000     cpu=493075.00  
622 BladesXrayWindow_w622.egsdat   ncase=1500000000     cpu=490126.00  
623 BladesXrayWindow_w623.egsdat   ncase=1500000000     cpu=490104.00  
624 BladesXrayWindow_w624.egsdat   ncase=1500000000     cpu=508197.00  
625 BladesXrayWindow_w625.egsdat   ncase=1500000000     cpu=487955.00  
626 BladesXrayWindow_w626.egsdat   ncase=1500000000     cpu=496475.00  
627 BladesXrayWindow_w627.egsdat   ncase=1500000000     cpu=490381.00  
628 BladesXrayWindow_w628.egsdat   ncase=1500000000     cpu=493655.00  
629 BladesXrayWindow_w629.egsdat   ncase=1500000000     cpu=486380.00  
630 BladesXrayWindow_w630.egsdat   ncase=1500000000     cpu=494991.00  
631 BladesXrayWindow_w631.egsdat   ncase=1500000000     cpu=498149.00  
632 BladesXrayWindow_w632.egsdat   ncase=1500000000     cpu=493241.00  
633 BladesXrayWindow_w633.egsdat   ncase=1500000000     cpu=485322.00  
634 BladesXrayWindow_w634.egsdat   ncase=1500000000     cpu=500209.00  
635 BladesXrayWindow_w635.egsdat   ncase=1500000000     cpu=495539.00  
636 BladesXrayWindow_w636.egsdat   ncase=1500000000     cpu=488629.00  
637 BladesXrayWindow_w637.egsdat   ncase=1500000000     cpu=499797.00  
638 BladesXrayWindow_w638.egsdat   ncase=1500000000     cpu=500669.00  
639 BladesXrayWindow_w639.egsdat   ncase=1500000000     cpu=491585.00  
640 BladesXrayWindow_w640.egsdat   ncase=1500000000     cpu=496292.00  
641 BladesXrayWindow_w641.egsdat   ncase=1500000000     cpu=495782.00  
642 BladesXrayWindow_w642.egsdat   ncase=1500000000     cpu=495107.00  
643 BladesXrayWindow_w643.egsdat   ncase=1500000000     cpu=503503.00  
644 BladesXrayWindow_w644.egsdat   ncase=1500000000     cpu=488210.00  
645 BladesXrayWindow_w645.egsdat   ncase=1500000000     cpu=490058.00  
646 BladesXrayWindow_w646.egsdat   ncase=1500000000     cpu=493174.00  
647 BladesXrayWindow_w647.egsdat   ncase=1500000000     cpu=486227.00  
648 BladesXrayWindow_w648.egsdat   ncase=1500000000     cpu=504354.00  
649 BladesXrayWindow_w649.egsdat   ncase=1500000000     cpu=496933.00  
650 BladesXrayWindow_w650.egsdat   ncase=1500000000     cpu=500883.00  
651 BladesXrayWindow_w651.egsdat   ncase=1500000000     cpu=498437.00  
652 BladesXrayWindow_w652.egsdat   ncase=1500000000     cpu=505347.00  
653 BladesXrayWindow_w653.egsdat   ncase=1500000000     cpu=504485.00  
654 BladesXrayWindow_w654.egsdat   ncase=1500000000     cpu=506098.00  
655 BladesXrayWindow_w655.egsdat   ncase=1500000000     cpu=496187.00  
656 BladesXrayWindow_w656.egsdat   ncase=1500000000     cpu=501292.00  
657 BladesXrayWindow_w657.egsdat   ncase=1500000000     cpu=508298.00  
658 BladesXrayWindow_w658.egsdat   ncase=1500000000     cpu=500236.00  
659 BladesXrayWindow_w659.egsdat   ncase=1500000000     cpu=502321.00  
660 BladesXrayWindow_w660.egsdat   ncase=1500000000     cpu=503969.00  
661 BladesXrayWindow_w661.egsdat   ncase=1500000000     cpu=502465.00  
662 BladesXrayWindow_w662.egsdat   ncase=1500000000     cpu=490195.00  
663 BladesXrayWindow_w663.egsdat   ncase=1500000000     cpu=493114.00  
664 BladesXrayWindow_w664.egsdat   ncase=1500000000     cpu=492011.00  
665 BladesXrayWindow_w665.egsdat   ncase=1500000000     cpu=498051.00  
666 BladesXrayWindow_w666.egsdat   ncase=1500000000     cpu=490098.00  
667 BladesXrayWindow_w667.egsdat   ncase=1500000000     cpu=492684.00  
668 BladesXrayWindow_w668.egsdat   ncase=1500000000     cpu=500252.00  
669 BladesXrayWindow_w669.egsdat   ncase=1500000000     cpu=498148.00  
670 BladesXrayWindow_w670.egsdat   ncase=1500000000     cpu=492985.00  
671 BladesXrayWindow_w671.egsdat   ncase=1500000000     cpu=496271.00  
672 BladesXrayWindow_w672.egsdat   ncase=1500000000     cpu=494230.00  
673 BladesXrayWindow_w673.egsdat   ncase=1500000000     cpu=506606.00  
674 BladesXrayWindow_w674.egsdat   ncase=1800000000     cpu=486824.00  
675 BladesXrayWindow_w675.egsdat   ncase=1800000000     cpu=488065.00  
676 BladesXrayWindow_w676.egsdat   ncase=1650000000     cpu=478565.00  
677 BladesXrayWindow_w677.egsdat   ncase=1800000000     cpu=490363.00  
678 BladesXrayWindow_w678.egsdat   ncase=1800000000     cpu=493280.00  
679 BladesXrayWindow_w679.egsdat   ncase=1800000000     cpu=484862.00  
680 BladesXrayWindow_w680.egsdat   ncase=1800000000     cpu=481049.00  
681 BladesXrayWindow_w681.egsdat   ncase=1800000000     cpu=482052.00  
682 BladesXrayWindow_w682.egsdat   ncase=1500000000     cpu=485606.00  
683 BladesXrayWindow_w683.egsdat   ncase=1500000000     cpu=501078.00  
684 BladesXrayWindow_w684.egsdat   ncase=1500000000     cpu=493727.00  
685 BladesXrayWindow_w685.egsdat   ncase=1500000000     cpu=485541.00  
686 BladesXrayWindow_w686.egsdat   ncase=1500000000     cpu=493070.00  
687 BladesXrayWindow_w687.egsdat   ncase=1500000000     cpu=494216.00  
688 BladesXrayWindow_w688.egsdat   ncase=1500000000     cpu=490159.00  
689 BladesXrayWindow_w689.egsdat   ncase=1500000000     cpu=499653.00  
690 BladesXrayWindow_w690.egsdat   ncase=1500000000     cpu=483561.00  
691 BladesXrayWindow_w691.egsdat   ncase=1500000000     cpu=486283.00  
692 BladesXrayWindow_w692.egsdat   ncase=1500000000     cpu=490385.00  
693 BladesXrayWindow_w693.egsdat   ncase=1500000000     cpu=487722.00  
694 BladesXrayWindow_w694.egsdat   ncase=1500000000     cpu=483418.00  
695 BladesXrayWindow_w695.egsdat   ncase=1500000000     cpu=480975.00  
696 BladesXrayWindow_w696.egsdat   ncase=1500000000     cpu=492221.00  
697 BladesXrayWindow_w697.egsdat   ncase=1500000000     cpu=487253.00  
698 BladesXrayWindow_w698.egsdat   ncase=1500000000     cpu=492327.00  
699 BladesXrayWindow_w699.egsdat   ncase=1500000000     cpu=498212.00  
700 BladesXrayWindow_w700.egsdat   ncase=1500000000     cpu=513032.00  
701 BladesXrayWindow_w701.egsdat   ncase=1500000000     cpu=492255.00  
702 BladesXrayWindow_w702.egsdat   ncase=1500000000     cpu=491837.00  
703 BladesXrayWindow_w703.egsdat   ncase=1500000000     cpu=484468.00  
704 BladesXrayWindow_w704.egsdat   ncase=1500000000     cpu=483235.00  
705 BladesXrayWindow_w705.egsdat   ncase=1500000000     cpu=491439.00  
706 BladesXrayWindow_w706.egsdat   ncase=1950000000     cpu=486361.00  
707 BladesXrayWindow_w707.egsdat   ncase=1950000000     cpu=471704.00  
708 BladesXrayWindow_w708.egsdat   ncase=2100000000     cpu=501688.00  
709 BladesXrayWindow_w709.egsdat   ncase=1950000000     cpu=476257.00  
710 BladesXrayWindow_w710.egsdat   ncase=1950000000     cpu=477984.00  
711 BladesXrayWindow_w711.egsdat   ncase=1950000000     cpu=475255.00  
712 BladesXrayWindow_w712.egsdat   ncase=1950000000     cpu=478082.00  
713 BladesXrayWindow_w713.egsdat   ncase=1950000000     cpu=501568.00  
714 BladesXrayWindow_w714.egsdat   ncase=1800000000     cpu=488625.00  
715 BladesXrayWindow_w715.egsdat   ncase=1800000000     cpu=486491.00  
716 BladesXrayWindow_w716.egsdat   ncase=1800000000     cpu=482331.00  
717 BladesXrayWindow_w717.egsdat   ncase=1500000000     cpu=482974.00  
718 BladesXrayWindow_w718.egsdat   ncase=1500000000     cpu=488847.00  
719 BladesXrayWindow_w719.egsdat   ncase=1500000000     cpu=489134.00  
720 BladesXrayWindow_w720.egsdat   ncase=1500000000     cpu=484656.00  
721 BladesXrayWindow_w721.egsdat   ncase=1650000000     cpu=473403.00  
722 BladesXrayWindow_w722.egsdat   ncase=1950000000     cpu=482919.00  
723 BladesXrayWindow_w723.egsdat   ncase=1950000000     cpu=475582.00  
724 BladesXrayWindow_w724.egsdat   ncase=1950000000     cpu=480128.00  
725 BladesXrayWindow_w725.egsdat   ncase=1950000000     cpu=475006.00  
726 BladesXrayWindow_w726.egsdat   ncase=1950000000     cpu=491248.00  
727 BladesXrayWindow_w727.egsdat   ncase=1950000000     cpu=480770.00  
728 BladesXrayWindow_w728.egsdat   ncase=2100000000     cpu=494960.00  
729 BladesXrayWindow_w729.egsdat   ncase=2100000000     cpu=489774.00  
730 BladesXrayWindow_w730.egsdat   ncase=2100000000     cpu=485899.00  
731 BladesXrayWindow_w731.egsdat   ncase=1950000000     cpu=474427.00  
732 BladesXrayWindow_w732.egsdat   ncase=1950000000     cpu=474743.00  
733 BladesXrayWindow_w733.egsdat   ncase=1950000000     cpu=473865.00  
734 BladesXrayWindow_w734.egsdat   ncase=1950000000     cpu=473132.00  
735 BladesXrayWindow_w735.egsdat   ncase=1800000000     cpu=497565.00  
736 BladesXrayWindow_w736.egsdat   ncase=1800000000     cpu=490623.00  
737 BladesXrayWindow_w737.egsdat   ncase=2100000000     cpu=505685.00  
738 BladesXrayWindow_w738.egsdat   ncase=2100000000     cpu=505446.00  
739 BladesXrayWindow_w739.egsdat   ncase=2100000000     cpu=499213.00  
740 BladesXrayWindow_w740.egsdat   ncase=2100000000     cpu=481218.00  
741 BladesXrayWindow_w741.egsdat   ncase=1950000000     cpu=472712.00  
742 BladesXrayWindow_w742.egsdat   ncase=1950000000     cpu=472845.00  
743 BladesXrayWindow_w743.egsdat   ncase=1950000000     cpu=508024.00  
744 BladesXrayWindow_w744.egsdat   ncase=1950000000     cpu=505746.00  
745 BladesXrayWindow_w745.egsdat   ncase=1950000000     cpu=508988.00  
746 BladesXrayWindow_w746.egsdat   ncase=1800000000     cpu=473404.00  
747 BladesXrayWindow_w747.egsdat   ncase=1950000000     cpu=502436.00  
748 BladesXrayWindow_w748.egsdat   ncase=1950000000     cpu=506150.00  
749 BladesXrayWindow_w749.egsdat   ncase=1950000000     cpu=506156.00  
750 BladesXrayWindow_w750.egsdat   ncase=1800000000     cpu=483942.00  
751 BladesXrayWindow_w751.egsdat   ncase=1800000000     cpu=478482.00  
752 BladesXrayWindow_w752.egsdat   ncase=1800000000     cpu=497220.00  
753 BladesXrayWindow_w753.egsdat   ncase=1800000000     cpu=490021.00  
754 BladesXrayWindow_w754.egsdat   ncase=1800000000     cpu=489995.00  
755 BladesXrayWindow_w755.egsdat   ncase=1800000000     cpu=495868.00  
756 BladesXrayWindow_w756.egsdat   ncase=1800000000     cpu=497646.00  
757 BladesXrayWindow_w757.egsdat   ncase=1800000000     cpu=486535.00  
758 BladesXrayWindow_w758.egsdat   ncase=1800000000     cpu=490959.00  
759 BladesXrayWindow_w759.egsdat   ncase=1800000000     cpu=491763.00  
760 BladesXrayWindow_w760.egsdat   ncase=1800000000     cpu=490077.00  
761 BladesXrayWindow_w761.egsdat   ncase=1800000000     cpu=491417.00  
762 BladesXrayWindow_w762.egsdat   ncase=1800000000     cpu=502841.00  
763 BladesXrayWindow_w763.egsdat   ncase=1800000000     cpu=487459.00  
764 BladesXrayWindow_w764.egsdat   ncase=1800000000     cpu=484955.00  
765 BladesXrayWindow_w765.egsdat   ncase=1800000000     cpu=496701.00  
766 BladesXrayWindow_w766.egsdat   ncase=1800000000     cpu=491213.00  
767 BladesXrayWindow_w767.egsdat   ncase=1800000000     cpu=494255.00  
768 BladesXrayWindow_w768.egsdat   ncase=1800000000     cpu=480261.00  
769 BladesXrayWindow_w769.egsdat   ncase=1800000000     cpu=474686.00  
770 BladesXrayWindow_w770.egsdat   ncase=1800000000     cpu=481870.00  
771 BladesXrayWindow_w771.egsdat   ncase=1950000000     cpu=505491.00  
772 BladesXrayWindow_w772.egsdat   ncase=1950000000     cpu=501541.00  
773 BladesXrayWindow_w773.egsdat   ncase=1950000000     cpu=503747.00  
774 BladesXrayWindow_w774.egsdat   ncase=1800000000     cpu=488085.00  
775 BladesXrayWindow_w775.egsdat   ncase=1950000000     cpu=502571.00  
776 BladesXrayWindow_w776.egsdat   ncase=1800000000     cpu=481236.00  
777 BladesXrayWindow_w777.egsdat   ncase=1800000000     cpu=479767.00  
778 BladesXrayWindow_w778.egsdat   ncase=1950000000     cpu=507288.00  
779 BladesXrayWindow_w779.egsdat   ncase=1500000000     cpu=489145.00  
780 BladesXrayWindow_w780.egsdat   ncase=1500000000     cpu=486495.00  
781 BladesXrayWindow_w781.egsdat   ncase=1500000000     cpu=491772.00  
782 BladesXrayWindow_w782.egsdat   ncase=1500000000     cpu=483480.00  
783 BladesXrayWindow_w783.egsdat   ncase=1500000000     cpu=483800.00  
784 BladesXrayWindow_w784.egsdat   ncase=1500000000     cpu=485791.00  
785 BladesXrayWindow_w785.egsdat   ncase=1500000000     cpu=492287.00  
786 BladesXrayWindow_w786.egsdat   ncase=1500000000     cpu=496695.00  
787 BladesXrayWindow_w787.egsdat   ncase=1500000000     cpu=489439.00  
788 BladesXrayWindow_w788.egsdat   ncase=1500000000     cpu=490687.00  
789 BladesXrayWindow_w789.egsdat   ncase=1650000000     cpu=475675.00  
790 BladesXrayWindow_w790.egsdat   ncase=1500000000     cpu=497976.00  
791 BladesXrayWindow_w791.egsdat   ncase=1500000000     cpu=484233.00  
792 BladesXrayWindow_w792.egsdat   ncase=1500000000     cpu=483541.00  
793 BladesXrayWindow_w793.egsdat   ncase=1500000000     cpu=482651.00  
794 BladesXrayWindow_w794.egsdat   ncase=1500000000     cpu=488352.00  
795 BladesXrayWindow_w795.egsdat   ncase=1500000000     cpu=486109.00  
796 BladesXrayWindow_w796.egsdat   ncase=1500000000     cpu=485885.00  
797 BladesXrayWindow_w797.egsdat   ncase=1500000000     cpu=485808.00  
798 BladesXrayWindow_w798.egsdat   ncase=1500000000     cpu=485431.00  
799 BladesXrayWindow_w799.egsdat   ncase=1500000000     cpu=495769.00  
800 BladesXrayWindow_w800.egsdat   ncase=1500000000     cpu=485660.00  
801 BladesXrayWindow_w801.egsdat   ncase=1500000000     cpu=484035.00  
802 BladesXrayWindow_w802.egsdat   ncase=1500000000     cpu=486398.00  
803 BladesXrayWindow_w803.egsdat   ncase=1500000000     cpu=488280.00  
804 BladesXrayWindow_w804.egsdat   ncase=1500000000     cpu=484635.00  
805 BladesXrayWindow_w805.egsdat   ncase=1500000000     cpu=481978.00  
806 BladesXrayWindow_w806.egsdat   ncase=1500000000     cpu=487907.00  
807 BladesXrayWindow_w807.egsdat   ncase=1500000000     cpu=491128.00  
808 BladesXrayWindow_w808.egsdat   ncase=1500000000     cpu=486539.00  
809 BladesXrayWindow_w809.egsdat   ncase=1500000000     cpu=491826.00  
810 BladesXrayWindow_w810.egsdat   ncase=1500000000     cpu=501396.00  
811 BladesXrayWindow_w811.egsdat   ncase=1500000000     cpu=490763.00  
812 BladesXrayWindow_w812.egsdat   ncase=1500000000     cpu=491685.00  
813 BladesXrayWindow_w813.egsdat   ncase=1500000000     cpu=489083.00  
814 BladesXrayWindow_w814.egsdat   ncase=1500000000     cpu=490711.00  
815 BladesXrayWindow_w815.egsdat   ncase=1500000000     cpu=491343.00  
816 BladesXrayWindow_w816.egsdat   ncase=1500000000     cpu=483051.00  
817 BladesXrayWindow_w817.egsdat   ncase=1500000000     cpu=487986.00  
818 BladesXrayWindow_w818.egsdat   ncase=1500000000     cpu=487220.00  
819 BladesXrayWindow_w819.egsdat   ncase=1500000000     cpu=486919.00  
820 BladesXrayWindow_w820.egsdat   ncase=1950000000     cpu=473036.00  
821 BladesXrayWindow_w821.egsdat   ncase=1800000000     cpu=496310.00  
822 BladesXrayWindow_w822.egsdat   ncase=1800000000     cpu=501007.00  
823 BladesXrayWindow_w823.egsdat   ncase=1800000000     cpu=492888.00  
824 BladesXrayWindow_w824.egsdat   ncase=1800000000     cpu=486249.00  
825 BladesXrayWindow_w825.egsdat   ncase=1800000000     cpu=485738.00  
826 BladesXrayWindow_w826.egsdat   ncase=1800000000     cpu=484467.00  
827 BladesXrayWindow_w827.egsdat   ncase=1500000000     cpu=486398.00  
828 BladesXrayWindow_w828.egsdat   ncase=1500000000     cpu=483529.00  
829 BladesXrayWindow_w829.egsdat   ncase=1800000000     cpu=498713.00  
830 BladesXrayWindow_w830.egsdat   ncase=2100000000     cpu=505758.00  
831 BladesXrayWindow_w831.egsdat   ncase=1950000000     cpu=478289.00  
832 BladesXrayWindow_w832.egsdat   ncase=1950000000     cpu=483070.00  
833 BladesXrayWindow_w833.egsdat   ncase=1950000000     cpu=476435.00  
834 BladesXrayWindow_w834.egsdat   ncase=2100000000     cpu=502612.00  
835 BladesXrayWindow_w835.egsdat   ncase=1950000000     cpu=478576.00  
836 BladesXrayWindow_w836.egsdat   ncase=1950000000     cpu=482190.00  
837 BladesXrayWindow_w837.egsdat   ncase=1800000000     cpu=496632.00  
838 BladesXrayWindow_w838.egsdat   ncase=1800000000     cpu=494802.00  
839 BladesXrayWindow_w839.egsdat   ncase=1800000000     cpu=493368.00  
840 BladesXrayWindow_w840.egsdat   ncase=1800000000     cpu=489377.00  
841 BladesXrayWindow_w841.egsdat   ncase=1800000000     cpu=494434.00  
842 BladesXrayWindow_w842.egsdat   ncase=1800000000     cpu=489230.00  
843 BladesXrayWindow_w843.egsdat   ncase=1800000000     cpu=491233.00  
844 BladesXrayWindow_w844.egsdat   ncase=1800000000     cpu=495578.00  
845 BladesXrayWindow_w845.egsdat   ncase=1800000000     cpu=488417.00  
846 BladesXrayWindow_w846.egsdat   ncase=2100000000     cpu=504730.00  
847 BladesXrayWindow_w847.egsdat   ncase=1650000000     cpu=474540.00  
848 BladesXrayWindow_w848.egsdat   ncase=1800000000     cpu=496744.00  
849 BladesXrayWindow_w849.egsdat   ncase=1800000000     cpu=476343.00  
850 BladesXrayWindow_w850.egsdat   ncase=1800000000     cpu=487014.00  
851 BladesXrayWindow_w851.egsdat   ncase=1800000000     cpu=490706.00  
852 BladesXrayWindow_w852.egsdat   ncase=1800000000     cpu=476864.00  
853 BladesXrayWindow_w853.egsdat   ncase=1800000000     cpu=478325.00  
854 BladesXrayWindow_w854.egsdat   ncase=1500000000     cpu=488650.00  
855 BladesXrayWindow_w855.egsdat   ncase=1500000000     cpu=483514.00  
856 BladesXrayWindow_w856.egsdat   ncase=1500000000     cpu=491506.00  
857 BladesXrayWindow_w857.egsdat   ncase=1500000000     cpu=480597.00  
858 BladesXrayWindow_w858.egsdat   ncase=1950000000     cpu=489925.00  
859 BladesXrayWindow_w859.egsdat   ncase=1800000000     cpu=491423.00  
860 BladesXrayWindow_w860.egsdat   ncase=1800000000     cpu=497025.00  
861 BladesXrayWindow_w861.egsdat   ncase=1500000000     cpu=492442.00  
862 BladesXrayWindow_w862.egsdat   ncase=1500000000     cpu=483999.00  
863 BladesXrayWindow_w863.egsdat   ncase=1500000000     cpu=489138.00  
864 BladesXrayWindow_w864.egsdat   ncase=1950000000     cpu=478815.00  
865 BladesXrayWindow_w865.egsdat   ncase=1800000000     cpu=491172.00  
866 BladesXrayWindow_w866.egsdat   ncase=1800000000     cpu=495527.00  
867 BladesXrayWindow_w867.egsdat   ncase=1500000000     cpu=482571.00  
868 BladesXrayWindow_w868.egsdat   ncase=1500000000     cpu=498299.00  
869 BladesXrayWindow_w869.egsdat   ncase=1500000000     cpu=488039.00  
870 BladesXrayWindow_w870.egsdat   ncase=1950000000     cpu=487576.00  
871 BladesXrayWindow_w871.egsdat   ncase=1500000000     cpu=487631.00  
872 BladesXrayWindow_w872.egsdat   ncase=1950000000     cpu=477408.00  
873 BladesXrayWindow_w873.egsdat   ncase=1500000000     cpu=490288.00  
874 BladesXrayWindow_w874.egsdat   ncase=1800000000     cpu=478814.00  
875 BladesXrayWindow_w875.egsdat   ncase=1500000000     cpu=480970.00  
876 BladesXrayWindow_w876.egsdat   ncase=1950000000     cpu=478961.00  
877 BladesXrayWindow_w877.egsdat   ncase=1800000000     cpu=480243.00  
878 BladesXrayWindow_w878.egsdat   ncase=1800000000     cpu=480788.00  
879 BladesXrayWindow_w879.egsdat   ncase=1950000000     cpu=506769.00  
880 BladesXrayWindow_w880.egsdat   ncase=1950000000     cpu=481111.00  
881 BladesXrayWindow_w881.egsdat   ncase=1800000000     cpu=471239.00  
882 BladesXrayWindow_w882.egsdat   ncase=1800000000     cpu=476800.00  
883 BladesXrayWindow_w883.egsdat   ncase=1800000000     cpu=472990.00  
884 BladesXrayWindow_w884.egsdat   ncase=1800000000     cpu=478778.00  
885 BladesXrayWindow_w885.egsdat   ncase=1800000000     cpu=479706.00  
886 BladesXrayWindow_w886.egsdat   ncase=1950000000     cpu=506810.00  
887 BladesXrayWindow_w887.egsdat   ncase=1800000000     cpu=474345.00  
888 BladesXrayWindow_w888.egsdat   ncase=1800000000     cpu=472423.00  
889 BladesXrayWindow_w889.egsdat   ncase=1500000000     cpu=485177.00  
890 BladesXrayWindow_w890.egsdat   ncase=2100000000     cpu=505093.00  
891 BladesXrayWindow_w891.egsdat   ncase=1500000000     cpu=488394.00  
892 BladesXrayWindow_w892.egsdat   ncase=1500000000     cpu=483054.00  
893 BladesXrayWindow_w893.egsdat   ncase=1950000000     cpu=477751.00  
894 BladesXrayWindow_w894.egsdat   ncase=2100000000     cpu=502109.00  
895 BladesXrayWindow_w895.egsdat   ncase=1500000000     cpu=482988.00  
896 BladesXrayWindow_w896.egsdat   ncase=1500000000     cpu=496174.00  
897 BladesXrayWindow_w897.egsdat   ncase=1950000000     cpu=478843.00  
898 BladesXrayWindow_w898.egsdat   ncase=1500000000     cpu=497549.00  
899 BladesXrayWindow_w899.egsdat   ncase=1500000000     cpu=491937.00  
900 BladesXrayWindow_w900.egsdat   ncase=1950000000     cpu=478438.00  
901 BladesXrayWindow_w901.egsdat   ncase=1950000000     cpu=479553.00  
902 BladesXrayWindow_w902.egsdat   ncase=1500000000     cpu=488909.00  
903 BladesXrayWindow_w903.egsdat   ncase=1500000000     cpu=501426.00  
904 BladesXrayWindow_w904.egsdat   ncase=1950000000     cpu=472066.00  
905 BladesXrayWindow_w905.egsdat   ncase=1500000000     cpu=490803.00  
906 BladesXrayWindow_w906.egsdat   ncase=1500000000     cpu=495939.00  
907 BladesXrayWindow_w907.egsdat   ncase=1500000000     cpu=488097.00  
908 BladesXrayWindow_w908.egsdat   ncase=1500000000     cpu=488983.00  
909 BladesXrayWindow_w909.egsdat   ncase=2100000000     cpu=506203.00  
910 BladesXrayWindow_w910.egsdat   ncase=1950000000     cpu=475711.00  
911 BladesXrayWindow_w911.egsdat   ncase=1950000000     cpu=481297.00  
912 BladesXrayWindow_w912.egsdat   ncase=2100000000     cpu=502853.00  
913 BladesXrayWindow_w913.egsdat   ncase=1500000000     cpu=488509.00  
914 BladesXrayWindow_w914.egsdat   ncase=1950000000     cpu=473021.00  
915 BladesXrayWindow_w915.egsdat   ncase=1500000000     cpu=496630.00  
916 BladesXrayWindow_w916.egsdat   ncase=1950000000     cpu=486639.00  
917 BladesXrayWindow_w917.egsdat   ncase=1950000000     cpu=478742.00  
918 BladesXrayWindow_w918.egsdat   ncase=1500000000     cpu=497045.00  
919 BladesXrayWindow_w919.egsdat   ncase=1500000000     cpu=501902.00  
920 BladesXrayWindow_w920.egsdat   ncase=1500000000     cpu=496211.00  
921 BladesXrayWindow_w921.egsdat   ncase=1950000000     cpu=497936.00  
922 BladesXrayWindow_w922.egsdat   ncase=1500000000     cpu=489939.00  
923 BladesXrayWindow_w923.egsdat   ncase=1950000000     cpu=477062.00  
924 BladesXrayWindow_w924.egsdat   ncase=1950000000     cpu=474850.00  
925 BladesXrayWindow_w925.egsdat   ncase=1500000000     cpu=493148.00  
926 BladesXrayWindow_w926.egsdat   ncase=1950000000     cpu=474139.00  
927 BladesXrayWindow_w927.egsdat   ncase=1950000000     cpu=490314.00  
928 BladesXrayWindow_w928.egsdat   ncase=1950000000     cpu=486502.00  
929 BladesXrayWindow_w929.egsdat   ncase=1950000000     cpu=473897.00  
930 BladesXrayWindow_w930.egsdat   ncase=1500000000     cpu=483901.00  
931 BladesXrayWindow_w931.egsdat   ncase=2100000000     cpu=500910.00  
932 BladesXrayWindow_w932.egsdat   ncase=1500000000     cpu=486454.00  
933 BladesXrayWindow_w933.egsdat   ncase=2100000000     cpu=501088.00  
934 BladesXrayWindow_w934.egsdat   ncase=1500000000     cpu=490402.00  
935 BladesXrayWindow_w935.egsdat   ncase=1500000000     cpu=493480.00  
936 BladesXrayWindow_w936.egsdat   ncase=1650000000     cpu=472000.00  
937 BladesXrayWindow_w937.egsdat   ncase=1500000000     cpu=491973.00  
938 BladesXrayWindow_w938.egsdat   ncase=1500000000     cpu=484042.00  
939 BladesXrayWindow_w939.egsdat   ncase=1500000000     cpu=486196.00  
940 BladesXrayWindow_w940.egsdat   ncase=1500000000     cpu=490651.00  
941 BladesXrayWindow_w941.egsdat   ncase=1500000000     cpu=482557.00  
942 BladesXrayWindow_w942.egsdat   ncase=1500000000     cpu=493384.00  
943 BladesXrayWindow_w943.egsdat   ncase=1500000000     cpu=488778.00  
944 BladesXrayWindow_w944.egsdat   ncase=1500000000     cpu=489806.00  
945 BladesXrayWindow_w945.egsdat   ncase=1500000000     cpu=486117.00  
946 BladesXrayWindow_w946.egsdat   ncase=1500000000     cpu=485496.00  
947 BladesXrayWindow_w947.egsdat   ncase=1500000000     cpu=493227.00  
948 BladesXrayWindow_w948.egsdat   ncase=1500000000     cpu=490045.00  
949 BladesXrayWindow_w949.egsdat   ncase=1500000000     cpu=501152.00  
950 BladesXrayWindow_w950.egsdat   ncase=1500000000     cpu=491056.00  
951 BladesXrayWindow_w951.egsdat   ncase=1500000000     cpu=482848.00  
952 BladesXrayWindow_w952.egsdat   ncase=1500000000     cpu=483216.00  
953 BladesXrayWindow_w953.egsdat   ncase=1500000000     cpu=490846.00  
954 BladesXrayWindow_w954.egsdat   ncase=1500000000     cpu=489795.00  
955 BladesXrayWindow_w955.egsdat   ncase=1500000000     cpu=479440.00  
956 BladesXrayWindow_w956.egsdat   ncase=1500000000     cpu=490574.00  
957 BladesXrayWindow_w957.egsdat   ncase=1500000000     cpu=493417.00  
958 BladesXrayWindow_w958.egsdat   ncase=1500000000     cpu=488406.00  
959 BladesXrayWindow_w959.egsdat   ncase=2100000000     cpu=491396.00  
960 BladesXrayWindow_w960.egsdat   ncase=1500000000     cpu=494393.00  
=======================================================================
                            Total ncase=1500000000000  cpu=469906637.00



Finished simulation

Total cpu time for this run:            1.54 (sec.) 0.0004(hours)
CPU time including previous runs:       469906638.54 (sec.) 130529.6218 (hours)
Histories per hour:                     1.14916e+07   
Number of random numbers used:          4781103120823694
Number of electron CH steps:            6.4829e+13    
Number of all electron steps:           9.55112e+14   


 last case = 1056413696 Etot = 1.5e+11


======================================================
 Energy fractions
======================================================
The first and last items in the following list of energy fractions are the reflected and transmitted energy, respectively. These two values are only meaningful if the source is directed in the positive z-direction. The remaining values are the deposited energy fractions in the regions of the geometry, but notice that the identifying index is the region number offset by 1 (ir+1).

ir+1 | Reflected, deposited, or transmitted energy fraction for 1500000000000 particles:

  0  1.553907e-01 +/- 2.626801e-07  
  1  5.726755e-12 +/- 1.026916e-12  
  2  4.892328e-12 +/- 9.043077e-13  
  3  6.792559e-12 +/- 1.072539e-12  
  4  7.316369e-12 +/- 1.060194e-12  
  5  8.766896e-12 +/- 1.190122e-12  
  6  1.409815e-11 +/- 1.546483e-12  
  7  3.907061e-11 +/- 2.696736e-12  
  8  7.619713e-11 +/- 3.469076e-12  
  9  1.066796e-10 +/- 4.376018e-12  
  10  1.041040e-10 +/- 4.080887e-12  
  11  1.054642e-10 +/- 4.182069e-12  
  12  9.871039e-11 +/- 3.949554e-12  
  13  1.064006e-10 +/- 4.177773e-12  
  14  1.101951e-10 +/- 4.291748e-12  
  15  1.079473e-10 +/- 4.233384e-12  
  16  1.088046e-10 +/- 4.230326e-12  
  17  1.065136e-10 +/- 4.191616e-12  
  18  1.126110e-10 +/- 4.484821e-12  
  19  1.067373e-10 +/- 4.166697e-12  
  20  1.105340e-10 +/- 4.262599e-12  
  21  1.061077e-10 +/- 4.132889e-12  
  22  1.091272e-10 +/- 4.220565e-12  
  23  1.070273e-10 +/- 4.219175e-12  
  24  1.199460e-10 +/- 4.614110e-12  
  25  1.112482e-10 +/- 4.445643e-12  
  26  1.092894e-10 +/- 4.332542e-12  
  27  1.066400e-10 +/- 4.190061e-12  
  28  1.149952e-10 +/- 4.462919e-12  
  29  1.066334e-10 +/- 4.233735e-12  
  30  1.078864e-10 +/- 4.241255e-12  
  31  9.725969e-11 +/- 3.911886e-12  
  32  9.519429e-11 +/- 4.028366e-12  
  33  7.596065e-11 +/- 3.555592e-12  
  34  3.346583e-11 +/- 2.323127e-12  
  35  1.588570e-11 +/- 1.732978e-12  
  36  1.031076e-11 +/- 1.314423e-12  
  37  9.543441e-12 +/- 1.269194e-12  
  38  4.436427e-12 +/- 8.623960e-13  
  39  4.437000e-12 +/- 7.416634e-13  
  40  4.738002e-12 +/- 8.327340e-13  
  41  0.000000e+00 +/- 0.000000e+00  
  42  0.000000e+00 +/- 0.000000e+00  
  43  0.000000e+00 +/- 0.000000e+00  
  44  0.000000e+00 +/- 0.000000e+00  
  45  0.000000e+00 +/- 0.000000e+00  
  46  0.000000e+00 +/- 0.000000e+00  
  47  0.000000e+00 +/- 0.000000e+00  
  48  0.000000e+00 +/- 0.000000e+00  
  49  0.000000e+00 +/- 0.000000e+00  
  50  0.000000e+00 +/- 0.000000e+00  
  51  0.000000e+00 +/- 0.000000e+00  
  52  0.000000e+00 +/- 0.000000e+00  
  53  0.000000e+00 +/- 0.000000e+00  
  54  0.000000e+00 +/- 0.000000e+00  
  55  0.000000e+00 +/- 0.000000e+00  
  56  0.000000e+00 +/- 0.000000e+00  
  57  0.000000e+00 +/- 0.000000e+00  
  58  0.000000e+00 +/- 0.000000e+00  
  59  0.000000e+00 +/- 0.000000e+00  
  60  0.000000e+00 +/- 0.000000e+00  
  61  0.000000e+00 +/- 0.000000e+00  
  62  0.000000e+00 +/- 0.000000e+00  
  63  0.000000e+00 +/- 0.000000e+00  
  64  0.000000e+00 +/- 0.000000e+00  
  65  0.000000e+00 +/- 0.000000e+00  
  66  0.000000e+00 +/- 0.000000e+00  
  67  0.000000e+00 +/- 0.000000e+00  
  68  0.000000e+00 +/- 0.000000e+00  
  69  0.000000e+00 +/- 0.000000e+00  
  70  0.000000e+00 +/- 0.000000e+00  
  71  0.000000e+00 +/- 0.000000e+00  
  72  0.000000e+00 +/- 0.000000e+00  
  73  0.000000e+00 +/- 0.000000e+00  
  74  0.000000e+00 +/- 0.000000e+00  
  75  0.000000e+00 +/- 0.000000e+00  
  76  0.000000e+00 +/- 0.000000e+00  
  77  0.000000e+00 +/- 0.000000e+00  
  78  0.000000e+00 +/- 0.000000e+00  
  79  0.000000e+00 +/- 0.000000e+00  
  80  0.000000e+00 +/- 0.000000e+00  
  81  0.000000e+00 +/- 0.000000e+00  
  82  0.000000e+00 +/- 0.000000e+00  
  83  0.000000e+00 +/- 0.000000e+00  
  84  0.000000e+00 +/- 0.000000e+00  
  85  0.000000e+00 +/- 0.000000e+00  
  86  0.000000e+00 +/- 0.000000e+00  
  87  0.000000e+00 +/- 0.000000e+00  
  88  0.000000e+00 +/- 0.000000e+00  
  89  0.000000e+00 +/- 0.000000e+00  
  90  0.000000e+00 +/- 0.000000e+00  
  91  0.000000e+00 +/- 0.000000e+00  
  92  0.000000e+00 +/- 0.000000e+00  
  93  0.000000e+00 +/- 0.000000e+00  
  94  0.000000e+00 +/- 0.000000e+00  
  95  0.000000e+00 +/- 0.000000e+00  
  96  0.000000e+00 +/- 0.000000e+00  
  97  0.000000e+00 +/- 0.000000e+00  
  98  0.000000e+00 +/- 0.000000e+00  
  99  0.000000e+00 +/- 0.000000e+00  
  100  0.000000e+00 +/- 0.000000e+00  
  101  0.000000e+00 +/- 0.000000e+00  
  102  0.000000e+00 +/- 0.000000e+00  
  103  0.000000e+00 +/- 0.000000e+00  
  104  0.000000e+00 +/- 0.000000e+00  
  105  0.000000e+00 +/- 0.000000e+00  
  106  0.000000e+00 +/- 0.000000e+00  
  107  0.000000e+00 +/- 0.000000e+00  
  108  0.000000e+00 +/- 0.000000e+00  
  109  0.000000e+00 +/- 0.000000e+00  
  110  0.000000e+00 +/- 0.000000e+00  
  111  0.000000e+00 +/- 0.000000e+00  
  112  0.000000e+00 +/- 0.000000e+00  
  113  0.000000e+00 +/- 0.000000e+00  
  114  0.000000e+00 +/- 0.000000e+00  
  115  0.000000e+00 +/- 0.000000e+00  
  116  0.000000e+00 +/- 0.000000e+00  
  117  0.000000e+00 +/- 0.000000e+00  
  118  0.000000e+00 +/- 0.000000e+00  
  119  0.000000e+00 +/- 0.000000e+00  
  120  0.000000e+00 +/- 0.000000e+00  
  121  0.000000e+00 +/- 0.000000e+00  
  122  0.000000e+00 +/- 0.000000e+00  
  123  0.000000e+00 +/- 0.000000e+00  
  124  0.000000e+00 +/- 0.000000e+00  
  125  0.000000e+00 +/- 0.000000e+00  
  126  0.000000e+00 +/- 0.000000e+00  
  127  0.000000e+00 +/- 0.000000e+00  
  128  0.000000e+00 +/- 0.000000e+00  
  129  0.000000e+00 +/- 0.000000e+00  
  130  0.000000e+00 +/- 0.000000e+00  
  131  0.000000e+00 +/- 0.000000e+00  
  132  0.000000e+00 +/- 0.000000e+00  
  133  0.000000e+00 +/- 0.000000e+00  
  134  0.000000e+00 +/- 0.000000e+00  
  135  0.000000e+00 +/- 0.000000e+00  
  136  0.000000e+00 +/- 0.000000e+00  
  137  0.000000e+00 +/- 0.000000e+00  
  138  0.000000e+00 +/- 0.000000e+00  
  139  0.000000e+00 +/- 0.000000e+00  
  140  0.000000e+00 +/- 0.000000e+00  
  141  0.000000e+00 +/- 0.000000e+00  
  142  0.000000e+00 +/- 0.000000e+00  
  143  0.000000e+00 +/- 0.000000e+00  
  144  0.000000e+00 +/- 0.000000e+00  
  145  0.000000e+00 +/- 0.000000e+00  
  146  0.000000e+00 +/- 0.000000e+00  
  147  0.000000e+00 +/- 0.000000e+00  
  148  0.000000e+00 +/- 0.000000e+00  
  149  0.000000e+00 +/- 0.000000e+00  
  150  0.000000e+00 +/- 0.000000e+00  
  151  0.000000e+00 +/- 0.000000e+00  
  152  0.000000e+00 +/- 0.000000e+00  
  153  0.000000e+00 +/- 0.000000e+00  
  154  0.000000e+00 +/- 0.000000e+00  
  155  0.000000e+00 +/- 0.000000e+00  
  156  0.000000e+00 +/- 0.000000e+00  
  157  0.000000e+00 +/- 0.000000e+00  
  158  0.000000e+00 +/- 0.000000e+00  
  159  0.000000e+00 +/- 0.000000e+00  
  160  0.000000e+00 +/- 0.000000e+00  
  161  0.000000e+00 +/- 0.000000e+00  
  162  0.000000e+00 +/- 0.000000e+00  
  163  0.000000e+00 +/- 0.000000e+00  
  164  0.000000e+00 +/- 0.000000e+00  
  165  0.000000e+00 +/- 0.000000e+00  
  166  0.000000e+00 +/- 0.000000e+00  
  167  0.000000e+00 +/- 0.000000e+00  
  168  0.000000e+00 +/- 0.000000e+00  
  169  0.000000e+00 +/- 0.000000e+00  
  170  0.000000e+00 +/- 0.000000e+00  
  171  0.000000e+00 +/- 0.000000e+00  
  172  0.000000e+00 +/- 0.000000e+00  
  173  0.000000e+00 +/- 0.000000e+00  
  174  0.000000e+00 +/- 0.000000e+00  
  175  0.000000e+00 +/- 0.000000e+00  
  176  0.000000e+00 +/- 0.000000e+00  
  177  0.000000e+00 +/- 0.000000e+00  
  178  0.000000e+00 +/- 0.000000e+00  
  179  0.000000e+00 +/- 0.000000e+00  
  180  0.000000e+00 +/- 0.000000e+00  
  181  0.000000e+00 +/- 0.000000e+00  
  182  0.000000e+00 +/- 0.000000e+00  
  183  0.000000e+00 +/- 0.000000e+00  
  184  0.000000e+00 +/- 0.000000e+00  
  185  0.000000e+00 +/- 0.000000e+00  
  186  0.000000e+00 +/- 0.000000e+00  
  187  0.000000e+00 +/- 0.000000e+00  
  188  0.000000e+00 +/- 0.000000e+00  
  189  0.000000e+00 +/- 0.000000e+00  
  190  0.000000e+00 +/- 0.000000e+00  
  191  0.000000e+00 +/- 0.000000e+00  
  192  0.000000e+00 +/- 0.000000e+00  
  193  0.000000e+00 +/- 0.000000e+00  
  194  0.000000e+00 +/- 0.000000e+00  
  195  0.000000e+00 +/- 0.000000e+00  
  196  0.000000e+00 +/- 0.000000e+00  
  197  0.000000e+00 +/- 0.000000e+00  
  198  0.000000e+00 +/- 0.000000e+00  
  199  0.000000e+00 +/- 0.000000e+00  
  200  0.000000e+00 +/- 0.000000e+00  
  201  0.000000e+00 +/- 0.000000e+00  
  202  0.000000e+00 +/- 0.000000e+00  
  203  0.000000e+00 +/- 0.000000e+00  
  204  0.000000e+00 +/- 0.000000e+00  
  205  0.000000e+00 +/- 0.000000e+00  
  206  0.000000e+00 +/- 0.000000e+00  
  207  0.000000e+00 +/- 0.000000e+00  
  208  0.000000e+00 +/- 0.000000e+00  
  209  0.000000e+00 +/- 0.000000e+00  
  210  0.000000e+00 +/- 0.000000e+00  
  211  0.000000e+00 +/- 0.000000e+00  
  212  0.000000e+00 +/- 0.000000e+00  
  213  0.000000e+00 +/- 0.000000e+00  
  214  0.000000e+00 +/- 0.000000e+00  
  215  0.000000e+00 +/- 0.000000e+00  
  216  0.000000e+00 +/- 0.000000e+00  
  217  0.000000e+00 +/- 0.000000e+00  
  218  0.000000e+00 +/- 0.000000e+00  
  219  0.000000e+00 +/- 0.000000e+00  
  220  0.000000e+00 +/- 0.000000e+00  
  221  0.000000e+00 +/- 0.000000e+00  
  222  0.000000e+00 +/- 0.000000e+00  
  223  0.000000e+00 +/- 0.000000e+00  
  224  0.000000e+00 +/- 0.000000e+00  
  225  0.000000e+00 +/- 0.000000e+00  
  226  0.000000e+00 +/- 0.000000e+00  
  227  0.000000e+00 +/- 0.000000e+00  
  228  0.000000e+00 +/- 0.000000e+00  
  229  0.000000e+00 +/- 0.000000e+00  
  230  0.000000e+00 +/- 0.000000e+00  
  231  0.000000e+00 +/- 0.000000e+00  
  232  0.000000e+00 +/- 0.000000e+00  
  233  0.000000e+00 +/- 0.000000e+00  
  234  0.000000e+00 +/- 0.000000e+00  
  235  0.000000e+00 +/- 0.000000e+00  
  236  0.000000e+00 +/- 0.000000e+00  
  237  0.000000e+00 +/- 0.000000e+00  
  238  0.000000e+00 +/- 0.000000e+00  
  239  0.000000e+00 +/- 0.000000e+00  
  240  0.000000e+00 +/- 0.000000e+00  
  241  0.000000e+00 +/- 0.000000e+00  
  242  0.000000e+00 +/- 0.000000e+00  
  243  0.000000e+00 +/- 0.000000e+00  
  244  0.000000e+00 +/- 0.000000e+00  
  245  0.000000e+00 +/- 0.000000e+00  
  246  0.000000e+00 +/- 0.000000e+00  
  247  0.000000e+00 +/- 0.000000e+00  
  248  0.000000e+00 +/- 0.000000e+00  
  249  0.000000e+00 +/- 0.000000e+00  
  250  0.000000e+00 +/- 0.000000e+00  
  251  0.000000e+00 +/- 0.000000e+00  
  252  0.000000e+00 +/- 0.000000e+00  
  253  0.000000e+00 +/- 0.000000e+00  
  254  0.000000e+00 +/- 0.000000e+00  
  255  0.000000e+00 +/- 0.000000e+00  
  256  0.000000e+00 +/- 0.000000e+00  
  257  0.000000e+00 +/- 0.000000e+00  
  258  0.000000e+00 +/- 0.000000e+00  
  259  0.000000e+00 +/- 0.000000e+00  
  260  0.000000e+00 +/- 0.000000e+00  
  261  0.000000e+00 +/- 0.000000e+00  
  262  0.000000e+00 +/- 0.000000e+00  
  263  0.000000e+00 +/- 0.000000e+00  
  264  0.000000e+00 +/- 0.000000e+00  
  265  0.000000e+00 +/- 0.000000e+00  
  266  0.000000e+00 +/- 0.000000e+00  
  267  0.000000e+00 +/- 0.000000e+00  
  268  0.000000e+00 +/- 0.000000e+00  
  269  0.000000e+00 +/- 0.000000e+00  
  270  0.000000e+00 +/- 0.000000e+00  
  271  0.000000e+00 +/- 0.000000e+00  
  272  0.000000e+00 +/- 0.000000e+00  
  273  0.000000e+00 +/- 0.000000e+00  
  274  0.000000e+00 +/- 0.000000e+00  
  275  0.000000e+00 +/- 0.000000e+00  
  276  0.000000e+00 +/- 0.000000e+00  
  277  0.000000e+00 +/- 0.000000e+00  
  278  0.000000e+00 +/- 0.000000e+00  
  279  0.000000e+00 +/- 0.000000e+00  
  280  0.000000e+00 +/- 0.000000e+00  
  281  0.000000e+00 +/- 0.000000e+00  
  282  0.000000e+00 +/- 0.000000e+00  
  283  0.000000e+00 +/- 0.000000e+00  
  284  0.000000e+00 +/- 0.000000e+00  
  285  0.000000e+00 +/- 0.000000e+00  
  286  0.000000e+00 +/- 0.000000e+00  
  287  0.000000e+00 +/- 0.000000e+00  
  288  0.000000e+00 +/- 0.000000e+00  
  289  0.000000e+00 +/- 0.000000e+00  
  290  0.000000e+00 +/- 0.000000e+00  
  291  0.000000e+00 +/- 0.000000e+00  
  292  0.000000e+00 +/- 0.000000e+00  
  293  0.000000e+00 +/- 0.000000e+00  
  294  0.000000e+00 +/- 0.000000e+00  
  295  0.000000e+00 +/- 0.000000e+00  
  296  0.000000e+00 +/- 0.000000e+00  
  297  0.000000e+00 +/- 0.000000e+00  
  298  0.000000e+00 +/- 0.000000e+00  
  299  0.000000e+00 +/- 0.000000e+00  
  300  0.000000e+00 +/- 0.000000e+00  
  301  0.000000e+00 +/- 0.000000e+00  
  302  0.000000e+00 +/- 0.000000e+00  
  303  0.000000e+00 +/- 0.000000e+00  
  304  0.000000e+00 +/- 0.000000e+00  
  305  0.000000e+00 +/- 0.000000e+00  
  306  0.000000e+00 +/- 0.000000e+00  
  307  0.000000e+00 +/- 0.000000e+00  
  308  0.000000e+00 +/- 0.000000e+00  
  309  0.000000e+00 +/- 0.000000e+00  
  310  0.000000e+00 +/- 0.000000e+00  
  311  0.000000e+00 +/- 0.000000e+00  
  312  0.000000e+00 +/- 0.000000e+00  
  313  0.000000e+00 +/- 0.000000e+00  
  314  0.000000e+00 +/- 0.000000e+00  
  315  0.000000e+00 +/- 0.000000e+00  
  316  0.000000e+00 +/- 0.000000e+00  
  317  0.000000e+00 +/- 0.000000e+00  
  318  0.000000e+00 +/- 0.000000e+00  
  319  0.000000e+00 +/- 0.000000e+00  
  320  0.000000e+00 +/- 0.000000e+00  
  321  0.000000e+00 +/- 0.000000e+00  
  322  0.000000e+00 +/- 0.000000e+00  
  323  0.000000e+00 +/- 0.000000e+00  
  324  0.000000e+00 +/- 0.000000e+00  
  325  1.606077e-07 +/- 2.365382e-10  
  326  1.198063e-10 +/- 4.548610e-12  
  327  1.604430e-07 +/- 2.363598e-10  
  328  9.617390e-08 +/- 1.786831e-10  
  329  1.219159e-10 +/- 6.464283e-12  
  330  9.635020e-08 +/- 1.789710e-10  
  331  1.502073e-06 +/- 7.099436e-10  
  332  1.029479e-05 +/- 1.856087e-09  
  333  1.502098e-06 +/- 7.100536e-10  
  334  2.226588e-06 +/- 8.909030e-10  
  335  8.315662e-09 +/- 3.549554e-11  
  336  2.224711e-06 +/- 8.904467e-10  
  337  1.479566e-06 +/- 7.051262e-10  
  338  3.649128e-07 +/- 3.963648e-10  
  339  1.480412e-06 +/- 7.053044e-10  
  340  1.722855e-05 +/- 2.419754e-09  
  341  6.002916e-01 +/- 3.381915e-07  
  342  1.722919e-05 +/- 2.419815e-09  
  343  3.222909e-06 +/- 1.070577e-09  
  344  1.632888e-05 +/- 2.381276e-09  
  345  3.220563e-06 +/- 1.070141e-09  
  346  2.610976e-06 +/- 9.262363e-10  
  347  1.300753e-05 +/- 2.037083e-09  
  348  2.613123e-06 +/- 9.268353e-10  
  349  4.428049e-06 +/- 1.228002e-09  
  350  2.769242e-05 +/- 3.055895e-09  
  351  4.426144e-06 +/- 1.227787e-09  
  352  1.523124e-07 +/- 3.184099e-11  
  353  0.000000e+00 +/- 0.000000e+00  
  354  3.033300e-02 +/- 1.272013e-07  
  355  1.593822e-02 +/- 8.890511e-08  
  356  3.053864e-05 +/- 1.558574e-09  
  357  6.634575e-05 +/- 4.546394e-09  
  358  5.529049e-05 +/- 3.292995e-09  
  359  0.000000e+00 +/- 0.000000e+00  
  360  0.000000e+00 +/- 0.000000e+00  
  361  0.000000e+00 +/- 0.000000e+00  
  362  0.000000e+00 +/- 0.000000e+00  
  363  0.000000e+00 +/- 0.000000e+00  
  364  0.000000e+00 +/- 0.000000e+00  
  365  0.000000e+00 +/- 0.000000e+00  
  366  0.000000e+00 +/- 0.000000e+00  
  367  0.000000e+00 +/- 0.000000e+00  
  368  0.000000e+00 +/- 0.000000e+00  
  369  0.000000e+00 +/- 0.000000e+00  
  370  0.000000e+00 +/- 0.000000e+00  
  371  0.000000e+00 +/- 0.000000e+00  
  372  0.000000e+00 +/- 0.000000e+00  
  373  0.000000e+00 +/- 0.000000e+00  
  374  0.000000e+00 +/- 0.000000e+00  
  375  0.000000e+00 +/- 0.000000e+00  
  376  0.000000e+00 +/- 0.000000e+00  
  377  0.000000e+00 +/- 0.000000e+00  
  378  0.000000e+00 +/- 0.000000e+00  
  379  2.331300e-08 +/- 5.787314e-11  
  380  0.000000e+00 +/- 0.000000e+00  
  381  0.000000e+00 +/- 0.000000e+00  
  382  0.000000e+00 +/- 0.000000e+00  
  383  0.000000e+00 +/- 0.000000e+00  
  384  0.000000e+00 +/- 0.000000e+00  
  385  0.000000e+00 +/- 0.000000e+00  
  386  0.000000e+00 +/- 0.000000e+00  
  387  0.000000e+00 +/- 0.000000e+00  
  388  0.000000e+00 +/- 0.000000e+00  
  389  0.000000e+00 +/- 0.000000e+00  
  390  0.000000e+00 +/- 0.000000e+00  
  391  5.187847e-05 +/- 4.375598e-09  
  392  2.427847e-08 +/- 8.931791e-11  
  393  0.000000e+00 +/- 0.000000e+00  
  394  3.652607e-09 +/- 2.002775e-11  
  395  4.094905e-07 +/- 3.896280e-10  
  396  1.037226e-08 +/- 6.285786e-11  
  397  5.350990e-09 +/- 2.513003e-11  
  398  7.341931e-07 +/- 5.092854e-10  
  399  1.205220e-09 +/- 1.926717e-11  
  400  1.124451e-09 +/- 8.079038e-12  
  401  1.741898e-07 +/- 2.470916e-10  
  402  0.000000e+00 +/- 0.000000e+00  
  403  0.000000e+00 +/- 0.000000e+00  
  404  0.000000e+00 +/- 0.000000e+00  
  405  0.000000e+00 +/- 0.000000e+00  
  406  1.162273e-05 +/- 2.091428e-09  
  407  7.344525e-09 +/- 2.600008e-11  
  408  1.999274e-05 +/- 2.692504e-09  
  409  1.566124e-07 +/- 2.303949e-10  
  410  3.554853e-09 +/- 1.605745e-11  
  411  1.613665e-07 +/- 2.323776e-10  
  412  0.000000e+00 +/- 0.000000e+00  
  413  0.000000e+00 +/- 0.000000e+00  
  414  0.000000e+00 +/- 0.000000e+00  
  415  4.660779e-06 +/- 1.311977e-09  
  416  2.179575e-09 +/- 1.424705e-11  
  417  4.659924e-06 +/- 1.311796e-09  
  418  5.676855e-08 +/- 1.361771e-10  
  419  9.831005e-10 +/- 8.497897e-12  
  420  5.693596e-08 +/- 1.364284e-10  
  421  0.000000e+00 +/- 0.000000e+00  
  422  0.000000e+00 +/- 0.000000e+00  
  423  0.000000e+00 +/- 0.000000e+00  
  424  1.487179e-10 +/- 7.641617e-12  
  425  3.810850e-09 +/- 3.639088e-11  
  426  1.505763e-10 +/- 7.658128e-12  
  427  5.327369e-07 +/- 4.331684e-10  
  428  8.131093e-09 +/- 2.899375e-11  
  429  5.331206e-07 +/- 4.334337e-10  
  430  1.641656e-10 +/- 8.043560e-12  
  431  3.790223e-09 +/- 3.626843e-11  
  432  1.660440e-10 +/- 8.231705e-12  
  433  7.538490e-08 +/- 1.261799e-10  
  434  0.000000e+00 +/- 0.000000e+00  
  435  0.000000e+00 +/- 0.000000e+00  
  436  0.000000e+00 +/- 0.000000e+00  
  437  0.000000e+00 +/- 0.000000e+00  
  438  0.000000e+00 +/- 0.000000e+00  
  439  0.000000e+00 +/- 0.000000e+00  
  440  0.000000e+00 +/- 0.000000e+00  
  441  0.000000e+00 +/- 0.000000e+00  
  442  0.000000e+00 +/- 0.000000e+00  
  443  0.000000e+00 +/- 0.000000e+00  
  444  0.000000e+00 +/- 0.000000e+00  
  445  0.000000e+00 +/- 0.000000e+00  
  446  0.000000e+00 +/- 0.000000e+00  
  447  0.000000e+00 +/- 0.000000e+00  
  448  0.000000e+00 +/- 0.000000e+00  
  449  0.000000e+00 +/- 0.000000e+00  
  450  0.000000e+00 +/- 0.000000e+00  
  451  0.000000e+00 +/- 0.000000e+00  
  452  0.000000e+00 +/- 0.000000e+00  
  453  0.000000e+00 +/- 0.000000e+00  
  454  0.000000e+00 +/- 0.000000e+00  
  455  0.000000e+00 +/- 0.000000e+00  
  456  0.000000e+00 +/- 0.000000e+00  
  457  0.000000e+00 +/- 0.000000e+00  
  458  0.000000e+00 +/- 0.000000e+00  
  459  0.000000e+00 +/- 0.000000e+00  
  460  0.000000e+00 +/- 0.000000e+00  
  461  0.000000e+00 +/- 0.000000e+00  
  462  0.000000e+00 +/- 0.000000e+00  
  463  0.000000e+00 +/- 0.000000e+00  
  464  0.000000e+00 +/- 0.000000e+00  
  465  0.000000e+00 +/- 0.000000e+00  
  466  0.000000e+00 +/- 0.000000e+00  
  467  0.000000e+00 +/- 0.000000e+00  
  468  0.000000e+00 +/- 0.000000e+00  
  469  0.000000e+00 +/- 0.000000e+00  
  470  0.000000e+00 +/- 0.000000e+00  
  471  0.000000e+00 +/- 0.000000e+00  
  472  0.000000e+00 +/- 0.000000e+00  
  473  0.000000e+00 +/- 0.000000e+00  
  474  0.000000e+00 +/- 0.000000e+00  
  475  0.000000e+00 +/- 0.000000e+00  
  476  0.000000e+00 +/- 0.000000e+00  
  477  0.000000e+00 +/- 0.000000e+00  
  478  0.000000e+00 +/- 0.000000e+00  
  479  0.000000e+00 +/- 0.000000e+00  
  480  0.000000e+00 +/- 0.000000e+00  
  481  0.000000e+00 +/- 0.000000e+00  
  482  0.000000e+00 +/- 0.000000e+00  
  483  0.000000e+00 +/- 0.000000e+00  
  484  0.000000e+00 +/- 0.000000e+00  
  485  0.000000e+00 +/- 0.000000e+00  
  486  0.000000e+00 +/- 0.000000e+00  
  487  0.000000e+00 +/- 0.000000e+00  
  488  0.000000e+00 +/- 0.000000e+00  
  489  0.000000e+00 +/- 0.000000e+00  
  490  0.000000e+00 +/- 0.000000e+00  
  491  0.000000e+00 +/- 0.000000e+00  
  492  0.000000e+00 +/- 0.000000e+00  
  493  0.000000e+00 +/- 0.000000e+00  
  494  0.000000e+00 +/- 0.000000e+00  
  495  0.000000e+00 +/- 0.000000e+00  
  496  0.000000e+00 +/- 0.000000e+00  
  497  0.000000e+00 +/- 0.000000e+00  
  498  0.000000e+00 +/- 0.000000e+00  
  499  0.000000e+00 +/- 0.000000e+00  
  500  0.000000e+00 +/- 0.000000e+00  
  501  0.000000e+00 +/- 0.000000e+00  
  502  0.000000e+00 +/- 0.000000e+00  
  503  0.000000e+00 +/- 0.000000e+00  
  504  0.000000e+00 +/- 0.000000e+00  
  505  0.000000e+00 +/- 0.000000e+00  
  506  0.000000e+00 +/- 0.000000e+00  
  507  0.000000e+00 +/- 0.000000e+00  
  508  0.000000e+00 +/- 0.000000e+00  
  509  0.000000e+00 +/- 0.000000e+00  
  510  0.000000e+00 +/- 0.000000e+00  
  511  0.000000e+00 +/- 0.000000e+00  
  512  0.000000e+00 +/- 0.000000e+00  
  513  0.000000e+00 +/- 0.000000e+00  
  514  0.000000e+00 +/- 0.000000e+00  
  515  0.000000e+00 +/- 0.000000e+00  
  516  0.000000e+00 +/- 0.000000e+00  
  517  0.000000e+00 +/- 0.000000e+00  
  518  0.000000e+00 +/- 0.000000e+00  
  519  0.000000e+00 +/- 0.000000e+00  
  520  0.000000e+00 +/- 0.000000e+00  
  521  0.000000e+00 +/- 0.000000e+00  
  522  0.000000e+00 +/- 0.000000e+00  
  523  0.000000e+00 +/- 0.000000e+00  
  524  0.000000e+00 +/- 0.000000e+00  
  525  0.000000e+00 +/- 0.000000e+00  
  526  0.000000e+00 +/- 0.000000e+00  
  527  0.000000e+00 +/- 0.000000e+00  
  528  0.000000e+00 +/- 0.000000e+00  
  529  0.000000e+00 +/- 0.000000e+00  
  530  0.000000e+00 +/- 0.000000e+00  
  531  0.000000e+00 +/- 0.000000e+00  
  532  0.000000e+00 +/- 0.000000e+00  
  533  0.000000e+00 +/- 0.000000e+00  
  534  0.000000e+00 +/- 0.000000e+00  
  535  0.000000e+00 +/- 0.000000e+00  
  536  0.000000e+00 +/- 0.000000e+00  
  537  0.000000e+00 +/- 0.000000e+00  
  538  0.000000e+00 +/- 0.000000e+00  
  539  0.000000e+00 +/- 0.000000e+00  
  540  0.000000e+00 +/- 0.000000e+00  
  541  4.435253e-08 +/- 6.677712e-11  
  542  0.000000e+00 +/- 0.000000e+00  
  543  0.000000e+00 +/- 0.000000e+00  
  544  0.000000e+00 +/- 0.000000e+00  
  545  0.000000e+00 +/- 0.000000e+00  
  546  0.000000e+00 +/- 0.000000e+00  
  547  0.000000e+00 +/- 0.000000e+00  
  548  0.000000e+00 +/- 0.000000e+00  
  549  0.000000e+00 +/- 0.000000e+00  
  550  0.000000e+00 +/- 0.000000e+00  
  551  0.000000e+00 +/- 0.000000e+00  
  552  0.000000e+00 +/- 0.000000e+00  
  553  0.000000e+00 +/- 0.000000e+00  
  554  0.000000e+00 +/- 0.000000e+00  
  555  0.000000e+00 +/- 0.000000e+00  
  556  0.000000e+00 +/- 0.000000e+00  
  557  0.000000e+00 +/- 0.000000e+00  
  558  0.000000e+00 +/- 0.000000e+00  
  559  0.000000e+00 +/- 0.000000e+00  
  560  0.000000e+00 +/- 0.000000e+00  
  561  0.000000e+00 +/- 0.000000e+00  
  562  0.000000e+00 +/- 0.000000e+00  
  563  0.000000e+00 +/- 0.000000e+00  
  564  0.000000e+00 +/- 0.000000e+00  
  565  0.000000e+00 +/- 0.000000e+00  
  566  0.000000e+00 +/- 0.000000e+00  
  567  0.000000e+00 +/- 0.000000e+00  
  568  0.000000e+00 +/- 0.000000e+00  
  569  0.000000e+00 +/- 0.000000e+00  
  570  0.000000e+00 +/- 0.000000e+00  
  571  0.000000e+00 +/- 0.000000e+00  
  572  0.000000e+00 +/- 0.000000e+00  
  573  0.000000e+00 +/- 0.000000e+00  
  574  0.000000e+00 +/- 0.000000e+00  
  575  0.000000e+00 +/- 0.000000e+00  
  576  0.000000e+00 +/- 0.000000e+00  
  577  0.000000e+00 +/- 0.000000e+00  
  578  0.000000e+00 +/- 0.000000e+00  
  579  0.000000e+00 +/- 0.000000e+00  
  580  0.000000e+00 +/- 0.000000e+00  
  581  0.000000e+00 +/- 0.000000e+00  
  582  0.000000e+00 +/- 0.000000e+00  
  583  0.000000e+00 +/- 0.000000e+00  
  584  0.000000e+00 +/- 0.000000e+00  
  585  0.000000e+00 +/- 0.000000e+00  
  586  0.000000e+00 +/- 0.000000e+00  
  587  0.000000e+00 +/- 0.000000e+00  
  588  0.000000e+00 +/- 0.000000e+00  
  589  0.000000e+00 +/- 0.000000e+00  
  590  0.000000e+00 +/- 0.000000e+00  
  591  0.000000e+00 +/- 0.000000e+00  
  592  0.000000e+00 +/- 0.000000e+00  
  593  0.000000e+00 +/- 0.000000e+00  
  594  0.000000e+00 +/- 0.000000e+00  
  595  0.000000e+00 +/- 0.000000e+00  
  596  0.000000e+00 +/- 0.000000e+00  
  597  0.000000e+00 +/- 0.000000e+00  
  598  0.000000e+00 +/- 0.000000e+00  
  599  0.000000e+00 +/- 0.000000e+00  
  600  0.000000e+00 +/- 0.000000e+00  
  601  0.000000e+00 +/- 0.000000e+00  
  602  0.000000e+00 +/- 0.000000e+00  
  603  0.000000e+00 +/- 0.000000e+00  
  604  0.000000e+00 +/- 0.000000e+00  
  605  0.000000e+00 +/- 0.000000e+00  
  606  0.000000e+00 +/- 0.000000e+00  
  607  0.000000e+00 +/- 0.000000e+00  
  608  0.000000e+00 +/- 0.000000e+00  
  609  0.000000e+00 +/- 0.000000e+00  
  610  0.000000e+00 +/- 0.000000e+00  
  611  0.000000e+00 +/- 0.000000e+00  
  612  0.000000e+00 +/- 0.000000e+00  
  613  0.000000e+00 +/- 0.000000e+00  
  614  0.000000e+00 +/- 0.000000e+00  
  615  0.000000e+00 +/- 0.000000e+00  
  616  0.000000e+00 +/- 0.000000e+00  
  617  0.000000e+00 +/- 0.000000e+00  
  618  0.000000e+00 +/- 0.000000e+00  
  619  0.000000e+00 +/- 0.000000e+00  
  620  0.000000e+00 +/- 0.000000e+00  
  621  0.000000e+00 +/- 0.000000e+00  
  622  0.000000e+00 +/- 0.000000e+00  
  623  0.000000e+00 +/- 0.000000e+00  
  624  0.000000e+00 +/- 0.000000e+00  
  625  0.000000e+00 +/- 0.000000e+00  
  626  0.000000e+00 +/- 0.000000e+00  
  627  0.000000e+00 +/- 0.000000e+00  
  628  0.000000e+00 +/- 0.000000e+00  
  629  0.000000e+00 +/- 0.000000e+00  
  630  0.000000e+00 +/- 0.000000e+00  
  631  0.000000e+00 +/- 0.000000e+00  
  632  0.000000e+00 +/- 0.000000e+00  
  633  0.000000e+00 +/- 0.000000e+00  
  634  0.000000e+00 +/- 0.000000e+00  
  635  0.000000e+00 +/- 0.000000e+00  
  636  0.000000e+00 +/- 0.000000e+00  
  637  0.000000e+00 +/- 0.000000e+00  
  638  0.000000e+00 +/- 0.000000e+00  
  639  0.000000e+00 +/- 0.000000e+00  
  640  0.000000e+00 +/- 0.000000e+00  
  641  0.000000e+00 +/- 0.000000e+00  
  642  0.000000e+00 +/- 0.000000e+00  
  643  0.000000e+00 +/- 0.000000e+00  
  644  0.000000e+00 +/- 0.000000e+00  
  645  0.000000e+00 +/- 0.000000e+00  
  646  0.000000e+00 +/- 0.000000e+00  
  647  0.000000e+00 +/- 0.000000e+00  
  648  0.000000e+00 +/- 0.000000e+00  
  649  5.227996e-06 +/- 1.268781e-09  
  650  0.000000e+00 +/- 0.000000e+00  
  651  0.000000e+00 +/- 0.000000e+00  
  652  0.000000e+00 +/- 0.000000e+00  
  653  0.000000e+00 +/- 0.000000e+00  
  654  0.000000e+00 +/- 0.000000e+00  
  655  0.000000e+00 +/- 0.000000e+00  
  656  0.000000e+00 +/- 0.000000e+00  
  657  0.000000e+00 +/- 0.000000e+00  
  658  0.000000e+00 +/- 0.000000e+00  
  659  0.000000e+00 +/- 0.000000e+00  
  660  0.000000e+00 +/- 0.000000e+00  
  661  0.000000e+00 +/- 0.000000e+00  
  662  0.000000e+00 +/- 0.000000e+00  
  663  0.000000e+00 +/- 0.000000e+00  
  664  0.000000e+00 +/- 0.000000e+00  
  665  0.000000e+00 +/- 0.000000e+00  
  666  0.000000e+00 +/- 0.000000e+00  
  667  0.000000e+00 +/- 0.000000e+00  
  668  0.000000e+00 +/- 0.000000e+00  
  669  0.000000e+00 +/- 0.000000e+00  
  670  0.000000e+00 +/- 0.000000e+00  
  671  0.000000e+00 +/- 0.000000e+00  
  672  0.000000e+00 +/- 0.000000e+00  
  673  0.000000e+00 +/- 0.000000e+00  
  674  0.000000e+00 +/- 0.000000e+00  
  675  0.000000e+00 +/- 0.000000e+00  
  676  0.000000e+00 +/- 0.000000e+00  
  677  0.000000e+00 +/- 0.000000e+00  
  678  0.000000e+00 +/- 0.000000e+00  
  679  0.000000e+00 +/- 0.000000e+00  
  680  0.000000e+00 +/- 0.000000e+00  
  681  0.000000e+00 +/- 0.000000e+00  
  682  0.000000e+00 +/- 0.000000e+00  
  683  0.000000e+00 +/- 0.000000e+00  
  684  0.000000e+00 +/- 0.000000e+00  
  685  0.000000e+00 +/- 0.000000e+00  
  686  0.000000e+00 +/- 0.000000e+00  
  687  0.000000e+00 +/- 0.000000e+00  
  688  0.000000e+00 +/- 0.000000e+00  
  689  0.000000e+00 +/- 0.000000e+00  
  690  0.000000e+00 +/- 0.000000e+00  
  691  0.000000e+00 +/- 0.000000e+00  
  692  0.000000e+00 +/- 0.000000e+00  
  693  0.000000e+00 +/- 0.000000e+00  
  694  0.000000e+00 +/- 0.000000e+00  
  695  0.000000e+00 +/- 0.000000e+00  
  696  0.000000e+00 +/- 0.000000e+00  
  697  0.000000e+00 +/- 0.000000e+00  
  698  0.000000e+00 +/- 0.000000e+00  
  699  0.000000e+00 +/- 0.000000e+00  
  700  0.000000e+00 +/- 0.000000e+00  
  701  0.000000e+00 +/- 0.000000e+00  
  702  0.000000e+00 +/- 0.000000e+00  
  703  0.000000e+00 +/- 0.000000e+00  
  704  0.000000e+00 +/- 0.000000e+00  
  705  0.000000e+00 +/- 0.000000e+00  
  706  0.000000e+00 +/- 0.000000e+00  
  707  0.000000e+00 +/- 0.000000e+00  
  708  0.000000e+00 +/- 0.000000e+00  
  709  0.000000e+00 +/- 0.000000e+00  
  710  0.000000e+00 +/- 0.000000e+00  
  711  0.000000e+00 +/- 0.000000e+00  
  712  0.000000e+00 +/- 0.000000e+00  
  713  0.000000e+00 +/- 0.000000e+00  
  714  0.000000e+00 +/- 0.000000e+00  
  715  0.000000e+00 +/- 0.000000e+00  
  716  0.000000e+00 +/- 0.000000e+00  
  717  0.000000e+00 +/- 0.000000e+00  
  718  0.000000e+00 +/- 0.000000e+00  
  719  0.000000e+00 +/- 0.000000e+00  
  720  0.000000e+00 +/- 0.000000e+00  
  721  0.000000e+00 +/- 0.000000e+00  
  722  0.000000e+00 +/- 0.000000e+00  
  723  0.000000e+00 +/- 0.000000e+00  
  724  0.000000e+00 +/- 0.000000e+00  
  725  0.000000e+00 +/- 0.000000e+00  
  726  0.000000e+00 +/- 0.000000e+00  
  727  0.000000e+00 +/- 0.000000e+00  
  728  0.000000e+00 +/- 0.000000e+00  
  729  0.000000e+00 +/- 0.000000e+00  
  730  0.000000e+00 +/- 0.000000e+00  
  731  0.000000e+00 +/- 0.000000e+00  
  732  0.000000e+00 +/- 0.000000e+00  
  733  0.000000e+00 +/- 0.000000e+00  
  734  0.000000e+00 +/- 0.000000e+00  
  735  0.000000e+00 +/- 0.000000e+00  
  736  0.000000e+00 +/- 0.000000e+00  
  737  0.000000e+00 +/- 0.000000e+00  
  738  0.000000e+00 +/- 0.000000e+00  
  739  0.000000e+00 +/- 0.000000e+00  
  740  0.000000e+00 +/- 0.000000e+00  
  741  0.000000e+00 +/- 0.000000e+00  
  742  0.000000e+00 +/- 0.000000e+00  
  743  0.000000e+00 +/- 0.000000e+00  
  744  0.000000e+00 +/- 0.000000e+00  
  745  0.000000e+00 +/- 0.000000e+00  
  746  0.000000e+00 +/- 0.000000e+00  
  747  0.000000e+00 +/- 0.000000e+00  
  748  0.000000e+00 +/- 0.000000e+00  
  749  0.000000e+00 +/- 0.000000e+00  
  750  0.000000e+00 +/- 0.000000e+00  
  751  0.000000e+00 +/- 0.000000e+00  
  752  0.000000e+00 +/- 0.000000e+00  
  753  0.000000e+00 +/- 0.000000e+00  
  754  0.000000e+00 +/- 0.000000e+00  
  755  0.000000e+00 +/- 0.000000e+00  
  756  0.000000e+00 +/- 0.000000e+00  
  757  0.000000e+00 +/- 0.000000e+00  
  758  0.000000e+00 +/- 0.000000e+00  
  759  0.000000e+00 +/- 0.000000e+00  
  760  0.000000e+00 +/- 0.000000e+00  
  761  0.000000e+00 +/- 0.000000e+00  
  762  0.000000e+00 +/- 0.000000e+00  
  763  0.000000e+00 +/- 0.000000e+00  
  764  0.000000e+00 +/- 0.000000e+00  
  765  0.000000e+00 +/- 0.000000e+00  
  766  0.000000e+00 +/- 0.000000e+00  
  767  0.000000e+00 +/- 0.000000e+00  
  768  0.000000e+00 +/- 0.000000e+00  
  769  0.000000e+00 +/- 0.000000e+00  
  770  0.000000e+00 +/- 0.000000e+00  
  771  0.000000e+00 +/- 0.000000e+00  
  772  0.000000e+00 +/- 0.000000e+00  
  773  0.000000e+00 +/- 0.000000e+00  
  774  0.000000e+00 +/- 0.000000e+00  
  775  0.000000e+00 +/- 0.000000e+00  
  776  0.000000e+00 +/- 0.000000e+00  
  777  0.000000e+00 +/- 0.000000e+00  
  778  0.000000e+00 +/- 0.000000e+00  
  779  0.000000e+00 +/- 0.000000e+00  
  780  0.000000e+00 +/- 0.000000e+00  
  781  0.000000e+00 +/- 0.000000e+00  
  782  0.000000e+00 +/- 0.000000e+00  
  783  0.000000e+00 +/- 0.000000e+00  
  784  0.000000e+00 +/- 0.000000e+00  
  785  0.000000e+00 +/- 0.000000e+00  
  786  0.000000e+00 +/- 0.000000e+00  
  787  0.000000e+00 +/- 0.000000e+00  
  788  0.000000e+00 +/- 0.000000e+00  
  789  0.000000e+00 +/- 0.000000e+00  
  790  0.000000e+00 +/- 0.000000e+00  
  791  0.000000e+00 +/- 0.000000e+00  
  792  0.000000e+00 +/- 0.000000e+00  
  793  0.000000e+00 +/- 0.000000e+00  
  794  0.000000e+00 +/- 0.000000e+00  
  795  0.000000e+00 +/- 0.000000e+00  
  796  0.000000e+00 +/- 0.000000e+00  
  797  0.000000e+00 +/- 0.000000e+00  
  798  0.000000e+00 +/- 0.000000e+00  
  799  0.000000e+00 +/- 0.000000e+00  
  800  0.000000e+00 +/- 0.000000e+00  
  801  0.000000e+00 +/- 0.000000e+00  
  802  0.000000e+00 +/- 0.000000e+00  
  803  0.000000e+00 +/- 0.000000e+00  
  804  0.000000e+00 +/- 0.000000e+00  
  805  0.000000e+00 +/- 0.000000e+00  
  806  0.000000e+00 +/- 0.000000e+00  
  807  0.000000e+00 +/- 0.000000e+00  
  808  0.000000e+00 +/- 0.000000e+00  
  809  0.000000e+00 +/- 0.000000e+00  
  810  0.000000e+00 +/- 0.000000e+00  
  811  0.000000e+00 +/- 0.000000e+00  
  812  0.000000e+00 +/- 0.000000e+00  
  813  0.000000e+00 +/- 0.000000e+00  
  814  0.000000e+00 +/- 0.000000e+00  
  815  0.000000e+00 +/- 0.000000e+00  
  816  0.000000e+00 +/- 0.000000e+00  
  817  0.000000e+00 +/- 0.000000e+00  
  818  0.000000e+00 +/- 0.000000e+00  
  819  0.000000e+00 +/- 0.000000e+00  
  820  0.000000e+00 +/- 0.000000e+00  
  821  0.000000e+00 +/- 0.000000e+00  
  822  0.000000e+00 +/- 0.000000e+00  
  823  0.000000e+00 +/- 0.000000e+00  
  824  0.000000e+00 +/- 0.000000e+00  
  825  0.000000e+00 +/- 0.000000e+00  
  826  0.000000e+00 +/- 0.000000e+00  
  827  0.000000e+00 +/- 0.000000e+00  
  828  0.000000e+00 +/- 0.000000e+00  
  829  0.000000e+00 +/- 0.000000e+00  
  830  0.000000e+00 +/- 0.000000e+00  
  831  0.000000e+00 +/- 0.000000e+00  
  832  0.000000e+00 +/- 0.000000e+00  
  833  0.000000e+00 +/- 0.000000e+00  
  834  0.000000e+00 +/- 0.000000e+00  
  835  0.000000e+00 +/- 0.000000e+00  
  836  0.000000e+00 +/- 0.000000e+00  
  837  0.000000e+00 +/- 0.000000e+00  
  838  0.000000e+00 +/- 0.000000e+00  
  839  0.000000e+00 +/- 0.000000e+00  
  840  0.000000e+00 +/- 0.000000e+00  
  841  0.000000e+00 +/- 0.000000e+00  
  842  0.000000e+00 +/- 0.000000e+00  
  843  0.000000e+00 +/- 0.000000e+00  
  844  0.000000e+00 +/- 0.000000e+00  
  845  0.000000e+00 +/- 0.000000e+00  
  846  0.000000e+00 +/- 0.000000e+00  
  847  0.000000e+00 +/- 0.000000e+00  
  848  0.000000e+00 +/- 0.000000e+00  
  849  0.000000e+00 +/- 0.000000e+00  
  850  0.000000e+00 +/- 0.000000e+00  
  851  0.000000e+00 +/- 0.000000e+00  
  852  0.000000e+00 +/- 0.000000e+00  
  853  0.000000e+00 +/- 0.000000e+00  
  854  0.000000e+00 +/- 0.000000e+00  
  855  0.000000e+00 +/- 0.000000e+00  
  856  0.000000e+00 +/- 0.000000e+00  
  857  0.000000e+00 +/- 0.000000e+00  
  858  0.000000e+00 +/- 0.000000e+00  
  859  0.000000e+00 +/- 0.000000e+00  
  860  0.000000e+00 +/- 0.000000e+00  
  861  0.000000e+00 +/- 0.000000e+00  
  862  0.000000e+00 +/- 0.000000e+00  
  863  0.000000e+00 +/- 0.000000e+00  
  864  0.000000e+00 +/- 0.000000e+00  
  865  0.000000e+00 +/- 0.000000e+00  
  866  0.000000e+00 +/- 0.000000e+00  
  867  0.000000e+00 +/- 0.000000e+00  
  868  0.000000e+00 +/- 0.000000e+00  
  869  0.000000e+00 +/- 0.000000e+00  
  870  0.000000e+00 +/- 0.000000e+00  
  871  0.000000e+00 +/- 0.000000e+00  
  872  0.000000e+00 +/- 0.000000e+00  
  873  0.000000e+00 +/- 0.000000e+00  
  874  0.000000e+00 +/- 0.000000e+00  
  875  0.000000e+00 +/- 0.000000e+00  
  876  0.000000e+00 +/- 0.000000e+00  
  877  0.000000e+00 +/- 0.000000e+00  
  878  0.000000e+00 +/- 0.000000e+00  
  879  0.000000e+00 +/- 0.000000e+00  
  880  0.000000e+00 +/- 0.000000e+00  
  881  0.000000e+00 +/- 0.000000e+00  
  882  0.000000e+00 +/- 0.000000e+00  
  883  0.000000e+00 +/- 0.000000e+00  
  884  0.000000e+00 +/- 0.000000e+00  
  885  0.000000e+00 +/- 0.000000e+00  
  886  0.000000e+00 +/- 0.000000e+00  
  887  0.000000e+00 +/- 0.000000e+00  
  888  0.000000e+00 +/- 0.000000e+00  
  889  0.000000e+00 +/- 0.000000e+00  
  890  0.000000e+00 +/- 0.000000e+00  
  891  0.000000e+00 +/- 0.000000e+00  
  892  0.000000e+00 +/- 0.000000e+00  
  893  0.000000e+00 +/- 0.000000e+00  
  894  0.000000e+00 +/- 0.000000e+00  
  895  0.000000e+00 +/- 0.000000e+00  
  896  0.000000e+00 +/- 0.000000e+00  
  897  0.000000e+00 +/- 0.000000e+00  
  898  0.000000e+00 +/- 0.000000e+00  
  899  0.000000e+00 +/- 0.000000e+00  
  900  0.000000e+00 +/- 0.000000e+00  
  901  0.000000e+00 +/- 0.000000e+00  
  902  0.000000e+00 +/- 0.000000e+00  
  903  0.000000e+00 +/- 0.000000e+00  
  904  0.000000e+00 +/- 0.000000e+00  
  905  0.000000e+00 +/- 0.000000e+00  
  906  0.000000e+00 +/- 0.000000e+00  
  907  0.000000e+00 +/- 0.000000e+00  
  908  0.000000e+00 +/- 0.000000e+00  
  909  0.000000e+00 +/- 0.000000e+00  
  910  0.000000e+00 +/- 0.000000e+00  
  911  0.000000e+00 +/- 0.000000e+00  
  912  0.000000e+00 +/- 0.000000e+00  
  913  0.000000e+00 +/- 0.000000e+00  
  914  0.000000e+00 +/- 0.000000e+00  
  915  0.000000e+00 +/- 0.000000e+00  
  916  0.000000e+00 +/- 0.000000e+00  
  917  0.000000e+00 +/- 0.000000e+00  
  918  0.000000e+00 +/- 0.000000e+00  
  919  0.000000e+00 +/- 0.000000e+00  
  920  0.000000e+00 +/- 0.000000e+00  
  921  0.000000e+00 +/- 0.000000e+00  
  922  0.000000e+00 +/- 0.000000e+00  
  923  0.000000e+00 +/- 0.000000e+00  
  924  0.000000e+00 +/- 0.000000e+00  
  925  0.000000e+00 +/- 0.000000e+00  
  926  0.000000e+00 +/- 0.000000e+00  
  927  0.000000e+00 +/- 0.000000e+00  
  928  0.000000e+00 +/- 0.000000e+00  
  929  0.000000e+00 +/- 0.000000e+00  
  930  0.000000e+00 +/- 0.000000e+00  
  931  0.000000e+00 +/- 0.000000e+00  
  932  0.000000e+00 +/- 0.000000e+00  
  933  0.000000e+00 +/- 0.000000e+00  
  934  0.000000e+00 +/- 0.000000e+00  
  935  0.000000e+00 +/- 0.000000e+00  
  936  0.000000e+00 +/- 0.000000e+00  
  937  0.000000e+00 +/- 0.000000e+00  
  938  0.000000e+00 +/- 0.000000e+00  
  939  0.000000e+00 +/- 0.000000e+00  
  940  0.000000e+00 +/- 0.000000e+00  
  941  0.000000e+00 +/- 0.000000e+00  
  942  0.000000e+00 +/- 0.000000e+00  
  943  0.000000e+00 +/- 0.000000e+00  
  944  0.000000e+00 +/- 0.000000e+00  
  945  0.000000e+00 +/- 0.000000e+00  
  946  0.000000e+00 +/- 0.000000e+00  
  947  0.000000e+00 +/- 0.000000e+00  
  948  0.000000e+00 +/- 0.000000e+00  
  949  0.000000e+00 +/- 0.000000e+00  
  950  0.000000e+00 +/- 0.000000e+00  
  951  0.000000e+00 +/- 0.000000e+00  
  952  0.000000e+00 +/- 0.000000e+00  
  953  0.000000e+00 +/- 0.000000e+00  
  954  0.000000e+00 +/- 0.000000e+00  
  955  0.000000e+00 +/- 0.000000e+00  
  956  0.000000e+00 +/- 0.000000e+00  
  957  0.000000e+00 +/- 0.000000e+00  
  958  0.000000e+00 +/- 0.000000e+00  
  959  0.000000e+00 +/- 0.000000e+00  
  960  0.000000e+00 +/- 0.000000e+00  
  961  0.000000e+00 +/- 0.000000e+00  
  962  0.000000e+00 +/- 0.000000e+00  
  963  0.000000e+00 +/- 0.000000e+00  
  964  0.000000e+00 +/- 0.000000e+00  
  965  0.000000e+00 +/- 0.000000e+00  
  966  0.000000e+00 +/- 0.000000e+00  
  967  0.000000e+00 +/- 0.000000e+00  
  968  0.000000e+00 +/- 0.000000e+00  
  969  0.000000e+00 +/- 0.000000e+00  
  970  0.000000e+00 +/- 0.000000e+00  
  971  0.000000e+00 +/- 0.000000e+00  
  972  0.000000e+00 +/- 0.000000e+00  
  973  6.303781e-08 +/- 1.124647e-10  
  974  0.000000e+00 +/- 0.000000e+00  
  975  0.000000e+00 +/- 0.000000e+00  
  976  0.000000e+00 +/- 0.000000e+00  
  977  0.000000e+00 +/- 0.000000e+00  
  978  0.000000e+00 +/- 0.000000e+00  
  979  0.000000e+00 +/- 0.000000e+00  
  980  0.000000e+00 +/- 0.000000e+00  
  981  0.000000e+00 +/- 0.000000e+00  
  982  0.000000e+00 +/- 0.000000e+00  
  983  0.000000e+00 +/- 0.000000e+00  
  984  0.000000e+00 +/- 0.000000e+00  
  985  0.000000e+00 +/- 0.000000e+00  
  986  0.000000e+00 +/- 0.000000e+00  
  987  0.000000e+00 +/- 0.000000e+00  
  988  0.000000e+00 +/- 0.000000e+00  
  989  0.000000e+00 +/- 0.000000e+00  
  990  0.000000e+00 +/- 0.000000e+00  
  991  0.000000e+00 +/- 0.000000e+00  
  992  0.000000e+00 +/- 0.000000e+00  
  993  0.000000e+00 +/- 0.000000e+00  
  994  0.000000e+00 +/- 0.000000e+00  
  995  0.000000e+00 +/- 0.000000e+00  
  996  0.000000e+00 +/- 0.000000e+00  
  997  0.000000e+00 +/- 0.000000e+00  
  998  0.000000e+00 +/- 0.000000e+00  
  999  0.000000e+00 +/- 0.000000e+00  
  1000  0.000000e+00 +/- 0.000000e+00  
  1001  0.000000e+00 +/- 0.000000e+00  
  1002  0.000000e+00 +/- 0.000000e+00  
  1003  0.000000e+00 +/- 0.000000e+00  
  1004  0.000000e+00 +/- 0.000000e+00  
  1005  0.000000e+00 +/- 0.000000e+00  
  1006  0.000000e+00 +/- 0.000000e+00  
  1007  0.000000e+00 +/- 0.000000e+00  
  1008  0.000000e+00 +/- 0.000000e+00  
  1009  0.000000e+00 +/- 0.000000e+00  
  1010  0.000000e+00 +/- 0.000000e+00  
  1011  0.000000e+00 +/- 0.000000e+00  
  1012  0.000000e+00 +/- 0.000000e+00  
  1013  0.000000e+00 +/- 0.000000e+00  
  1014  0.000000e+00 +/- 0.000000e+00  
  1015  0.000000e+00 +/- 0.000000e+00  
  1016  0.000000e+00 +/- 0.000000e+00  
  1017  0.000000e+00 +/- 0.000000e+00  
  1018  0.000000e+00 +/- 0.000000e+00  
  1019  0.000000e+00 +/- 0.000000e+00  
  1020  0.000000e+00 +/- 0.000000e+00  
  1021  0.000000e+00 +/- 0.000000e+00  
  1022  0.000000e+00 +/- 0.000000e+00  
  1023  0.000000e+00 +/- 0.000000e+00  
  1024  0.000000e+00 +/- 0.000000e+00  
  1025  0.000000e+00 +/- 0.000000e+00  
  1026  0.000000e+00 +/- 0.000000e+00  
  1027  0.000000e+00 +/- 0.000000e+00  
  1028  0.000000e+00 +/- 0.000000e+00  
  1029  0.000000e+00 +/- 0.000000e+00  
  1030  0.000000e+00 +/- 0.000000e+00  
  1031  0.000000e+00 +/- 0.000000e+00  
  1032  0.000000e+00 +/- 0.000000e+00  
  1033  0.000000e+00 +/- 0.000000e+00  
  1034  0.000000e+00 +/- 0.000000e+00  
  1035  0.000000e+00 +/- 0.000000e+00  
  1036  0.000000e+00 +/- 0.000000e+00  
  1037  0.000000e+00 +/- 0.000000e+00  
  1038  0.000000e+00 +/- 0.000000e+00  
  1039  0.000000e+00 +/- 0.000000e+00  
  1040  0.000000e+00 +/- 0.000000e+00  
  1041  0.000000e+00 +/- 0.000000e+00  
  1042  0.000000e+00 +/- 0.000000e+00  
  1043  0.000000e+00 +/- 0.000000e+00  
  1044  0.000000e+00 +/- 0.000000e+00  
  1045  0.000000e+00 +/- 0.000000e+00  
  1046  0.000000e+00 +/- 0.000000e+00  
  1047  0.000000e+00 +/- 0.000000e+00  
  1048  0.000000e+00 +/- 0.000000e+00  
  1049  0.000000e+00 +/- 0.000000e+00  
  1050  0.000000e+00 +/- 0.000000e+00  
  1051  0.000000e+00 +/- 0.000000e+00  
  1052  0.000000e+00 +/- 0.000000e+00  
  1053  0.000000e+00 +/- 0.000000e+00  
  1054  0.000000e+00 +/- 0.000000e+00  
  1055  0.000000e+00 +/- 0.000000e+00  
  1056  0.000000e+00 +/- 0.000000e+00  
  1057  0.000000e+00 +/- 0.000000e+00  
  1058  0.000000e+00 +/- 0.000000e+00  
  1059  0.000000e+00 +/- 0.000000e+00  
  1060  0.000000e+00 +/- 0.000000e+00  
  1061  0.000000e+00 +/- 0.000000e+00  
  1062  0.000000e+00 +/- 0.000000e+00  
  1063  0.000000e+00 +/- 0.000000e+00  
  1064  0.000000e+00 +/- 0.000000e+00  
  1065  0.000000e+00 +/- 0.000000e+00  
  1066  0.000000e+00 +/- 0.000000e+00  
  1067  0.000000e+00 +/- 0.000000e+00  
  1068  0.000000e+00 +/- 0.000000e+00  
  1069  0.000000e+00 +/- 0.000000e+00  
  1070  0.000000e+00 +/- 0.000000e+00  
  1071  0.000000e+00 +/- 0.000000e+00  
  1072  0.000000e+00 +/- 0.000000e+00  
  1073  0.000000e+00 +/- 0.000000e+00  
  1074  0.000000e+00 +/- 0.000000e+00  
  1075  0.000000e+00 +/- 0.000000e+00  
  1076  0.000000e+00 +/- 0.000000e+00  
  1077  0.000000e+00 +/- 0.000000e+00  
  1078  0.000000e+00 +/- 0.000000e+00  
  1079  0.000000e+00 +/- 0.000000e+00  
  1080  0.000000e+00 +/- 0.000000e+00  
  1081  0.000000e+00 +/- 0.000000e+00  
  1082  0.000000e+00 +/- 0.000000e+00  
  1083  0.000000e+00 +/- 0.000000e+00  
  1084  0.000000e+00 +/- 0.000000e+00  
  1085  0.000000e+00 +/- 0.000000e+00  
  1086  0.000000e+00 +/- 0.000000e+00  
  1087  0.000000e+00 +/- 0.000000e+00  
  1088  0.000000e+00 +/- 0.000000e+00  
  1089  0.000000e+00 +/- 0.000000e+00  
  1090  0.000000e+00 +/- 0.000000e+00  
  1091  0.000000e+00 +/- 0.000000e+00  
  1092  0.000000e+00 +/- 0.000000e+00  
  1093  0.000000e+00 +/- 0.000000e+00  
  1094  0.000000e+00 +/- 0.000000e+00  
  1095  0.000000e+00 +/- 0.000000e+00  
  1096  0.000000e+00 +/- 0.000000e+00  
  1097  0.000000e+00 +/- 0.000000e+00  
  1098  0.000000e+00 +/- 0.000000e+00  
  1099  0.000000e+00 +/- 0.000000e+00  
  1100  0.000000e+00 +/- 0.000000e+00  
  1101  0.000000e+00 +/- 0.000000e+00  
  1102  0.000000e+00 +/- 0.000000e+00  
  1103  0.000000e+00 +/- 0.000000e+00  
  1104  0.000000e+00 +/- 0.000000e+00  
  1105  0.000000e+00 +/- 0.000000e+00  
  1106  0.000000e+00 +/- 0.000000e+00  
  1107  0.000000e+00 +/- 0.000000e+00  
  1108  0.000000e+00 +/- 0.000000e+00  
  1109  0.000000e+00 +/- 0.000000e+00  
  1110  0.000000e+00 +/- 0.000000e+00  
  1111  0.000000e+00 +/- 0.000000e+00  
  1112  0.000000e+00 +/- 0.000000e+00  
  1113  0.000000e+00 +/- 0.000000e+00  
  1114  0.000000e+00 +/- 0.000000e+00  
  1115  0.000000e+00 +/- 0.000000e+00  
  1116  0.000000e+00 +/- 0.000000e+00  
  1117  0.000000e+00 +/- 0.000000e+00  
  1118  0.000000e+00 +/- 0.000000e+00  
  1119  0.000000e+00 +/- 0.000000e+00  
  1120  0.000000e+00 +/- 0.000000e+00  
  1121  0.000000e+00 +/- 0.000000e+00  
  1122  0.000000e+00 +/- 0.000000e+00  
  1123  0.000000e+00 +/- 0.000000e+00  
  1124  0.000000e+00 +/- 0.000000e+00  
  1125  0.000000e+00 +/- 0.000000e+00  
  1126  0.000000e+00 +/- 0.000000e+00  
  1127  0.000000e+00 +/- 0.000000e+00  
  1128  0.000000e+00 +/- 0.000000e+00  
  1129  0.000000e+00 +/- 0.000000e+00  
  1130  0.000000e+00 +/- 0.000000e+00  
  1131  0.000000e+00 +/- 0.000000e+00  
  1132  0.000000e+00 +/- 0.000000e+00  
  1133  0.000000e+00 +/- 0.000000e+00  
  1134  0.000000e+00 +/- 0.000000e+00  
  1135  0.000000e+00 +/- 0.000000e+00  
  1136  0.000000e+00 +/- 0.000000e+00  
  1137  0.000000e+00 +/- 0.000000e+00  
  1138  0.000000e+00 +/- 0.000000e+00  
  1139  0.000000e+00 +/- 0.000000e+00  
  1140  0.000000e+00 +/- 0.000000e+00  
  1141  0.000000e+00 +/- 0.000000e+00  
  1142  0.000000e+00 +/- 0.000000e+00  
  1143  0.000000e+00 +/- 0.000000e+00  
  1144  0.000000e+00 +/- 0.000000e+00  
  1145  0.000000e+00 +/- 0.000000e+00  
  1146  0.000000e+00 +/- 0.000000e+00  
  1147  0.000000e+00 +/- 0.000000e+00  
  1148  0.000000e+00 +/- 0.000000e+00  
  1149  0.000000e+00 +/- 0.000000e+00  
  1150  0.000000e+00 +/- 0.000000e+00  
  1151  0.000000e+00 +/- 0.000000e+00  
  1152  0.000000e+00 +/- 0.000000e+00  
  1153  0.000000e+00 +/- 0.000000e+00  
  1154  0.000000e+00 +/- 0.000000e+00  
  1155  0.000000e+00 +/- 0.000000e+00  
  1156  0.000000e+00 +/- 0.000000e+00  
  1157  0.000000e+00 +/- 0.000000e+00  
  1158  0.000000e+00 +/- 0.000000e+00  
  1159  0.000000e+00 +/- 0.000000e+00  
  1160  0.000000e+00 +/- 0.000000e+00  
  1161  0.000000e+00 +/- 0.000000e+00  
  1162  0.000000e+00 +/- 0.000000e+00  
  1163  0.000000e+00 +/- 0.000000e+00  
  1164  0.000000e+00 +/- 0.000000e+00  
  1165  0.000000e+00 +/- 0.000000e+00  
  1166  0.000000e+00 +/- 0.000000e+00  
  1167  0.000000e+00 +/- 0.000000e+00  
  1168  0.000000e+00 +/- 0.000000e+00  
  1169  0.000000e+00 +/- 0.000000e+00  
  1170  0.000000e+00 +/- 0.000000e+00  
  1171  0.000000e+00 +/- 0.000000e+00  
  1172  0.000000e+00 +/- 0.000000e+00  
  1173  0.000000e+00 +/- 0.000000e+00  
  1174  0.000000e+00 +/- 0.000000e+00  
  1175  0.000000e+00 +/- 0.000000e+00  
  1176  0.000000e+00 +/- 0.000000e+00  
  1177  0.000000e+00 +/- 0.000000e+00  
  1178  0.000000e+00 +/- 0.000000e+00  
  1179  0.000000e+00 +/- 0.000000e+00  
  1180  0.000000e+00 +/- 0.000000e+00  
  1181  0.000000e+00 +/- 0.000000e+00  
  1182  0.000000e+00 +/- 0.000000e+00  
  1183  0.000000e+00 +/- 0.000000e+00  
  1184  0.000000e+00 +/- 0.000000e+00  
  1185  0.000000e+00 +/- 0.000000e+00  
  1186  0.000000e+00 +/- 0.000000e+00  
  1187  0.000000e+00 +/- 0.000000e+00  
  1188  0.000000e+00 +/- 0.000000e+00  
  1189  0.000000e+00 +/- 0.000000e+00  
  1190  0.000000e+00 +/- 0.000000e+00  
  1191  0.000000e+00 +/- 0.000000e+00  
  1192  0.000000e+00 +/- 0.000000e+00  
  1193  0.000000e+00 +/- 0.000000e+00  
  1194  0.000000e+00 +/- 0.000000e+00  
  1195  0.000000e+00 +/- 0.000000e+00  
  1196  0.000000e+00 +/- 0.000000e+00  
  1197  0.000000e+00 +/- 0.000000e+00  
  1198  0.000000e+00 +/- 0.000000e+00  
  1199  0.000000e+00 +/- 0.000000e+00  
  1200  0.000000e+00 +/- 0.000000e+00  
  1201  0.000000e+00 +/- 0.000000e+00  
  1202  0.000000e+00 +/- 0.000000e+00  
  1203  0.000000e+00 +/- 0.000000e+00  
  1204  0.000000e+00 +/- 0.000000e+00  
  1205  0.000000e+00 +/- 0.000000e+00  
  1206  0.000000e+00 +/- 0.000000e+00  
  1207  0.000000e+00 +/- 0.000000e+00  
  1208  0.000000e+00 +/- 0.000000e+00  
  1209  0.000000e+00 +/- 0.000000e+00  
  1210  0.000000e+00 +/- 0.000000e+00  
  1211  0.000000e+00 +/- 0.000000e+00  
  1212  0.000000e+00 +/- 0.000000e+00  
  1213  0.000000e+00 +/- 0.000000e+00  
  1214  0.000000e+00 +/- 0.000000e+00  
  1215  0.000000e+00 +/- 0.000000e+00  
  1216  0.000000e+00 +/- 0.000000e+00  
  1217  0.000000e+00 +/- 0.000000e+00  
  1218  0.000000e+00 +/- 0.000000e+00  
  1219  0.000000e+00 +/- 0.000000e+00  
  1220  0.000000e+00 +/- 0.000000e+00  
  1221  0.000000e+00 +/- 0.000000e+00  
  1222  0.000000e+00 +/- 0.000000e+00  
  1223  0.000000e+00 +/- 0.000000e+00  
  1224  0.000000e+00 +/- 0.000000e+00  
  1225  0.000000e+00 +/- 0.000000e+00  
  1226  0.000000e+00 +/- 0.000000e+00  
  1227  0.000000e+00 +/- 0.000000e+00  
  1228  0.000000e+00 +/- 0.000000e+00  
  1229  0.000000e+00 +/- 0.000000e+00  
  1230  0.000000e+00 +/- 0.000000e+00  
  1231  0.000000e+00 +/- 0.000000e+00  
  1232  0.000000e+00 +/- 0.000000e+00  
  1233  0.000000e+00 +/- 0.000000e+00  
  1234  0.000000e+00 +/- 0.000000e+00  
  1235  0.000000e+00 +/- 0.000000e+00  
  1236  0.000000e+00 +/- 0.000000e+00  
  1237  0.000000e+00 +/- 0.000000e+00  
  1238  0.000000e+00 +/- 0.000000e+00  
  1239  0.000000e+00 +/- 0.000000e+00  
  1240  0.000000e+00 +/- 0.000000e+00  
  1241  0.000000e+00 +/- 0.000000e+00  
  1242  0.000000e+00 +/- 0.000000e+00  
  1243  0.000000e+00 +/- 0.000000e+00  
  1244  0.000000e+00 +/- 0.000000e+00  
  1245  0.000000e+00 +/- 0.000000e+00  
  1246  0.000000e+00 +/- 0.000000e+00  
  1247  0.000000e+00 +/- 0.000000e+00  
  1248  0.000000e+00 +/- 0.000000e+00  
  1249  0.000000e+00 +/- 0.000000e+00  
  1250  0.000000e+00 +/- 0.000000e+00  
  1251  0.000000e+00 +/- 0.000000e+00  
  1252  0.000000e+00 +/- 0.000000e+00  
  1253  0.000000e+00 +/- 0.000000e+00  
  1254  0.000000e+00 +/- 0.000000e+00  
  1255  0.000000e+00 +/- 0.000000e+00  
  1256  0.000000e+00 +/- 0.000000e+00  
  1257  0.000000e+00 +/- 0.000000e+00  
  1258  0.000000e+00 +/- 0.000000e+00  
  1259  0.000000e+00 +/- 0.000000e+00  
  1260  0.000000e+00 +/- 0.000000e+00  
  1261  0.000000e+00 +/- 0.000000e+00  
  1262  0.000000e+00 +/- 0.000000e+00  
  1263  0.000000e+00 +/- 0.000000e+00  
  1264  0.000000e+00 +/- 0.000000e+00  
  1265  0.000000e+00 +/- 0.000000e+00  
  1266  0.000000e+00 +/- 0.000000e+00  
  1267  0.000000e+00 +/- 0.000000e+00  
  1268  0.000000e+00 +/- 0.000000e+00  
  1269  0.000000e+00 +/- 0.000000e+00  
  1270  0.000000e+00 +/- 0.000000e+00  
  1271  0.000000e+00 +/- 0.000000e+00  
  1272  0.000000e+00 +/- 0.000000e+00  
  1273  0.000000e+00 +/- 0.000000e+00  
  1274  0.000000e+00 +/- 0.000000e+00  
  1275  0.000000e+00 +/- 0.000000e+00  
  1276  0.000000e+00 +/- 0.000000e+00  
  1277  0.000000e+00 +/- 0.000000e+00  
  1278  0.000000e+00 +/- 0.000000e+00  
  1279  0.000000e+00 +/- 0.000000e+00  
  1280  0.000000e+00 +/- 0.000000e+00  
  1281  0.000000e+00 +/- 0.000000e+00  
  1282  0.000000e+00 +/- 0.000000e+00  
  1283  0.000000e+00 +/- 0.000000e+00  
  1284  0.000000e+00 +/- 0.000000e+00  
  1285  0.000000e+00 +/- 0.000000e+00  
  1286  0.000000e+00 +/- 0.000000e+00  
  1287  0.000000e+00 +/- 0.000000e+00  
  1288  0.000000e+00 +/- 0.000000e+00  
  1289  0.000000e+00 +/- 0.000000e+00  
  1290  0.000000e+00 +/- 0.000000e+00  
  1291  0.000000e+00 +/- 0.000000e+00  
  1292  0.000000e+00 +/- 0.000000e+00  
  1293  0.000000e+00 +/- 0.000000e+00  
  1294  0.000000e+00 +/- 0.000000e+00  
  1295  0.000000e+00 +/- 0.000000e+00  
  1296  0.000000e+00 +/- 0.000000e+00  
  1297  1.976594e-01 +/- 2.870865e-07  

Particle Track Scoring (tracks)
======================================================
   Total events scored:     0
   Total tracks scored:     0
   Still being scored:      0
   Output file name:        /home/rsmina/EGSnrc/egs_home/TB/BladesXrayWindow.ptracks


======================================================
Dose Scoring Object(profilexFilm)
======================================================
=> last case = 1500000000000 fluence = 1.5e+12


==> Summary of region dosimetry (per particle)
  ir  medium         rho/[g/cm3]  V/cm3      Edep/[MeV]              D/[Gy]            
---------------------------------------------------------------------------------------
   0 film              1.140     1.0000 5.7268e-13 +/- 17.932 % 8.0476e-23 +/- 17.932 %
   1 film              1.140     1.0000 4.8923e-13 +/- 18.484 % 6.8750e-23 +/- 18.484 %
   2 film              1.140     1.0000 6.7926e-13 +/- 15.790 % 9.5453e-23 +/- 15.790 %
   3 film              1.140     1.0000 7.3164e-13 +/- 14.491 % 1.0281e-22 +/- 14.491 %
   4 film              1.140     1.0000 8.7669e-13 +/- 13.575 % 1.2320e-22 +/- 13.575 %
   5 film              1.140     1.0000 1.4098e-12 +/- 10.969 % 1.9812e-22 +/- 10.969 %
   6 film              1.140     1.0000 3.9071e-12 +/- 6.902  % 5.4904e-22 +/- 6.902  %
   7 film              1.140     1.0000 7.6197e-12 +/- 4.553  % 1.0708e-21 +/- 4.553  %
   8 film              1.140     1.0000 1.0668e-11 +/- 4.102  % 1.4991e-21 +/- 4.102  %
   9 film              1.140     1.0000 1.0410e-11 +/- 3.920  % 1.4629e-21 +/- 3.920  %
  10 film              1.140     1.0000 1.0546e-11 +/- 3.965  % 1.4821e-21 +/- 3.965  %
  11 film              1.140     1.0000 9.8710e-12 +/- 4.001  % 1.3871e-21 +/- 4.001  %
  12 film              1.140     1.0000 1.0640e-11 +/- 3.926  % 1.4952e-21 +/- 3.926  %
  13 film              1.140     1.0000 1.1020e-11 +/- 3.895  % 1.5485e-21 +/- 3.895  %
  14 film              1.140     1.0000 1.0795e-11 +/- 3.922  % 1.5169e-21 +/- 3.922  %
  15 film              1.140     1.0000 1.0880e-11 +/- 3.888  % 1.5290e-21 +/- 3.888  %
  16 film              1.140     1.0000 1.0651e-11 +/- 3.935  % 1.4968e-21 +/- 3.935  %
  17 film              1.140     1.0000 1.1261e-11 +/- 3.983  % 1.5825e-21 +/- 3.983  %
  18 film              1.140     1.0000 1.0674e-11 +/- 3.904  % 1.4999e-21 +/- 3.904  %
  19 film              1.140     1.0000 1.1053e-11 +/- 3.856  % 1.5533e-21 +/- 3.856  %
  20 film              1.140     1.0000 1.0611e-11 +/- 3.895  % 1.4911e-21 +/- 3.895  %
  21 film              1.140     1.0000 1.0913e-11 +/- 3.868  % 1.5335e-21 +/- 3.868  %
  22 film              1.140     1.0000 1.0703e-11 +/- 3.942  % 1.5040e-21 +/- 3.942  %
  23 film              1.140     1.0000 1.1995e-11 +/- 3.847  % 1.6856e-21 +/- 3.847  %
  24 film              1.140     1.0000 1.1125e-11 +/- 3.996  % 1.5633e-21 +/- 3.996  %
  25 film              1.140     1.0000 1.0929e-11 +/- 3.964  % 1.5358e-21 +/- 3.964  %
  26 film              1.140     1.0000 1.0664e-11 +/- 3.929  % 1.4986e-21 +/- 3.929  %
  27 film              1.140     1.0000 1.1500e-11 +/- 3.881  % 1.6160e-21 +/- 3.881  %
  28 film              1.140     1.0000 1.0663e-11 +/- 3.970  % 1.4985e-21 +/- 3.970  %
  29 film              1.140     1.0000 1.0789e-11 +/- 3.931  % 1.5161e-21 +/- 3.931  %
  30 film              1.140     1.0000 9.7260e-12 +/- 4.022  % 1.3668e-21 +/- 4.022  %
  31 film              1.140     1.0000 9.5194e-12 +/- 4.232  % 1.3377e-21 +/- 4.232  %
  32 film              1.140     1.0000 7.5961e-12 +/- 4.681  % 1.0674e-21 +/- 4.681  %
  33 film              1.140     1.0000 3.3466e-12 +/- 6.942  % 4.7028e-22 +/- 6.942  %
  34 film              1.140     1.0000 1.5886e-12 +/- 10.909 % 2.2324e-22 +/- 10.909 %
  35 film              1.140     1.0000 1.0311e-12 +/- 12.748 % 1.4489e-22 +/- 12.748 %
  36 film              1.140     1.0000 9.5434e-13 +/- 13.299 % 1.3411e-22 +/- 13.299 %
  37 film              1.140     1.0000 4.4364e-13 +/- 19.439 % 6.2343e-23 +/- 19.439 %
  38 film              1.140     1.0000 4.4370e-13 +/- 16.715 % 6.2352e-23 +/- 16.715 %
  39 film              1.140     1.0000 4.7380e-13 +/- 17.576 % 6.6581e-23 +/- 17.576 %
 324 graphite          2.000     1.0000 1.6061e-08 +/- 0.147  % 1.2865e-18 +/- 0.147  %
 325 graphite          2.000     1.0000 1.1981e-11 +/- 3.797  % 9.5965e-22 +/- 3.797  %
 326 graphite          2.000     1.0000 1.6044e-08 +/- 0.147  % 1.2851e-18 +/- 0.147  %
 327 molybdenum       10.220     1.0000 9.6174e-09 +/- 0.186  % 1.5075e-19 +/- 0.186  %
 328 molybdenum       10.220     1.0000 1.2192e-11 +/- 5.302  % 1.9110e-22 +/- 5.302  %
 329 molybdenum       10.220     1.0000 9.6350e-09 +/- 0.186  % 1.5103e-19 +/- 0.186  %
 330 molybdenum       10.220     1.0000 1.5021e-07 +/- 0.047  % 2.3545e-18 +/- 0.047  %
 331 molybdenum       10.220     1.0000 1.0295e-06 +/- 0.018  % 1.6137e-17 +/- 0.018  %
 332 molybdenum       10.220     1.0000 1.5021e-07 +/- 0.047  % 2.3546e-18 +/- 0.047  %
 333 graphite          2.000     1.0000 2.2266e-07 +/- 0.040  % 1.7835e-17 +/- 0.040  %
 334 graphite          2.000     1.0000 8.3157e-10 +/- 0.427  % 6.6608e-20 +/- 0.427  %
 335 graphite          2.000     1.0000 2.2247e-07 +/- 0.040  % 1.7820e-17 +/- 0.040  %
 336 molybdenum       10.220     1.0000 1.4796e-07 +/- 0.048  % 2.3192e-18 +/- 0.048  %
 337 molybdenum       10.220     1.0000 3.6491e-08 +/- 0.109  % 5.7201e-19 +/- 0.109  %
 338 molybdenum       10.220     1.0000 1.4804e-07 +/- 0.048  % 2.3206e-18 +/- 0.048  %
 339 molybdenum       10.220     1.0000 1.7229e-06 +/- 0.014  % 2.7006e-17 +/- 0.014  %
 340 target_material  19.386     1.0000 6.0029e-02 +/- 0.000  % 4.9606e-13 +/- 0.000  %
 341 molybdenum       10.220     1.0000 1.7229e-06 +/- 0.014  % 2.7007e-17 +/- 0.014  %
 342 graphite          2.000     1.0000 3.2229e-07 +/- 0.033  % 2.5815e-17 +/- 0.033  %
 343 graphite          2.000     1.0000 1.6329e-06 +/- 0.015  % 1.3079e-16 +/- 0.015  %
 344 graphite          2.000     1.0000 3.2206e-07 +/- 0.033  % 2.5797e-17 +/- 0.033  %
 345 molybdenum       10.220     1.0000 2.6110e-07 +/- 0.035  % 4.0927e-18 +/- 0.035  %
 346 molybdenum       10.220     1.0000 1.3008e-06 +/- 0.016  % 2.0389e-17 +/- 0.016  %
 347 molybdenum       10.220     1.0000 2.6131e-07 +/- 0.035  % 4.0961e-18 +/- 0.035  %
 348 molybdenum       10.220     1.0000 4.4280e-07 +/- 0.028  % 6.9410e-18 +/- 0.028  %
 349 molybdenum       10.220     1.0000 2.7692e-06 +/- 0.011  % 4.3408e-17 +/- 0.011  %
 350 molybdenum       10.220     1.0000 4.4261e-07 +/- 0.028  % 6.9380e-18 +/- 0.028  %
 351 (null)            0.000     1.0000 1.5231e-08 +/- 0.021  %        inf +/- 0.021  %
 353 beryllium         1.848     1.0000 3.0333e-03 +/- 0.000  % 2.6295e-13 +/- 0.000  %
 354 steel             8.060     1.0000 1.5938e-03 +/- 0.001  % 3.1679e-14 +/- 0.001  %
 355 oil               0.891     1.0000 3.0539e-06 +/- 0.005  % 5.4908e-16 +/- 0.005  %
 356 steel             8.060     1.0000 6.6346e-06 +/- 0.007  % 1.3187e-16 +/- 0.007  %
 357 aluminum          2.710     1.0000 5.5290e-06 +/- 0.006  % 3.2685e-16 +/- 0.006  %
 378 air               0.001     1.0000 2.3313e-09 +/- 0.248  % 3.0999e-16 +/- 0.248  %
 390 pb               11.350     1.0000 5.1878e-06 +/- 0.008  % 7.3224e-17 +/- 0.008  %
 391 aluminum          2.710     1.0000 2.4278e-09 +/- 0.368  % 1.4352e-19 +/- 0.368  %
 393 air               0.001     1.0000 3.6526e-10 +/- 0.548  % 4.8568e-17 +/- 0.548  %
 394 pb               11.350     1.0000 4.0949e-08 +/- 0.095  % 5.7798e-19 +/- 0.095  %
 395 aluminum          2.710     1.0000 1.0372e-09 +/- 0.606  % 6.1315e-20 +/- 0.606  %
 396 air               0.001     1.0000 5.3510e-10 +/- 0.470  % 7.1152e-17 +/- 0.470  %
 397 pb               11.350     1.0000 7.3419e-08 +/- 0.069  % 1.0363e-18 +/- 0.069  %
 398 aluminum          2.710     1.0000 1.2052e-10 +/- 1.599  % 7.1246e-21 +/- 1.599  %
 399 air               0.001     1.0000 1.1245e-10 +/- 0.718  % 1.4952e-17 +/- 0.718  %
 400 pb               11.350     1.0000 1.7419e-08 +/- 0.142  % 2.4586e-19 +/- 0.142  %
 405 pb               11.350     1.0000 1.1623e-06 +/- 0.018  % 1.6405e-17 +/- 0.018  %
 406 air               0.001     1.0000 7.3445e-10 +/- 0.354  % 9.7660e-17 +/- 0.354  %
 407 pb               11.350     1.0000 1.9993e-06 +/- 0.013  % 2.8219e-17 +/- 0.013  %
 408 steel             8.060     1.0000 1.5661e-08 +/- 0.147  % 3.1128e-19 +/- 0.147  %
 409 air               0.001     1.0000 3.5549e-10 +/- 0.452  % 4.7269e-17 +/- 0.452  %
 410 steel             8.060     1.0000 1.6137e-08 +/- 0.144  % 3.2073e-19 +/- 0.144  %
 414 pb               11.350     1.0000 4.6608e-07 +/- 0.028  % 6.5785e-18 +/- 0.028  %
 415 air               0.001     1.0000 2.1796e-10 +/- 0.654  % 2.8982e-17 +/- 0.654  %
 416 pb               11.350     1.0000 4.6599e-07 +/- 0.028  % 6.5773e-18 +/- 0.028  %
 417 steel             8.060     1.0000 5.6769e-09 +/- 0.240  % 1.1283e-19 +/- 0.240  %
 418 air               0.001     1.0000 9.8310e-11 +/- 0.864  % 1.3072e-17 +/- 0.864  %
 419 steel             8.060     1.0000 5.6936e-09 +/- 0.240  % 1.1317e-19 +/- 0.240  %
 423 steel             8.060     1.0000 1.4872e-11 +/- 5.138  % 2.9559e-22 +/- 5.138  %
 424 steel             8.060     1.0000 3.8108e-10 +/- 0.955  % 7.5744e-21 +/- 0.955  %
 425 steel             8.060     1.0000 1.5058e-11 +/- 5.086  % 2.9928e-22 +/- 5.086  %
 426 steel             8.060     1.0000 5.3274e-08 +/- 0.081  % 1.0589e-18 +/- 0.081  %
 427 air               0.001     1.0000 8.1311e-10 +/- 0.357  % 1.0812e-16 +/- 0.357  %
 428 steel             8.060     1.0000 5.3312e-08 +/- 0.081  % 1.0596e-18 +/- 0.081  %
 429 steel             8.060     1.0000 1.6417e-11 +/- 4.900  % 3.2629e-22 +/- 4.900  %
 430 steel             8.060     1.0000 3.7902e-10 +/- 0.957  % 7.5334e-21 +/- 0.957  %
 431 steel             8.060     1.0000 1.6604e-11 +/- 4.958  % 3.3003e-22 +/- 4.958  %
 432 air               0.001     1.0000 7.5385e-09 +/- 0.167  % 1.0024e-15 +/- 0.167  %
 540 air               0.001     1.0000 4.4353e-09 +/- 0.151  % 5.8975e-16 +/- 0.151  %
 648 polystyrene       1.060     1.0000 5.2280e-07 +/- 0.024  % 7.9012e-17 +/- 0.024  %
 972 air               0.001     1.0000 6.3038e-09 +/- 0.178  % 8.3821e-16 +/- 0.178  %
---------------------------------------------------------------------------------------

 EGS_DoseScoring: Writing dose data for EGS_XYZGeometry profilex... 
 Output file name: /home/rsmina/EGSnrc/egs_home/TB/profilexFilm.3ddose

======================================================


================================================================================
Finished simulation

  Elapsed time:                    6.7 s (  0.002 h)
  CPU time:                        4.7 s (  0.001 h)
  Ratio:                          1.428


End of run                                             Mon Apr 24 19:58:20 2023
================================================================================
finishSimulation(TB) 0
