In EGS_Application::initSimulation()
 phsp size = 3325640830
================================================================================
EGSnrc version 4 for x86_64-unknown-linux-gnu          Tue Jan  3 19:13:14 2023
================================================================================
configuration..................................................linux
user code......................................................TB
pegs file......................................................
using host.....................................................narvi.cc.tut.fi
input file.....................................................fanfreePhspStyrox
output file(s).................................................fanfreePhspStyrox
================================================================================

               ***************************************************
               *                                                 *
               *                  TB                       *
               *                                                 *
               ***************************************************

This is TB   based on
      EGS_AdvancedApplication  

In initCrossSections(): spin effects = 1
Property Photon cross-sections output: 0
Property Photonuclear attenuation: 1
Property Bound Compton scattering: 1
Property Radiative Compton corrections: 1
Property Rayleigh scattering: 1
Property Atomic relaxations: 1
Property Photoelectron angular sampling: 1
Property Spin effects: 1
Property Triplet production: 1
Property Brems cross sections: 2
Property Brems angular sampling: 1
Property Pair cross sections: 1
Property Pair angular sampling: 2
Property Electron-step algorithm: 2
Property Boundary crossing algorithm: 0
 ===> Photonuclear flag:   1
 RAYLEIGH OPTION REQUESTED FOR MEDIUM NUMBER  1

 RAYLEIGH OPTION REQUESTED FOR MEDIUM NUMBER  2

 RAYLEIGH OPTION REQUESTED FOR MEDIUM NUMBER  3

 RAYLEIGH OPTION REQUESTED FOR MEDIUM NUMBER  4

 RAYLEIGH OPTION REQUESTED FOR MEDIUM NUMBER  5

 RAYLEIGH OPTION REQUESTED FOR MEDIUM NUMBER  6

 RAYLEIGH OPTION REQUESTED FOR MEDIUM NUMBER  7

 PHOTONUCLEAR REQUESTED FOR MEDIUM NUMBER  1

 PHOTONUCLEAR REQUESTED FOR MEDIUM NUMBER  2

 PHOTONUCLEAR REQUESTED FOR MEDIUM NUMBER  3

 PHOTONUCLEAR REQUESTED FOR MEDIUM NUMBER  4

 PHOTONUCLEAR REQUESTED FOR MEDIUM NUMBER  5

 PHOTONUCLEAR REQUESTED FOR MEDIUM NUMBER  6

 PHOTONUCLEAR REQUESTED FOR MEDIUM NUMBER  7

  PEGSLESS INPUT.  CALCULATING ELECTRON CROSS-SECTIONS.
  density_file lead                                                                                                                                                                                                                                                            
  density_file steel_stainless_type302                                                                                                                                                                                                                                         
  density_file air_dry_nearsealevel                                                                                                                                                                                                                                            
  density_file titanium                                                                                                                                                                                                                                                        
  density_file polycarbonate__makrolon___lexan_                                                                                                                                                                                                                                
  density_file polystyrene                                                                                                                                                                                                                                                     
  density_file water_icru90                                                                                                                                                                                                                                                    

  Medium data: 

 AE =    5.12000E-01 MeV,  UE =    1.51100E+00 MeV
 AP =    1.00000E-03 MeV,  UP =    1.00000E+00 MeV

  No material data file supplied.  Material data obtained from
  .egsinp file or density correction file.

   Medium: pb                      
 Sterncid: pb                      
     rho:    1.13500E+01 g/cm^3
 Elements: PB  
    rhoz:    1.00000E+00
      pz:    4.82649E-03
  iunrst:     0
  iaprim:     1
    gasp:    0.00000E+00 atm.
  density correction file: /home/rsmina/EGSnrc/HEN_HOUSE/pegs4/density_corrections/elements/lead.density

   Medium: steel                   
 Sterncid: steel                   
     rho:    8.06000E+00 g/cm^3
 Elements: C   SI  CR  MN  FE  NI  
    rhoz:    1.00000E-03   7.00000E-03   1.80000E-01   1.00000E-02   7.12000E-01   9.00000E-02
      pz:    8.32560E-05   2.49217E-04   3.46167E-03   1.82023E-04   1.27491E-02   1.53296E-03
  iunrst:     0
  iaprim:     1
    gasp:    0.00000E+00 atm.
  density correction file: /home/rsmina/EGSnrc/HEN_HOUSE/pegs4/density_corrections/compounds/steel_stainless_type302.density

   Medium: air                     
 Sterncid: air                     
     rho:    1.20479E-03 g/cm^3
 Elements: C   N   O   AR  
    rhoz:    1.24000E-04   7.55267E-01   2.31781E-01   1.28270E-02
      pz:    1.03237E-05   5.39218E-02   1.44869E-02   3.21092E-04
  iunrst:     0
  iaprim:     1
    gasp:    0.00000E+00 atm.
  density correction file: /home/rsmina/EGSnrc/HEN_HOUSE/pegs4/density_corrections/compounds/air_dry_nearsealevel.density

   Medium: titanium                
 Sterncid: titanium                
     rho:    4.54000E+00 g/cm^3
 Elements: TI  
    rhoz:    1.00000E+00
      pz:    2.08768E-02
  iunrst:     0
  iaprim:     1
    gasp:    0.00000E+00 atm.
  density correction file: /home/rsmina/EGSnrc/HEN_HOUSE/pegs4/density_corrections/elements/titanium.density

   Medium: carbonate               
 Sterncid: carbonate               
     rho:    1.20000E+00 g/cm^3
 Elements: H   C   O   
    rhoz:    5.54910E-02   7.55751E-01   1.88758E-01
      pz:    5.50522E-02   6.29208E-02   1.17978E-02
  iunrst:     0
  iaprim:     1
    gasp:    0.00000E+00 atm.
  density correction file: /home/rsmina/EGSnrc/HEN_HOUSE/pegs4/density_corrections/compounds/polycarbonate__makrolon___lexan_.density

   Medium: polystyrene             
 Sterncid: polystyrene             
     rho:    1.06000E+00 g/cm^3
 Elements: H   C   
    rhoz:    7.74180E-02   9.22582E-01
      pz:    7.68059E-02   7.68105E-02
  iunrst:     0
  iaprim:     1
    gasp:    0.00000E+00 atm.
  density correction file: /home/rsmina/EGSnrc/HEN_HOUSE/pegs4/density_corrections/compounds/polystyrene.density

   Medium: water                   
 Sterncid: water                   
     rho:    9.98000E-01 g/cm^3
 Elements: H   O   
    rhoz:    1.11894E-01   8.88106E-01
      pz:    1.11009E-01   5.55087E-02
  iunrst:     0
  iaprim:     1
    gasp:    0.00000E+00 atm.
  density correction file: /home/rsmina/EGSnrc/HEN_HOUSE/pegs4/density_corrections/compounds/water_icru90.density


(Re)-initializing photon cross sections with files from the series: xcom

 Compton cross sections: default
 Photonuclear cross sections: default
 Using Compton cross sections from /home/rsmina/EGSnrc/HEN_HOUSE/data/compton_sigma.data
 Using photonuclear cross sections from /home/rsmina/EGSnrc/HEN_HOUSE/data/iaea_photonuc.data

 Reading renormalized photoelectric cross sections ...... done

 Working on medium   1 ... 
  ->  100 atomic ff values computed!
      preparing data for Rayleigh sampling ... done

OK
 Working on medium   2 ... 
  ->  100 atomic ff values computed!
      preparing data for Rayleigh sampling ... done

OK
 Working on medium   3 ... 
  ->  100 atomic ff values computed!
      preparing data for Rayleigh sampling ... done

OK
 Working on medium   4 ... 
  ->  100 atomic ff values computed!
      preparing data for Rayleigh sampling ... done

OK
 Working on medium   5 ... 
  ->  100 atomic ff values computed!
      preparing data for Rayleigh sampling ... done

OK
 Working on medium   6 ... 
  ->  100 atomic ff values computed!
      preparing data for Rayleigh sampling ... done

OK
 Working on medium   7 ... 
  ->  100 atomic ff values computed!
      preparing data for Rayleigh sampling ... done

OK

Reading screened Rutherford MS data ...............  done 


Reading spin data base from /home/rsmina/EGSnrc/HEN_HOUSE/data/spinms.data
EGSnrc spin data, version 2.0   
Data generated on a machine with 1234 endianess
The endianess of this CPU is 1234
Ranges:      1.00   100.00  0.30054  1.00000


  medium    1 .....................  done
  medium    2 .....................  done
  medium    3 .....................  done
  medium    4 .....................  done
  medium    5 .....................  done
  medium    6 .....................  done
  medium    7 .....................  done
  
  Medium            1  sige =    172.75604562338430        235.60337980532134       monotone =  F F
  Medium            2  sige =    123.18338032147462        151.05228366131078       monotone =  F F
  Medium            3  sige =    89.591859601344183        103.21541676401796       monotone =  F F
  Medium            4  sige =    112.76898329888181        135.76033158188804       monotone =  F F
  Medium            5  sige =    86.836083862407349        99.513199841636677       monotone =  F F
  Medium            6  sige =    85.799574936291847        98.126563048670249       monotone =  F F
  Medium            7  sige =    87.939904387337236        100.98937333497683       monotone =  F F
  
  Initializing tmxs for estepe =   0.25000000000000000       and ximax =   0.50000000000000000     
  
  
 Radiative Compton corrections requested:
    Reading radiative Compton data ...  OK
    Modifying cross sections and branching ratios ... OK

Bound Compton scattering requested, reading data ......  Done

 Initializing Bound Compton scattering ......
 Medium   1 has  23 shells: 
   1 1054   1  0.02439 0.121E+01    88.004
   2 1055   2  0.02439 0.430E+01    15.861
   3 1056   3  0.02439 0.210E+01    15.200
   4 1057   4  0.04878 0.238E+01    13.035
   5 1058   5  0.02439 0.944E+01     3.851
   6 1059   6  0.02439 0.552E+01     3.554
   7 1060   7  0.04878 0.600E+01     3.066
   8 1061   8  0.04878 0.388E+01     2.586
   9 1062   9  0.07317 0.397E+01     2.484
  10 1063  10  0.02439 0.193E+02     0.894
  11 1064  11  0.02439 0.121E+02     0.764
  12 1065  12  0.04878 0.131E+02     0.645
  13 1066  13  0.04878 0.984E+01     0.434
  14 1067  14  0.07317 0.101E+02     0.412
  15 1068  15  0.02439 0.445E+02     0.148
  16 1069  16  0.02439 0.295E+02     0.105
  17 1070  17  0.04878 0.325E+02     0.086
  18 1071  18  0.07317 0.830E+01     0.141
  19 1072  19  0.09756 0.841E+01     0.136
  20 1073  20  0.04878 0.303E+02     0.020
  21 1074  21  0.07317 0.311E+02     0.018
  22 1075  22  0.02439 0.142E+03     0.007
  23 1076  23  0.02439 0.111E+03     0.007
 Medium   2 has  45 shells: 
   1   10   1  0.00036 0.210E+02     0.285
   2   11   2  0.00036 0.110E+03     0.011
   3   12   3  0.00036 0.669E+02     0.011
   4   45   1  0.00107 0.870E+01     1.839
   5   46   2  0.00107 0.377E+02     0.149
   6   47   3  0.00107 0.204E+02     0.100
   7   48   4  0.00214 0.204E+02     0.099
   8   49   5  0.00107 0.142E+03     0.008
   9   50   6  0.00107 0.102E+03     0.008
  10  120   1  0.01486 0.500E+01     5.989
  11  121   2  0.01486 0.192E+02     0.698
  12  122   3  0.01486 0.981E+01     0.585
  13  123   4  0.02971 0.981E+01     0.576
  14  124   5  0.01486 0.545E+02     0.075
  15  125   6  0.01486 0.347E+02     0.043
  16  126   7  0.02971 0.347E+02     0.043
  17  127   8  0.02971 0.721E+02     0.007
  18  128   9  0.01486 0.721E+02     0.007
  19  129   1  0.00078 0.480E+01     6.539
  20  130   2  0.00078 0.182E+02     0.769
  21  131   3  0.00078 0.933E+01     0.651
  22  132   4  0.00156 0.933E+01     0.639
  23  133   5  0.00078 0.511E+02     0.082
  24  134   6  0.00078 0.322E+02     0.047
  25  135   7  0.00156 0.322E+02     0.047
  26  136   8  0.00156 0.833E+02     0.007
  27  137   9  0.00117 0.833E+02     0.007
  28  138   1  0.05471 0.460E+01     7.112
  29  139   2  0.05471 0.174E+02     0.848
  30  140   3  0.05471 0.891E+01     0.721
  31  141   4  0.10943 0.891E+01     0.708
  32  142   5  0.05471 0.486E+02     0.092
  33  143   6  0.05471 0.306E+02     0.053
  34  144   7  0.10943 0.306E+02     0.053
  35  145   8  0.10943 0.737E+02     0.008
  36  146   9  0.10943 0.737E+02     0.008
  37  156   1  0.00658 0.426E+01     8.333
  38  157   2  0.00658 0.160E+02     1.008
  39  158   3  0.00658 0.815E+01     0.871
  40  159   4  0.01316 0.815E+01     0.854
  41  160   5  0.00658 0.445E+02     0.111
  42  161   6  0.00658 0.277E+02     0.067
  43  162   7  0.01316 0.277E+02     0.067
  44  163   8  0.01316 0.599E+02     0.008
  45  164   9  0.01974 0.599E+02     0.008
 Medium   3 has  18 shells: 
   1   10   1  0.00004 0.210E+02     0.285
   2   11   2  0.00004 0.110E+03     0.011
   3   12   3  0.00004 0.669E+02     0.011
   4   13   1  0.21604 0.178E+02     0.410
   5   14   2  0.21604 0.921E+02     0.015
   6   15   3  0.21604 0.558E+02     0.014
   7   16   4  0.10802 0.558E+02     0.014
   8   17   1  0.05804 0.155E+02     0.543
   9   18   2  0.05804 0.793E+02     0.024
  10   19   3  0.05804 0.479E+02     0.014
  11   20   4  0.05804 0.479E+02     0.014
  12   72   1  0.00129 0.671E+01     3.203
  13   73   2  0.00129 0.271E+02     0.326
  14   74   3  0.00129 0.142E+02     0.251
  15   75   4  0.00257 0.142E+02     0.249
  16   76   5  0.00129 0.889E+02     0.029
  17   77   6  0.00129 0.606E+02     0.016
  18   78   7  0.00257 0.606E+02     0.016
 Medium   4 has   8 shells: 
   1  103   1  0.09091 0.547E+01     4.966
   2  104   2  0.09091 0.212E+02     0.561
   3  105   3  0.09091 0.109E+02     0.461
   4  106   4  0.18182 0.109E+02     0.455
   5  107   5  0.09091 0.604E+02     0.058
   6  108   6  0.09091 0.386E+02     0.033
   7  109   7  0.18182 0.386E+02     0.033
   8  110   8  0.18182 0.140E+03     0.007
 Medium   5 has   8 shells: 
   1    1   1  0.10447 0.116E+03     0.014
   2   10   1  0.23881 0.210E+02     0.285
   3   11   2  0.23881 0.110E+03     0.011
   4   12   3  0.23881 0.669E+02     0.011
   5   17   1  0.04478 0.155E+02     0.543
   6   18   2  0.04478 0.793E+02     0.024
   7   19   3  0.04478 0.479E+02     0.014
   8   20   4  0.04478 0.479E+02     0.014
 Medium   6 has   4 shells: 
   1    1   1  0.14285 0.116E+03     0.014
   2   10   1  0.28572 0.210E+02     0.285
   3   11   2  0.28572 0.110E+03     0.011
   4   12   3  0.28572 0.669E+02     0.011
 Medium   7 has   5 shells: 
   1    1   1  0.19999 0.116E+03     0.014
   2   17   1  0.20000 0.155E+02     0.543
   3   18   2  0.20000 0.793E+02     0.024
   4   19   3  0.20000 0.479E+02     0.014
   5   20   4  0.20000 0.479E+02     0.014
 ...... Done.

Output from subroutine EDGSET:
==============================
 Atomic relaxations requested! 

 Reading simplified photo-absorption data ..... Done

 Reading simplified relaxation data ..... Done

 Reading parametrized XCOM photo cross section data ..... Done

 Reading EADL relaxation data ......
  Z =  82 has 24 shells
  Z =   6 has  4 shells
  Z =  14 has  7 shells
  Z =  24 has 10 shells
  Z =  25 has 10 shells
  Z =  26 has 10 shells
  Z =  28 has 10 shells
  Z =   7 has  4 shells
  Z =   8 has  4 shells
  Z =  18 has  7 shells
  Z =  22 has 10 shells
  Z =   1 has  1 shells
 ...... Done.

  
 Using NRC brems cross sections! 
  
  Initializing brems data for medium            1 ...
  Max. new cross sections per energy loss:    172.71375768187906        235.60728196646150     
  Initializing brems data for medium            2 ...
  Max. new cross sections per energy loss:    123.18746932258490        151.05333992476235     
  Initializing brems data for medium            3 ...
  Max. new cross sections per energy loss:    89.603753795943703        103.21767115908033     
  Initializing brems data for medium            4 ...
  Max. new cross sections per energy loss:    112.77539527104179        135.76228950899880     
  Initializing brems data for medium            5 ...
  Max. new cross sections per energy loss:    86.846628823912425        99.515203635775620     
  Initializing brems data for medium            6 ...
  Max. new cross sections per energy loss:    85.809486150447540        98.128639733994149     
  Initializing brems data for medium            7 ...
  Max. new cross sections per energy loss:    87.950316993311802        100.99125248516133     
  
  


Reading NRC pair data base from /home/rsmina/EGSnrc/HEN_HOUSE/data/pair_nrc1.data
Data generated on a machine with 1234 endianess
The endianess of this CPU is 1234
Energy range of the data:     2.010  168.603
  medium    1 .....................  done
  medium    2 .....................  done
  medium    3 .....................  done
  medium    4 .....................  done
  medium    5 .....................  done
  medium    6 .....................  done
  medium    7 .....................  done
  
  
 eii_init: minimum threshold energy found:    1.0000000000000000E-003
 eii_init: number of shells to simulate EII:           12


Opened EII data file /home/rsmina/EGSnrc/HEN_HOUSE/data/eii_ik.data
 eii_init: reading EII data ...   OK 
  
 eii_init: for medium            1  adjusted sige =    172.18788716669485       monotone =  F
 eii_init: for medium            2  adjusted sige =    114.81674165871627       monotone =  F
 eii_init: for medium            3  adjusted sige =    89.567863404624333       monotone =  F
 eii_init: for medium            4  adjusted sige =    105.10802570576762       monotone =  F
 init_triplet: reading triplet data ...  OK
   Preparing triplet fraction data for medium   1 ...  OK
   Preparing triplet fraction data for medium   2 ...  OK
   Preparing triplet fraction data for medium   3 ...  OK
   Preparing triplet fraction data for medium   4 ...  OK
   Preparing triplet fraction data for medium   5 ...  OK
   Preparing triplet fraction data for medium   6 ...  OK
   Preparing triplet fraction data for medium   7 ...  OK
EGSnrc SUCCESSFULLY 'HATCHED' FOR     7 MEDIA.


The following media are defined:
================================

  0  pb                       AE= 0.5120 AP= 0.0010 0
  1  steel                    AE= 0.5120 AP= 0.0010 1
  2  air                      AE= 0.5120 AP= 0.0010 2
  3  titanium                 AE= 0.5120 AP= 0.0010 3
  4  carbonate                AE= 0.5120 AP= 0.0010 4
  5  polystyrene              AE= 0.5120 AP= 0.0010 5
  6  water                    AE= 0.5120 AP= 0.0010 6


Transport parameter and cross section options:
==============================================
Photon cross sections                             mcdf-xcom       
Compton cross sections                            default         
Global Pcut                                       0.001
Pair cross sections                               NRC
Pair angular sampling                             KM
Triplet production                                On
Bound Compton scattering                          On
Radiative Compton corrections                     On
Rayleigh scattering                               On
Atomic relaxations                                eadl
Photoelectron angular sampling                    On
Photonuclear attenuation                          On
Photonuclear cross sections                       default         

Global Ecut                                       0.512
Brems cross sections                              NRC
Brems angular sampling                            KM
Spin effects                                      On
Electron Impact Ionization                        ik              
Global Smax                                       1e+10
ESTEPE                                            0.25
Ximax                                             0.5
Boundary crossing algorithm                       Exact
Skin depth for BCA                                3
Electron-step algorithm                           EGSnrc
==============================================

initScoring(): you must provide both, 'regions' and 'bins' input


======================== geometry =====================
 type = EGS_UnionGeometry
 name = obi_system
 number of regions = 648
 geometries:
   profilex (type EGS_XYZGeometry)
   obi (type EGS_UnionGeometry)
   styrox (type EGS_XYZGeometry)
   air_prim_to_detector (type EGS_XYZGeometry)
=======================================================


The simulation uses the following source:
=========================================
 IAEA phase space source from sourcePhspEllipseOilChanged.1


Random number generator:
============================================
  type                = ranmar
  high resolution     = no
  initial seeds       = 33 97
  numbers used so far = 0


Run Control Object (RCO):
=========================
  type = simple


The following ausgab objects are included in the simulation
===========================================================


===========================================
Radiative splitting Object (splitting)
===========================================

 - Splitting radiative events in 1000


===========================================


*******************************************
Dose Scoring Object (profilexFilm)
*******************************************

 - Regions in dose calculator :648


--------------------------------------
medium       rho/[g/cm**3]
--------------------------------------
pb          11.35
steel        8.06
air          0.00
titanium     4.54
carbonate    1.20
polystyrene  1.06
water        1.00
--------------------------------------

*******************************************


 Will output dose to file:
 EGS_XYZGeometry: profilex
 file format:  3ddose
 file name: /home/rsmina/EGSnrc/egs_home/TB/profilexFilm.3ddose



Combine results only

calling combineResults()

                      Suming the following .egsdat files:
=======================================================================
 1 fanfreePhspStyrox_w1.egsdat    ncase=3135888        cpu=40301.70   
 2 fanfreePhspStyrox_w2.egsdat    ncase=3191886        cpu=40775.70   
 3 fanfreePhspStyrox_w3.egsdat    ncase=3303882        cpu=40360.40   
 4 fanfreePhspStyrox_w4.egsdat    ncase=3191886        cpu=40633.50   
 5 fanfreePhspStyrox_w5.egsdat    ncase=3471876        cpu=40605.90   
 6 fanfreePhspStyrox_w6.egsdat    ncase=3415878        cpu=41036.80   
 7 fanfreePhspStyrox_w7.egsdat    ncase=3527874        cpu=40994.30   
 8 fanfreePhspStyrox_w8.egsdat    ncase=3415878        cpu=40655.00   
 9 fanfreePhspStyrox_w9.egsdat    ncase=3303882        cpu=40947.20   
10 fanfreePhspStyrox_w10.egsdat   ncase=2967894        cpu=40718.10   
11 fanfreePhspStyrox_w11.egsdat   ncase=3023892        cpu=41749.00   
12 fanfreePhspStyrox_w12.egsdat   ncase=2911896        cpu=40536.10   
13 fanfreePhspStyrox_w13.egsdat   ncase=3303882        cpu=40908.10   
14 fanfreePhspStyrox_w14.egsdat   ncase=3415878        cpu=40757.80   
15 fanfreePhspStyrox_w15.egsdat   ncase=3023892        cpu=40653.30   
16 fanfreePhspStyrox_w16.egsdat   ncase=3079890        cpu=40653.80   
17 fanfreePhspStyrox_w17.egsdat   ncase=3303882        cpu=40783.10   
18 fanfreePhspStyrox_w18.egsdat   ncase=2631906        cpu=41491.70   
19 fanfreePhspStyrox_w19.egsdat   ncase=3415878        cpu=40457.10   
20 fanfreePhspStyrox_w20.egsdat   ncase=3527874        cpu=40384.10   
21 fanfreePhspStyrox_w21.egsdat   ncase=3023892        cpu=40633.90   
22 fanfreePhspStyrox_w22.egsdat   ncase=3079890        cpu=40326.80   
23 fanfreePhspStyrox_w23.egsdat   ncase=3023892        cpu=40569.50   
24 fanfreePhspStyrox_w24.egsdat   ncase=3135888        cpu=40914.60   
25 fanfreePhspStyrox_w25.egsdat   ncase=3527874        cpu=41165.80   
26 fanfreePhspStyrox_w26.egsdat   ncase=3135888        cpu=40837.50   
27 fanfreePhspStyrox_w27.egsdat   ncase=2911896        cpu=40740.30   
28 fanfreePhspStyrox_w28.egsdat   ncase=3023892        cpu=41101.80   
29 fanfreePhspStyrox_w31.egsdat   ncase=4143852        cpu=40494.10   
30 fanfreePhspStyrox_w32.egsdat   ncase=3191886        cpu=40547.20   
31 fanfreePhspStyrox_w33.egsdat   ncase=3023892        cpu=40273.70   
32 fanfreePhspStyrox_w34.egsdat   ncase=2967894        cpu=40854.00   
33 fanfreePhspStyrox_w35.egsdat   ncase=3191886        cpu=40965.80   
34 fanfreePhspStyrox_w36.egsdat   ncase=3023892        cpu=40287.20   
35 fanfreePhspStyrox_w37.egsdat   ncase=3023892        cpu=40810.30   
36 fanfreePhspStyrox_w38.egsdat   ncase=2967894        cpu=40428.00   
37 fanfreePhspStyrox_w39.egsdat   ncase=2295918        cpu=40326.30   
38 fanfreePhspStyrox_w40.egsdat   ncase=3135888        cpu=41220.60   
39 fanfreePhspStyrox_w41.egsdat   ncase=2631906        cpu=40792.60   
40 fanfreePhspStyrox_w42.egsdat   ncase=2911896        cpu=40337.40   
41 fanfreePhspStyrox_w43.egsdat   ncase=3471876        cpu=40341.10   
42 fanfreePhspStyrox_w44.egsdat   ncase=3079890        cpu=40466.00   
43 fanfreePhspStyrox_w45.egsdat   ncase=3247884        cpu=40311.00   
44 fanfreePhspStyrox_w46.egsdat   ncase=3303882        cpu=40697.20   
45 fanfreePhspStyrox_w47.egsdat   ncase=3583872        cpu=41722.80   
46 fanfreePhspStyrox_w48.egsdat   ncase=3527874        cpu=41291.40   
47 fanfreePhspStyrox_w49.egsdat   ncase=3079890        cpu=40269.40   
48 fanfreePhspStyrox_w50.egsdat   ncase=3863862        cpu=40493.10   
49 fanfreePhspStyrox_w51.egsdat   ncase=3303882        cpu=40554.60   
50 fanfreePhspStyrox_w52.egsdat   ncase=3191886        cpu=40661.30   
51 fanfreePhspStyrox_w53.egsdat   ncase=3583872        cpu=40453.80   
52 fanfreePhspStyrox_w54.egsdat   ncase=2967894        cpu=40631.40   
53 fanfreePhspStyrox_w55.egsdat   ncase=3695868        cpu=40355.60   
54 fanfreePhspStyrox_w56.egsdat   ncase=2911896        cpu=40400.50   
55 fanfreePhspStyrox_w57.egsdat   ncase=4143852        cpu=40523.20   
56 fanfreePhspStyrox_w58.egsdat   ncase=3303882        cpu=40293.00   
57 fanfreePhspStyrox_w59.egsdat   ncase=3303882        cpu=40512.40   
58 fanfreePhspStyrox_w60.egsdat   ncase=3247884        cpu=40713.50   
59 fanfreePhspStyrox_w61.egsdat   ncase=3583872        cpu=40451.40   
60 fanfreePhspStyrox_w62.egsdat   ncase=2631906        cpu=40585.80   
61 fanfreePhspStyrox_w63.egsdat   ncase=2967894        cpu=40771.30   
62 fanfreePhspStyrox_w64.egsdat   ncase=2855898        cpu=40294.70   
63 fanfreePhspStyrox_w65.egsdat   ncase=2519910        cpu=40506.20   
64 fanfreePhspStyrox_w66.egsdat   ncase=2407914        cpu=40596.40   
65 fanfreePhspStyrox_w67.egsdat   ncase=2799900        cpu=40695.70   
66 fanfreePhspStyrox_w68.egsdat   ncase=2631906        cpu=40394.60   
67 fanfreePhspStyrox_w69.egsdat   ncase=2351916        cpu=41419.10   
68 fanfreePhspStyrox_w70.egsdat   ncase=2575908        cpu=41124.60   
69 fanfreePhspStyrox_w71.egsdat   ncase=3191886        cpu=40630.70   
70 fanfreePhspStyrox_w72.egsdat   ncase=2911896        cpu=40483.40   
71 fanfreePhspStyrox_w73.egsdat   ncase=3247884        cpu=40592.70   
72 fanfreePhspStyrox_w74.egsdat   ncase=3303882        cpu=41113.90   
73 fanfreePhspStyrox_w75.egsdat   ncase=2855898        cpu=40332.60   
74 fanfreePhspStyrox_w76.egsdat   ncase=3415878        cpu=41045.60   
75 fanfreePhspStyrox_w77.egsdat   ncase=3191886        cpu=40333.90   
76 fanfreePhspStyrox_w78.egsdat   ncase=2687904        cpu=39795.10   
77 fanfreePhspStyrox_w79.egsdat   ncase=2687904        cpu=39739.20   
78 fanfreePhspStyrox_w80.egsdat   ncase=2911896        cpu=39115.40   
79 fanfreePhspStyrox_w81.egsdat   ncase=3247884        cpu=38574.40   
80 fanfreePhspStyrox_w82.egsdat   ncase=3191886        cpu=38320.60   
81 fanfreePhspStyrox_w83.egsdat   ncase=2911896        cpu=38425.00   
82 fanfreePhspStyrox_w84.egsdat   ncase=2911896        cpu=38719.40   
83 fanfreePhspStyrox_w85.egsdat   ncase=3751866        cpu=38667.90   
84 fanfreePhspStyrox_w86.egsdat   ncase=3023892        cpu=38563.30   
85 fanfreePhspStyrox_w87.egsdat   ncase=3191886        cpu=38997.80   
86 fanfreePhspStyrox_w88.egsdat   ncase=3247884        cpu=38710.10   
87 fanfreePhspStyrox_w89.egsdat   ncase=2575908        cpu=38357.00   
88 fanfreePhspStyrox_w90.egsdat   ncase=2687904        cpu=38441.00   
89 fanfreePhspStyrox_w91.egsdat   ncase=3359880        cpu=38430.60   
90 fanfreePhspStyrox_w92.egsdat   ncase=2631906        cpu=38551.00   
91 fanfreePhspStyrox_w93.egsdat   ncase=3191886        cpu=38527.20   
92 fanfreePhspStyrox_w94.egsdat   ncase=2799900        cpu=38845.90   
93 fanfreePhspStyrox_w95.egsdat   ncase=2631906        cpu=39177.30   
94 fanfreePhspStyrox_w96.egsdat   ncase=3135888        cpu=38835.20   
95 fanfreePhspStyrox_w97.egsdat   ncase=3079890        cpu=38414.20   
96 fanfreePhspStyrox_w98.egsdat   ncase=3415878        cpu=38896.80   
97 fanfreePhspStyrox_w99.egsdat   ncase=3359880        cpu=39100.60   
98 fanfreePhspStyrox_w100.egsdat  ncase=3415878        cpu=38882.30   
99 fanfreePhspStyrox_w101.egsdat  ncase=3023892        cpu=38332.30   
100 fanfreePhspStyrox_w102.egsdat  ncase=3247884        cpu=39332.70   
101 fanfreePhspStyrox_w103.egsdat  ncase=3303882        cpu=38368.30   
102 fanfreePhspStyrox_w104.egsdat  ncase=3135888        cpu=38460.50   
103 fanfreePhspStyrox_w105.egsdat  ncase=2687904        cpu=38727.00   
104 fanfreePhspStyrox_w106.egsdat  ncase=3023892        cpu=38657.00   
105 fanfreePhspStyrox_w107.egsdat  ncase=2855898        cpu=38948.70   
106 fanfreePhspStyrox_w108.egsdat  ncase=3247884        cpu=38386.00   
107 fanfreePhspStyrox_w109.egsdat  ncase=2631906        cpu=39874.30   
108 fanfreePhspStyrox_w110.egsdat  ncase=2183922        cpu=38617.10   
109 fanfreePhspStyrox_w111.egsdat  ncase=2855898        cpu=38803.30   
110 fanfreePhspStyrox_w112.egsdat  ncase=2911896        cpu=39606.80   
111 fanfreePhspStyrox_w113.egsdat  ncase=3415878        cpu=38833.80   
112 fanfreePhspStyrox_w114.egsdat  ncase=2967894        cpu=38290.80   
113 fanfreePhspStyrox_w115.egsdat  ncase=3527874        cpu=38423.60   
114 fanfreePhspStyrox_w116.egsdat  ncase=2743902        cpu=38805.00   
115 fanfreePhspStyrox_w117.egsdat  ncase=3191886        cpu=39018.90   
116 fanfreePhspStyrox_w118.egsdat  ncase=2855898        cpu=38299.40   
117 fanfreePhspStyrox_w119.egsdat  ncase=3135888        cpu=38545.10   
118 fanfreePhspStyrox_w120.egsdat  ncase=3023892        cpu=38843.70   
119 fanfreePhspStyrox_w121.egsdat  ncase=2687904        cpu=38562.10   
120 fanfreePhspStyrox_w122.egsdat  ncase=3191886        cpu=38375.80   
121 fanfreePhspStyrox_w123.egsdat  ncase=3247884        cpu=38761.20   
122 fanfreePhspStyrox_w124.egsdat  ncase=3191886        cpu=38408.20   
123 fanfreePhspStyrox_w125.egsdat  ncase=2519910        cpu=38259.70   
124 fanfreePhspStyrox_w126.egsdat  ncase=2687904        cpu=38385.80   
125 fanfreePhspStyrox_w127.egsdat  ncase=3303882        cpu=38671.40   
126 fanfreePhspStyrox_w128.egsdat  ncase=3807864        cpu=38236.70   
127 fanfreePhspStyrox_w129.egsdat  ncase=2519910        cpu=38478.30   
128 fanfreePhspStyrox_w130.egsdat  ncase=2743902        cpu=38696.10   
129 fanfreePhspStyrox_w131.egsdat  ncase=2687904        cpu=38576.10   
130 fanfreePhspStyrox_w132.egsdat  ncase=2967894        cpu=38403.50   
131 fanfreePhspStyrox_w133.egsdat  ncase=2575908        cpu=38235.10   
132 fanfreePhspStyrox_w134.egsdat  ncase=2967894        cpu=38336.40   
133 fanfreePhspStyrox_w135.egsdat  ncase=2855898        cpu=39327.60   
134 fanfreePhspStyrox_w136.egsdat  ncase=3303882        cpu=38689.00   
135 fanfreePhspStyrox_w137.egsdat  ncase=3191886        cpu=38256.70   
136 fanfreePhspStyrox_w138.egsdat  ncase=3415878        cpu=39146.60   
137 fanfreePhspStyrox_w139.egsdat  ncase=3303882        cpu=38826.50   
138 fanfreePhspStyrox_w140.egsdat  ncase=2631906        cpu=38337.80   
139 fanfreePhspStyrox_w141.egsdat  ncase=2799900        cpu=38592.20   
140 fanfreePhspStyrox_w142.egsdat  ncase=2855898        cpu=38418.90   
141 fanfreePhspStyrox_w143.egsdat  ncase=3303882        cpu=38547.70   
142 fanfreePhspStyrox_w144.egsdat  ncase=3191886        cpu=38783.70   
143 fanfreePhspStyrox_w145.egsdat  ncase=2967894        cpu=39381.80   
144 fanfreePhspStyrox_w146.egsdat  ncase=2295918        cpu=38255.20   
145 fanfreePhspStyrox_w147.egsdat  ncase=3359880        cpu=38605.30   
146 fanfreePhspStyrox_w148.egsdat  ncase=2519910        cpu=38353.40   
147 fanfreePhspStyrox_w149.egsdat  ncase=3023892        cpu=38323.80   
148 fanfreePhspStyrox_w150.egsdat  ncase=2799900        cpu=39446.30   
149 fanfreePhspStyrox_w151.egsdat  ncase=2743902        cpu=39376.70   
150 fanfreePhspStyrox_w152.egsdat  ncase=2631906        cpu=38919.20   
151 fanfreePhspStyrox_w153.egsdat  ncase=2799900        cpu=38359.30   
152 fanfreePhspStyrox_w154.egsdat  ncase=2463912        cpu=39055.90   
153 fanfreePhspStyrox_w155.egsdat  ncase=2519910        cpu=38730.50   
154 fanfreePhspStyrox_w156.egsdat  ncase=2687904        cpu=38404.40   
155 fanfreePhspStyrox_w157.egsdat  ncase=2575908        cpu=39005.40   
156 fanfreePhspStyrox_w158.egsdat  ncase=2799900        cpu=38890.00   
157 fanfreePhspStyrox_w159.egsdat  ncase=2575908        cpu=39081.20   
158 fanfreePhspStyrox_w160.egsdat  ncase=2463912        cpu=39391.40   
159 fanfreePhspStyrox_w161.egsdat  ncase=3079890        cpu=39001.50   
160 fanfreePhspStyrox_w162.egsdat  ncase=2463912        cpu=38381.00   
161 fanfreePhspStyrox_w163.egsdat  ncase=2575908        cpu=38607.20   
162 fanfreePhspStyrox_w164.egsdat  ncase=2799900        cpu=38456.40   
163 fanfreePhspStyrox_w165.egsdat  ncase=2743902        cpu=38621.60   
164 fanfreePhspStyrox_w166.egsdat  ncase=2911896        cpu=38724.10   
165 fanfreePhspStyrox_w167.egsdat  ncase=2799900        cpu=38516.20   
166 fanfreePhspStyrox_w168.egsdat  ncase=2463912        cpu=39058.50   
167 fanfreePhspStyrox_w169.egsdat  ncase=2743902        cpu=38685.90   
168 fanfreePhspStyrox_w170.egsdat  ncase=2519910        cpu=38446.40   
169 fanfreePhspStyrox_w171.egsdat  ncase=2799900        cpu=38399.30   
170 fanfreePhspStyrox_w172.egsdat  ncase=2911896        cpu=38974.50   
171 fanfreePhspStyrox_w173.egsdat  ncase=2687904        cpu=38566.60   
172 fanfreePhspStyrox_w174.egsdat  ncase=2743902        cpu=38366.90   
173 fanfreePhspStyrox_w175.egsdat  ncase=2631906        cpu=38970.70   
174 fanfreePhspStyrox_w176.egsdat  ncase=2743902        cpu=38301.70   
175 fanfreePhspStyrox_w177.egsdat  ncase=2631906        cpu=39267.30   
176 fanfreePhspStyrox_w178.egsdat  ncase=2631906        cpu=38673.40   
177 fanfreePhspStyrox_w179.egsdat  ncase=2631906        cpu=38319.30   
178 fanfreePhspStyrox_w180.egsdat  ncase=2519910        cpu=38455.70   
179 fanfreePhspStyrox_w181.egsdat  ncase=2575908        cpu=38586.90   
180 fanfreePhspStyrox_w182.egsdat  ncase=2295918        cpu=38612.90   
181 fanfreePhspStyrox_w183.egsdat  ncase=2519910        cpu=38993.50   
182 fanfreePhspStyrox_w184.egsdat  ncase=2295918        cpu=38968.60   
183 fanfreePhspStyrox_w185.egsdat  ncase=2519910        cpu=38734.20   
184 fanfreePhspStyrox_w186.egsdat  ncase=2631906        cpu=38462.60   
185 fanfreePhspStyrox_w187.egsdat  ncase=3303882        cpu=38293.30   
186 fanfreePhspStyrox_w188.egsdat  ncase=2799900        cpu=38977.40   
187 fanfreePhspStyrox_w189.egsdat  ncase=2911896        cpu=39055.00   
188 fanfreePhspStyrox_w190.egsdat  ncase=3135888        cpu=38509.10   
189 fanfreePhspStyrox_w191.egsdat  ncase=2687904        cpu=38583.10   
190 fanfreePhspStyrox_w192.egsdat  ncase=2631906        cpu=39358.40   
191 fanfreePhspStyrox_w193.egsdat  ncase=2575908        cpu=39090.80   
192 fanfreePhspStyrox_w194.egsdat  ncase=2407914        cpu=38626.80   
193 fanfreePhspStyrox_w195.egsdat  ncase=2631906        cpu=38930.40   
194 fanfreePhspStyrox_w196.egsdat  ncase=2463912        cpu=39289.10   
195 fanfreePhspStyrox_w197.egsdat  ncase=2743902        cpu=38568.10   
196 fanfreePhspStyrox_w198.egsdat  ncase=2911896        cpu=38488.10   
197 fanfreePhspStyrox_w199.egsdat  ncase=3079890        cpu=38803.30   
198 fanfreePhspStyrox_w200.egsdat  ncase=2631906        cpu=38815.90   
199 fanfreePhspStyrox_w201.egsdat  ncase=2687904        cpu=38605.50   
200 fanfreePhspStyrox_w202.egsdat  ncase=2799900        cpu=38298.50   
201 fanfreePhspStyrox_w203.egsdat  ncase=2239920        cpu=39118.50   
202 fanfreePhspStyrox_w204.egsdat  ncase=2743902        cpu=38941.20   
203 fanfreePhspStyrox_w205.egsdat  ncase=3135888        cpu=38471.00   
204 fanfreePhspStyrox_w206.egsdat  ncase=2799900        cpu=39209.20   
205 fanfreePhspStyrox_w207.egsdat  ncase=2743902        cpu=38574.30   
206 fanfreePhspStyrox_w208.egsdat  ncase=2519910        cpu=38607.20   
207 fanfreePhspStyrox_w209.egsdat  ncase=2127924        cpu=39220.60   
208 fanfreePhspStyrox_w210.egsdat  ncase=2743902        cpu=38536.70   
209 fanfreePhspStyrox_w211.egsdat  ncase=2687904        cpu=38888.30   
210 fanfreePhspStyrox_w212.egsdat  ncase=2911896        cpu=38670.10   
211 fanfreePhspStyrox_w213.egsdat  ncase=2799900        cpu=38893.70   
212 fanfreePhspStyrox_w214.egsdat  ncase=2519910        cpu=38608.80   
213 fanfreePhspStyrox_w215.egsdat  ncase=2183922        cpu=38934.00   
214 fanfreePhspStyrox_w216.egsdat  ncase=2463912        cpu=38618.40   
215 fanfreePhspStyrox_w217.egsdat  ncase=2407914        cpu=38401.60   
216 fanfreePhspStyrox_w218.egsdat  ncase=2855898        cpu=39269.70   
217 fanfreePhspStyrox_w219.egsdat  ncase=2575908        cpu=39008.90   
218 fanfreePhspStyrox_w220.egsdat  ncase=2407914        cpu=38714.00   
219 fanfreePhspStyrox_w221.egsdat  ncase=2687904        cpu=38985.70   
220 fanfreePhspStyrox_w222.egsdat  ncase=2799900        cpu=38313.90   
221 fanfreePhspStyrox_w223.egsdat  ncase=3191886        cpu=38510.10   
222 fanfreePhspStyrox_w224.egsdat  ncase=3247884        cpu=39389.20   
223 fanfreePhspStyrox_w225.egsdat  ncase=2631906        cpu=38278.20   
224 fanfreePhspStyrox_w226.egsdat  ncase=2967894        cpu=39063.90   
225 fanfreePhspStyrox_w227.egsdat  ncase=3079890        cpu=38275.40   
226 fanfreePhspStyrox_w228.egsdat  ncase=2855898        cpu=38461.50   
227 fanfreePhspStyrox_w229.egsdat  ncase=2911896        cpu=39155.30   
228 fanfreePhspStyrox_w230.egsdat  ncase=3303882        cpu=38098.30   
229 fanfreePhspStyrox_w231.egsdat  ncase=3247884        cpu=38511.30   
230 fanfreePhspStyrox_w232.egsdat  ncase=3135888        cpu=38487.50   
231 fanfreePhspStyrox_w233.egsdat  ncase=2911896        cpu=38478.90   
232 fanfreePhspStyrox_w234.egsdat  ncase=2799900        cpu=38251.00   
233 fanfreePhspStyrox_w235.egsdat  ncase=3135888        cpu=38631.20   
234 fanfreePhspStyrox_w236.egsdat  ncase=2799900        cpu=39504.20   
235 fanfreePhspStyrox_w237.egsdat  ncase=2911896        cpu=39098.40   
236 fanfreePhspStyrox_w238.egsdat  ncase=2687904        cpu=38927.80   
237 fanfreePhspStyrox_w239.egsdat  ncase=2127924        cpu=39505.20   
238 fanfreePhspStyrox_w240.egsdat  ncase=2519910        cpu=38486.50   
239 fanfreePhspStyrox_w241.egsdat  ncase=2631906        cpu=39315.90   
240 fanfreePhspStyrox_w242.egsdat  ncase=2127924        cpu=38420.10   
241 fanfreePhspStyrox_w243.egsdat  ncase=2855898        cpu=38954.40   
242 fanfreePhspStyrox_w244.egsdat  ncase=2687904        cpu=39192.00   
243 fanfreePhspStyrox_w245.egsdat  ncase=2575908        cpu=39175.50   
244 fanfreePhspStyrox_w246.egsdat  ncase=2687904        cpu=39148.60   
245 fanfreePhspStyrox_w247.egsdat  ncase=2295918        cpu=39534.50   
246 fanfreePhspStyrox_w248.egsdat  ncase=2239920        cpu=38857.80   
247 fanfreePhspStyrox_w249.egsdat  ncase=2071926        cpu=39049.30   
248 fanfreePhspStyrox_w250.egsdat  ncase=2295918        cpu=40056.10   
249 fanfreePhspStyrox_w251.egsdat  ncase=2295918        cpu=38274.60   
250 fanfreePhspStyrox_w252.egsdat  ncase=2743902        cpu=39003.40   
251 fanfreePhspStyrox_w253.egsdat  ncase=2463912        cpu=38681.60   
252 fanfreePhspStyrox_w254.egsdat  ncase=2855898        cpu=38561.60   
253 fanfreePhspStyrox_w255.egsdat  ncase=2575908        cpu=38612.60   
254 fanfreePhspStyrox_w256.egsdat  ncase=2295918        cpu=38978.40   
255 fanfreePhspStyrox_w257.egsdat  ncase=2127924        cpu=38951.70   
256 fanfreePhspStyrox_w258.egsdat  ncase=2463912        cpu=38596.50   
257 fanfreePhspStyrox_w259.egsdat  ncase=2631906        cpu=38547.60   
258 fanfreePhspStyrox_w260.egsdat  ncase=2911896        cpu=38749.60   
259 fanfreePhspStyrox_w261.egsdat  ncase=2575908        cpu=38954.80   
260 fanfreePhspStyrox_w262.egsdat  ncase=2183922        cpu=38383.10   
261 fanfreePhspStyrox_w263.egsdat  ncase=2127924        cpu=39821.90   
262 fanfreePhspStyrox_w264.egsdat  ncase=2183922        cpu=38269.60   
263 fanfreePhspStyrox_w265.egsdat  ncase=2295918        cpu=39252.20   
264 fanfreePhspStyrox_w266.egsdat  ncase=2295918        cpu=38651.30   
265 fanfreePhspStyrox_w267.egsdat  ncase=2239920        cpu=38639.60   
266 fanfreePhspStyrox_w268.egsdat  ncase=1959930        cpu=38651.80   
267 fanfreePhspStyrox_w269.egsdat  ncase=2575908        cpu=38280.20   
268 fanfreePhspStyrox_w270.egsdat  ncase=3023892        cpu=38423.20   
269 fanfreePhspStyrox_w271.egsdat  ncase=2799900        cpu=39144.80   
270 fanfreePhspStyrox_w272.egsdat  ncase=2351916        cpu=39124.80   
271 fanfreePhspStyrox_w273.egsdat  ncase=2855898        cpu=38541.30   
272 fanfreePhspStyrox_w274.egsdat  ncase=3023892        cpu=39095.70   
273 fanfreePhspStyrox_w275.egsdat  ncase=2855898        cpu=38573.70   
274 fanfreePhspStyrox_w276.egsdat  ncase=3191886        cpu=38338.20   
275 fanfreePhspStyrox_w277.egsdat  ncase=3303882        cpu=38315.20   
276 fanfreePhspStyrox_w278.egsdat  ncase=2519910        cpu=38894.10   
277 fanfreePhspStyrox_w279.egsdat  ncase=2799900        cpu=38421.70   
278 fanfreePhspStyrox_w280.egsdat  ncase=2967894        cpu=38296.60   
279 fanfreePhspStyrox_w281.egsdat  ncase=2575908        cpu=38566.80   
280 fanfreePhspStyrox_w282.egsdat  ncase=3079890        cpu=38352.40   
281 fanfreePhspStyrox_w283.egsdat  ncase=3079890        cpu=38523.00   
282 fanfreePhspStyrox_w284.egsdat  ncase=2855898        cpu=38371.50   
283 fanfreePhspStyrox_w285.egsdat  ncase=2631906        cpu=38569.70   
284 fanfreePhspStyrox_w286.egsdat  ncase=2799900        cpu=38485.80   
285 fanfreePhspStyrox_w287.egsdat  ncase=3471876        cpu=38615.90   
286 fanfreePhspStyrox_w288.egsdat  ncase=3079890        cpu=38652.80   
287 fanfreePhspStyrox_w289.egsdat  ncase=3471876        cpu=38504.40   
288 fanfreePhspStyrox_w290.egsdat  ncase=3303882        cpu=38230.70   
289 fanfreePhspStyrox_w291.egsdat  ncase=2967894        cpu=38606.10   
290 fanfreePhspStyrox_w292.egsdat  ncase=2687904        cpu=38892.70   
291 fanfreePhspStyrox_w293.egsdat  ncase=2855898        cpu=39047.50   
292 fanfreePhspStyrox_w294.egsdat  ncase=2351916        cpu=38826.50   
293 fanfreePhspStyrox_w295.egsdat  ncase=2687904        cpu=38466.70   
294 fanfreePhspStyrox_w296.egsdat  ncase=2687904        cpu=38657.50   
295 fanfreePhspStyrox_w297.egsdat  ncase=2519910        cpu=38413.30   
296 fanfreePhspStyrox_w298.egsdat  ncase=2967894        cpu=38515.00   
297 fanfreePhspStyrox_w299.egsdat  ncase=2743902        cpu=38831.10   
298 fanfreePhspStyrox_w300.egsdat  ncase=2239920        cpu=38686.00   
299 fanfreePhspStyrox_w301.egsdat  ncase=2631906        cpu=39410.00   
300 fanfreePhspStyrox_w302.egsdat  ncase=2631906        cpu=39431.30   
301 fanfreePhspStyrox_w303.egsdat  ncase=2743902        cpu=38868.00   
302 fanfreePhspStyrox_w304.egsdat  ncase=3247884        cpu=38377.20   
303 fanfreePhspStyrox_w305.egsdat  ncase=3135888        cpu=38546.50   
304 fanfreePhspStyrox_w306.egsdat  ncase=2911896        cpu=38162.90   
305 fanfreePhspStyrox_w307.egsdat  ncase=2967894        cpu=39414.10   
306 fanfreePhspStyrox_w308.egsdat  ncase=2631906        cpu=38748.80   
307 fanfreePhspStyrox_w309.egsdat  ncase=2407914        cpu=39208.70   
308 fanfreePhspStyrox_w310.egsdat  ncase=2351916        cpu=38705.40   
309 fanfreePhspStyrox_w311.egsdat  ncase=2295918        cpu=38329.60   
310 fanfreePhspStyrox_w312.egsdat  ncase=2799900        cpu=38752.70   
311 fanfreePhspStyrox_w313.egsdat  ncase=2631906        cpu=38889.80   
312 fanfreePhspStyrox_w314.egsdat  ncase=2687904        cpu=38640.10   
313 fanfreePhspStyrox_w315.egsdat  ncase=2407914        cpu=39022.60   
314 fanfreePhspStyrox_w316.egsdat  ncase=2575908        cpu=38477.90   
315 fanfreePhspStyrox_w317.egsdat  ncase=2911896        cpu=39275.90   
316 fanfreePhspStyrox_w318.egsdat  ncase=2911896        cpu=39145.50   
317 fanfreePhspStyrox_w319.egsdat  ncase=3191886        cpu=38677.60   
318 fanfreePhspStyrox_w320.egsdat  ncase=2239920        cpu=38687.40   
319 fanfreePhspStyrox_w321.egsdat  ncase=2183922        cpu=38533.00   
320 fanfreePhspStyrox_w322.egsdat  ncase=2183922        cpu=39551.40   
321 fanfreePhspStyrox_w323.egsdat  ncase=2407914        cpu=38575.00   
322 fanfreePhspStyrox_w324.egsdat  ncase=2687904        cpu=38214.80   
323 fanfreePhspStyrox_w325.egsdat  ncase=2687904        cpu=38611.10   
324 fanfreePhspStyrox_w326.egsdat  ncase=2575908        cpu=38296.30   
325 fanfreePhspStyrox_w327.egsdat  ncase=2687904        cpu=38626.90   
326 fanfreePhspStyrox_w328.egsdat  ncase=2855898        cpu=38737.90   
327 fanfreePhspStyrox_w329.egsdat  ncase=2631906        cpu=38869.60   
328 fanfreePhspStyrox_w330.egsdat  ncase=2743902        cpu=39254.90   
329 fanfreePhspStyrox_w331.egsdat  ncase=2743902        cpu=38480.50   
330 fanfreePhspStyrox_w332.egsdat  ncase=2911896        cpu=38463.50   
331 fanfreePhspStyrox_w333.egsdat  ncase=2855898        cpu=38841.80   
332 fanfreePhspStyrox_w334.egsdat  ncase=2967894        cpu=39244.70   
333 fanfreePhspStyrox_w335.egsdat  ncase=2743902        cpu=38719.60   
334 fanfreePhspStyrox_w336.egsdat  ncase=2687904        cpu=38198.90   
335 fanfreePhspStyrox_w337.egsdat  ncase=2519910        cpu=38549.20   
336 fanfreePhspStyrox_w338.egsdat  ncase=2575908        cpu=39345.70   
337 fanfreePhspStyrox_w339.egsdat  ncase=2127924        cpu=38532.80   
338 fanfreePhspStyrox_w340.egsdat  ncase=2631906        cpu=39008.40   
339 fanfreePhspStyrox_w341.egsdat  ncase=2631906        cpu=38389.00   
340 fanfreePhspStyrox_w342.egsdat  ncase=2799900        cpu=39281.60   
341 fanfreePhspStyrox_w343.egsdat  ncase=2743902        cpu=38886.40   
342 fanfreePhspStyrox_w344.egsdat  ncase=2687904        cpu=38874.70   
343 fanfreePhspStyrox_w345.egsdat  ncase=2407914        cpu=38491.50   
344 fanfreePhspStyrox_w346.egsdat  ncase=2631906        cpu=39018.00   
345 fanfreePhspStyrox_w347.egsdat  ncase=2631906        cpu=38301.40   
346 fanfreePhspStyrox_w348.egsdat  ncase=2575908        cpu=38966.90   
347 fanfreePhspStyrox_w349.egsdat  ncase=2911896        cpu=38767.30   
348 fanfreePhspStyrox_w350.egsdat  ncase=2519910        cpu=38262.00   
349 fanfreePhspStyrox_w351.egsdat  ncase=2463912        cpu=38821.50   
350 fanfreePhspStyrox_w352.egsdat  ncase=2967894        cpu=38771.90   
351 fanfreePhspStyrox_w353.egsdat  ncase=2519910        cpu=38439.30   
352 fanfreePhspStyrox_w354.egsdat  ncase=2799900        cpu=38493.80   
353 fanfreePhspStyrox_w355.egsdat  ncase=2295918        cpu=38504.00   
354 fanfreePhspStyrox_w356.egsdat  ncase=2855898        cpu=38459.20   
355 fanfreePhspStyrox_w357.egsdat  ncase=3303882        cpu=38517.40   
356 fanfreePhspStyrox_w358.egsdat  ncase=2631906        cpu=38454.00   
357 fanfreePhspStyrox_w359.egsdat  ncase=2631906        cpu=38380.50   
358 fanfreePhspStyrox_w360.egsdat  ncase=2295918        cpu=38496.50   
359 fanfreePhspStyrox_w361.egsdat  ncase=2407914        cpu=38522.90   
360 fanfreePhspStyrox_w362.egsdat  ncase=2071926        cpu=39309.50   
361 fanfreePhspStyrox_w363.egsdat  ncase=2463912        cpu=38338.00   
362 fanfreePhspStyrox_w364.egsdat  ncase=2183922        cpu=38572.50   
363 fanfreePhspStyrox_w365.egsdat  ncase=2127924        cpu=38583.50   
364 fanfreePhspStyrox_w366.egsdat  ncase=2575908        cpu=38622.20   
365 fanfreePhspStyrox_w367.egsdat  ncase=2407914        cpu=38456.00   
366 fanfreePhspStyrox_w368.egsdat  ncase=3079890        cpu=38280.80   
367 fanfreePhspStyrox_w369.egsdat  ncase=3751866        cpu=38838.70   
368 fanfreePhspStyrox_w370.egsdat  ncase=2911896        cpu=38501.90   
369 fanfreePhspStyrox_w371.egsdat  ncase=2855898        cpu=38437.10   
370 fanfreePhspStyrox_w372.egsdat  ncase=2631906        cpu=38592.70   
371 fanfreePhspStyrox_w373.egsdat  ncase=3415878        cpu=38630.80   
372 fanfreePhspStyrox_w374.egsdat  ncase=2239920        cpu=39879.80   
373 fanfreePhspStyrox_w375.egsdat  ncase=2743902        cpu=38276.10   
374 fanfreePhspStyrox_w376.egsdat  ncase=3359880        cpu=38643.00   
375 fanfreePhspStyrox_w377.egsdat  ncase=3191886        cpu=38449.20   
376 fanfreePhspStyrox_w378.egsdat  ncase=2575908        cpu=38737.70   
377 fanfreePhspStyrox_w379.egsdat  ncase=2911896        cpu=38768.80   
378 fanfreePhspStyrox_w380.egsdat  ncase=2743902        cpu=38897.80   
379 fanfreePhspStyrox_w381.egsdat  ncase=3191886        cpu=38478.60   
380 fanfreePhspStyrox_w382.egsdat  ncase=2239920        cpu=38770.60   
381 fanfreePhspStyrox_w383.egsdat  ncase=2463912        cpu=38889.50   
382 fanfreePhspStyrox_w384.egsdat  ncase=2687904        cpu=38239.90   
383 fanfreePhspStyrox_w385.egsdat  ncase=2743902        cpu=38629.90   
384 fanfreePhspStyrox_w386.egsdat  ncase=2183922        cpu=39474.40   
385 fanfreePhspStyrox_w387.egsdat  ncase=2239920        cpu=39892.20   
386 fanfreePhspStyrox_w388.egsdat  ncase=2407914        cpu=38627.30   
387 fanfreePhspStyrox_w389.egsdat  ncase=2295918        cpu=38689.00   
388 fanfreePhspStyrox_w390.egsdat  ncase=2519910        cpu=38366.90   
389 fanfreePhspStyrox_w391.egsdat  ncase=2071926        cpu=38709.90   
390 fanfreePhspStyrox_w392.egsdat  ncase=2463912        cpu=39252.40   
391 fanfreePhspStyrox_w393.egsdat  ncase=2743902        cpu=38627.70   
392 fanfreePhspStyrox_w394.egsdat  ncase=2127924        cpu=38426.80   
393 fanfreePhspStyrox_w395.egsdat  ncase=2295918        cpu=38341.80   
394 fanfreePhspStyrox_w396.egsdat  ncase=2239920        cpu=39108.90   
395 fanfreePhspStyrox_w397.egsdat  ncase=2183922        cpu=39249.70   
396 fanfreePhspStyrox_w398.egsdat  ncase=2967894        cpu=38153.50   
397 fanfreePhspStyrox_w399.egsdat  ncase=2855898        cpu=38777.50   
398 fanfreePhspStyrox_w400.egsdat  ncase=2799900        cpu=38712.30   
399 fanfreePhspStyrox_w401.egsdat  ncase=2519910        cpu=38283.60   
400 fanfreePhspStyrox_w402.egsdat  ncase=3079890        cpu=38776.60   
401 fanfreePhspStyrox_w403.egsdat  ncase=3023892        cpu=39333.80   
402 fanfreePhspStyrox_w404.egsdat  ncase=3135888        cpu=38278.60   
403 fanfreePhspStyrox_w405.egsdat  ncase=2631906        cpu=38387.90   
404 fanfreePhspStyrox_w406.egsdat  ncase=3023892        cpu=38338.10   
405 fanfreePhspStyrox_w407.egsdat  ncase=2351916        cpu=38522.40   
406 fanfreePhspStyrox_w408.egsdat  ncase=2127924        cpu=38511.60   
407 fanfreePhspStyrox_w409.egsdat  ncase=2351916        cpu=38853.50   
408 fanfreePhspStyrox_w410.egsdat  ncase=2799900        cpu=38805.30   
409 fanfreePhspStyrox_w411.egsdat  ncase=2463912        cpu=38574.40   
410 fanfreePhspStyrox_w412.egsdat  ncase=2575908        cpu=38649.20   
411 fanfreePhspStyrox_w413.egsdat  ncase=2799900        cpu=38573.80   
412 fanfreePhspStyrox_w414.egsdat  ncase=3415878        cpu=38359.30   
413 fanfreePhspStyrox_w415.egsdat  ncase=3191886        cpu=38846.20   
414 fanfreePhspStyrox_w416.egsdat  ncase=2967894        cpu=38388.30   
415 fanfreePhspStyrox_w417.egsdat  ncase=3079890        cpu=38744.60   
416 fanfreePhspStyrox_w418.egsdat  ncase=2687904        cpu=38850.40   
417 fanfreePhspStyrox_w419.egsdat  ncase=2295918        cpu=38547.90   
418 fanfreePhspStyrox_w420.egsdat  ncase=2631906        cpu=38471.30   
419 fanfreePhspStyrox_w421.egsdat  ncase=2687904        cpu=38349.80   
420 fanfreePhspStyrox_w422.egsdat  ncase=2799900        cpu=38772.00   
421 fanfreePhspStyrox_w423.egsdat  ncase=2743902        cpu=39008.00   
422 fanfreePhspStyrox_w424.egsdat  ncase=3079890        cpu=39195.10   
423 fanfreePhspStyrox_w425.egsdat  ncase=2743902        cpu=38358.90   
424 fanfreePhspStyrox_w426.egsdat  ncase=2407914        cpu=38492.60   
425 fanfreePhspStyrox_w427.egsdat  ncase=2799900        cpu=38293.70   
426 fanfreePhspStyrox_w428.egsdat  ncase=2183922        cpu=38539.80   
427 fanfreePhspStyrox_w429.egsdat  ncase=2463912        cpu=39125.70   
428 fanfreePhspStyrox_w430.egsdat  ncase=2183922        cpu=39397.20   
429 fanfreePhspStyrox_w431.egsdat  ncase=2855898        cpu=39338.40   
430 fanfreePhspStyrox_w432.egsdat  ncase=2351916        cpu=38304.00   
431 fanfreePhspStyrox_w433.egsdat  ncase=2575908        cpu=38481.50   
432 fanfreePhspStyrox_w434.egsdat  ncase=2519910        cpu=38907.00   
433 fanfreePhspStyrox_w435.egsdat  ncase=2407914        cpu=38860.60   
434 fanfreePhspStyrox_w436.egsdat  ncase=2631906        cpu=39519.60   
435 fanfreePhspStyrox_w437.egsdat  ncase=2743902        cpu=38405.80   
436 fanfreePhspStyrox_w438.egsdat  ncase=2015928        cpu=38653.90   
437 fanfreePhspStyrox_w439.egsdat  ncase=2407914        cpu=38425.10   
438 fanfreePhspStyrox_w440.egsdat  ncase=2631906        cpu=38398.00   
439 fanfreePhspStyrox_w441.egsdat  ncase=2687904        cpu=38391.40   
440 fanfreePhspStyrox_w442.egsdat  ncase=3135888        cpu=38504.50   
441 fanfreePhspStyrox_w443.egsdat  ncase=2743902        cpu=38321.70   
442 fanfreePhspStyrox_w444.egsdat  ncase=3023892        cpu=38640.30   
443 fanfreePhspStyrox_w445.egsdat  ncase=2967894        cpu=39532.30   
444 fanfreePhspStyrox_w446.egsdat  ncase=3135888        cpu=38634.70   
445 fanfreePhspStyrox_w447.egsdat  ncase=2407914        cpu=38237.10   
446 fanfreePhspStyrox_w448.egsdat  ncase=2519910        cpu=38589.30   
447 fanfreePhspStyrox_w449.egsdat  ncase=2407914        cpu=38364.90   
448 fanfreePhspStyrox_w450.egsdat  ncase=3079890        cpu=39121.20   
449 fanfreePhspStyrox_w451.egsdat  ncase=2407914        cpu=38620.90   
450 fanfreePhspStyrox_w452.egsdat  ncase=2519910        cpu=38542.40   
451 fanfreePhspStyrox_w453.egsdat  ncase=2351916        cpu=38877.90   
452 fanfreePhspStyrox_w454.egsdat  ncase=2071926        cpu=38217.80   
453 fanfreePhspStyrox_w455.egsdat  ncase=2183922        cpu=39495.10   
454 fanfreePhspStyrox_w456.egsdat  ncase=2295918        cpu=38721.00   
455 fanfreePhspStyrox_w457.egsdat  ncase=2463912        cpu=38215.80   
456 fanfreePhspStyrox_w458.egsdat  ncase=2071926        cpu=38684.50   
457 fanfreePhspStyrox_w459.egsdat  ncase=1959930        cpu=39253.80   
458 fanfreePhspStyrox_w460.egsdat  ncase=2239920        cpu=39421.00   
459 fanfreePhspStyrox_w461.egsdat  ncase=2575908        cpu=39278.10   
460 fanfreePhspStyrox_w462.egsdat  ncase=2743902        cpu=38384.20   
461 fanfreePhspStyrox_w463.egsdat  ncase=2687904        cpu=38554.80   
462 fanfreePhspStyrox_w464.egsdat  ncase=2519910        cpu=38315.00   
463 fanfreePhspStyrox_w465.egsdat  ncase=2407914        cpu=38292.00   
464 fanfreePhspStyrox_w466.egsdat  ncase=2407914        cpu=38324.50   
465 fanfreePhspStyrox_w467.egsdat  ncase=2575908        cpu=38604.20   
466 fanfreePhspStyrox_w468.egsdat  ncase=2463912        cpu=39698.60   
467 fanfreePhspStyrox_w469.egsdat  ncase=2295918        cpu=38823.80   
468 fanfreePhspStyrox_w470.egsdat  ncase=2239920        cpu=38541.40   
469 fanfreePhspStyrox_w471.egsdat  ncase=2239920        cpu=38275.00   
470 fanfreePhspStyrox_w472.egsdat  ncase=2799900        cpu=38726.20   
471 fanfreePhspStyrox_w473.egsdat  ncase=2631906        cpu=38656.50   
472 fanfreePhspStyrox_w474.egsdat  ncase=2351916        cpu=38355.30   
473 fanfreePhspStyrox_w475.egsdat  ncase=2855898        cpu=39056.40   
474 fanfreePhspStyrox_w476.egsdat  ncase=3191886        cpu=39160.90   
475 fanfreePhspStyrox_w477.egsdat  ncase=2407914        cpu=38347.40   
476 fanfreePhspStyrox_w478.egsdat  ncase=2463912        cpu=38773.40   
477 fanfreePhspStyrox_w479.egsdat  ncase=2575908        cpu=38983.90   
478 fanfreePhspStyrox_w480.egsdat  ncase=2575908        cpu=39125.20   
479 fanfreePhspStyrox_w481.egsdat  ncase=2519910        cpu=38260.80   
480 fanfreePhspStyrox_w482.egsdat  ncase=2463912        cpu=38362.20   
481 fanfreePhspStyrox_w483.egsdat  ncase=2687904        cpu=38639.80   
482 fanfreePhspStyrox_w484.egsdat  ncase=2799900        cpu=38458.60   
483 fanfreePhspStyrox_w485.egsdat  ncase=2519910        cpu=38562.60   
484 fanfreePhspStyrox_w486.egsdat  ncase=2631906        cpu=39051.80   
485 fanfreePhspStyrox_w487.egsdat  ncase=2519910        cpu=38754.00   
486 fanfreePhspStyrox_w488.egsdat  ncase=2575908        cpu=38392.10   
487 fanfreePhspStyrox_w489.egsdat  ncase=2519910        cpu=38438.90   
488 fanfreePhspStyrox_w490.egsdat  ncase=2071926        cpu=38756.60   
489 fanfreePhspStyrox_w491.egsdat  ncase=2183922        cpu=38407.20   
490 fanfreePhspStyrox_w492.egsdat  ncase=2239920        cpu=38330.90   
491 fanfreePhspStyrox_w493.egsdat  ncase=2295918        cpu=38378.00   
492 fanfreePhspStyrox_w494.egsdat  ncase=2351916        cpu=38410.10   
493 fanfreePhspStyrox_w495.egsdat  ncase=2127924        cpu=38224.90   
494 fanfreePhspStyrox_w496.egsdat  ncase=2295918        cpu=38229.40   
495 fanfreePhspStyrox_w497.egsdat  ncase=2967894        cpu=38683.20   
496 fanfreePhspStyrox_w498.egsdat  ncase=2687904        cpu=38393.60   
497 fanfreePhspStyrox_w499.egsdat  ncase=3191886        cpu=38352.50   
498 fanfreePhspStyrox_w500.egsdat  ncase=3135888        cpu=38486.90   
499 fanfreePhspStyrox_w501.egsdat  ncase=2351916        cpu=39437.80   
500 fanfreePhspStyrox_w502.egsdat  ncase=2855898        cpu=38463.80   
501 fanfreePhspStyrox_w503.egsdat  ncase=2855898        cpu=38544.50   
502 fanfreePhspStyrox_w504.egsdat  ncase=2855898        cpu=38376.00   
503 fanfreePhspStyrox_w505.egsdat  ncase=2855898        cpu=38947.60   
504 fanfreePhspStyrox_w506.egsdat  ncase=2463912        cpu=38765.60   
505 fanfreePhspStyrox_w507.egsdat  ncase=3247884        cpu=38433.60   
506 fanfreePhspStyrox_w508.egsdat  ncase=2631906        cpu=38541.50   
507 fanfreePhspStyrox_w509.egsdat  ncase=2463912        cpu=38630.60   
508 fanfreePhspStyrox_w510.egsdat  ncase=2911896        cpu=38463.60   
509 fanfreePhspStyrox_w511.egsdat  ncase=2351916        cpu=38335.00   
510 fanfreePhspStyrox_w512.egsdat  ncase=2463912        cpu=39361.20   
511 fanfreePhspStyrox_w513.egsdat  ncase=2743902        cpu=38830.10   
512 fanfreePhspStyrox_w514.egsdat  ncase=3079890        cpu=38588.90   
513 fanfreePhspStyrox_w515.egsdat  ncase=3023892        cpu=38439.90   
514 fanfreePhspStyrox_w516.egsdat  ncase=2911896        cpu=38333.40   
515 fanfreePhspStyrox_w517.egsdat  ncase=2519910        cpu=38480.70   
516 fanfreePhspStyrox_w518.egsdat  ncase=2631906        cpu=39121.70   
517 fanfreePhspStyrox_w519.egsdat  ncase=3135888        cpu=38936.60   
518 fanfreePhspStyrox_w520.egsdat  ncase=2463912        cpu=38387.60   
519 fanfreePhspStyrox_w521.egsdat  ncase=2799900        cpu=38352.00   
520 fanfreePhspStyrox_w522.egsdat  ncase=2239920        cpu=38341.40   
521 fanfreePhspStyrox_w523.egsdat  ncase=3023892        cpu=38503.50   
522 fanfreePhspStyrox_w524.egsdat  ncase=2183922        cpu=38442.80   
523 fanfreePhspStyrox_w525.egsdat  ncase=2463912        cpu=39227.20   
524 fanfreePhspStyrox_w526.egsdat  ncase=2855898        cpu=38149.10   
525 fanfreePhspStyrox_w527.egsdat  ncase=2687904        cpu=38750.10   
526 fanfreePhspStyrox_w528.egsdat  ncase=2407914        cpu=38239.10   
527 fanfreePhspStyrox_w529.egsdat  ncase=2071926        cpu=38189.50   
528 fanfreePhspStyrox_w530.egsdat  ncase=2687904        cpu=38729.40   
529 fanfreePhspStyrox_w531.egsdat  ncase=2239920        cpu=38561.60   
530 fanfreePhspStyrox_w532.egsdat  ncase=2687904        cpu=39225.90   
531 fanfreePhspStyrox_w533.egsdat  ncase=3191886        cpu=39203.90   
532 fanfreePhspStyrox_w534.egsdat  ncase=3023892        cpu=38572.60   
533 fanfreePhspStyrox_w535.egsdat  ncase=3023892        cpu=38724.50   
534 fanfreePhspStyrox_w536.egsdat  ncase=2575908        cpu=38809.10   
535 fanfreePhspStyrox_w537.egsdat  ncase=3023892        cpu=38320.70   
536 fanfreePhspStyrox_w538.egsdat  ncase=3583872        cpu=38565.10   
537 fanfreePhspStyrox_w539.egsdat  ncase=2743902        cpu=38889.60   
538 fanfreePhspStyrox_w540.egsdat  ncase=3023892        cpu=38509.70   
539 fanfreePhspStyrox_w541.egsdat  ncase=2743902        cpu=38424.30   
540 fanfreePhspStyrox_w542.egsdat  ncase=2575908        cpu=38474.90   
541 fanfreePhspStyrox_w543.egsdat  ncase=2687904        cpu=38597.80   
542 fanfreePhspStyrox_w544.egsdat  ncase=2855898        cpu=38279.00   
543 fanfreePhspStyrox_w545.egsdat  ncase=2575908        cpu=38395.60   
544 fanfreePhspStyrox_w546.egsdat  ncase=2743902        cpu=38293.20   
545 fanfreePhspStyrox_w547.egsdat  ncase=2463912        cpu=38491.30   
546 fanfreePhspStyrox_w548.egsdat  ncase=2239920        cpu=38866.10   
547 fanfreePhspStyrox_w549.egsdat  ncase=3023892        cpu=38489.50   
548 fanfreePhspStyrox_w550.egsdat  ncase=2799900        cpu=38677.40   
549 fanfreePhspStyrox_w551.egsdat  ncase=3471876        cpu=38276.90   
550 fanfreePhspStyrox_w552.egsdat  ncase=2967894        cpu=38842.00   
551 fanfreePhspStyrox_w553.egsdat  ncase=2799900        cpu=39204.40   
552 fanfreePhspStyrox_w554.egsdat  ncase=2351916        cpu=38956.90   
553 fanfreePhspStyrox_w555.egsdat  ncase=2631906        cpu=39241.80   
554 fanfreePhspStyrox_w556.egsdat  ncase=2463912        cpu=38328.10   
555 fanfreePhspStyrox_w557.egsdat  ncase=3303882        cpu=38772.50   
556 fanfreePhspStyrox_w558.egsdat  ncase=2911896        cpu=38342.60   
557 fanfreePhspStyrox_w559.egsdat  ncase=2631906        cpu=38638.10   
558 fanfreePhspStyrox_w560.egsdat  ncase=2799900        cpu=38261.90   
559 fanfreePhspStyrox_w561.egsdat  ncase=2463912        cpu=38790.90   
560 fanfreePhspStyrox_w562.egsdat  ncase=2743902        cpu=38273.40   
561 fanfreePhspStyrox_w563.egsdat  ncase=2687904        cpu=39179.80   
562 fanfreePhspStyrox_w564.egsdat  ncase=2911896        cpu=38579.00   
563 fanfreePhspStyrox_w565.egsdat  ncase=2799900        cpu=38478.90   
564 fanfreePhspStyrox_w566.egsdat  ncase=2855898        cpu=38689.20   
565 fanfreePhspStyrox_w567.egsdat  ncase=2631906        cpu=38503.20   
566 fanfreePhspStyrox_w568.egsdat  ncase=2799900        cpu=39466.40   
567 fanfreePhspStyrox_w569.egsdat  ncase=2743902        cpu=39377.00   
568 fanfreePhspStyrox_w570.egsdat  ncase=2575908        cpu=38248.70   
569 fanfreePhspStyrox_w571.egsdat  ncase=2855898        cpu=39338.20   
570 fanfreePhspStyrox_w572.egsdat  ncase=3751866        cpu=38459.60   
571 fanfreePhspStyrox_w573.egsdat  ncase=2631906        cpu=39047.40   
572 fanfreePhspStyrox_w574.egsdat  ncase=3079890        cpu=39509.30   
573 fanfreePhspStyrox_w575.egsdat  ncase=2687904        cpu=39215.70   
574 fanfreePhspStyrox_w576.egsdat  ncase=2407914        cpu=38586.20   
575 fanfreePhspStyrox_w577.egsdat  ncase=2519910        cpu=38155.80   
576 fanfreePhspStyrox_w578.egsdat  ncase=1847934        cpu=38235.60   
577 fanfreePhspStyrox_w579.egsdat  ncase=2351916        cpu=38171.30   
578 fanfreePhspStyrox_w580.egsdat  ncase=2239920        cpu=38392.50   
579 fanfreePhspStyrox_w581.egsdat  ncase=2295918        cpu=38220.30   
580 fanfreePhspStyrox_w582.egsdat  ncase=2631906        cpu=39436.70   
581 fanfreePhspStyrox_w583.egsdat  ncase=2295918        cpu=39200.60   
582 fanfreePhspStyrox_w584.egsdat  ncase=2519910        cpu=38581.10   
583 fanfreePhspStyrox_w585.egsdat  ncase=2295918        cpu=38847.00   
584 fanfreePhspStyrox_w586.egsdat  ncase=2351916        cpu=38748.60   
585 fanfreePhspStyrox_w587.egsdat  ncase=2239920        cpu=39043.90   
586 fanfreePhspStyrox_w588.egsdat  ncase=1847934        cpu=38186.20   
587 fanfreePhspStyrox_w589.egsdat  ncase=2463912        cpu=39068.70   
588 fanfreePhspStyrox_w590.egsdat  ncase=2351916        cpu=38748.40   
589 fanfreePhspStyrox_w591.egsdat  ncase=3359880        cpu=38329.80   
590 fanfreePhspStyrox_w592.egsdat  ncase=3135888        cpu=38664.40   
591 fanfreePhspStyrox_w593.egsdat  ncase=3023892        cpu=38935.90   
592 fanfreePhspStyrox_w594.egsdat  ncase=2295918        cpu=38619.00   
593 fanfreePhspStyrox_w595.egsdat  ncase=2631906        cpu=39487.50   
594 fanfreePhspStyrox_w596.egsdat  ncase=3359880        cpu=38694.50   
595 fanfreePhspStyrox_w597.egsdat  ncase=2631906        cpu=38899.60   
596 fanfreePhspStyrox_w598.egsdat  ncase=2463912        cpu=38457.70   
597 fanfreePhspStyrox_w599.egsdat  ncase=2799900        cpu=38988.50   
598 fanfreePhspStyrox_w600.egsdat  ncase=2575908        cpu=39553.80   
599 fanfreePhspStyrox_w601.egsdat  ncase=2575908        cpu=38808.30   
600 fanfreePhspStyrox_w602.egsdat  ncase=2743902        cpu=38393.90   
601 fanfreePhspStyrox_w603.egsdat  ncase=2463912        cpu=38273.20   
602 fanfreePhspStyrox_w604.egsdat  ncase=2743902        cpu=38625.80   
603 fanfreePhspStyrox_w605.egsdat  ncase=2575908        cpu=38403.40   
604 fanfreePhspStyrox_w606.egsdat  ncase=2239920        cpu=38544.30   
605 fanfreePhspStyrox_w607.egsdat  ncase=2911896        cpu=38729.50   
606 fanfreePhspStyrox_w608.egsdat  ncase=2911896        cpu=38715.70   
607 fanfreePhspStyrox_w609.egsdat  ncase=2967894        cpu=38402.30   
608 fanfreePhspStyrox_w610.egsdat  ncase=2743902        cpu=38324.40   
609 fanfreePhspStyrox_w611.egsdat  ncase=2743902        cpu=39046.90   
610 fanfreePhspStyrox_w612.egsdat  ncase=2799900        cpu=38438.90   
611 fanfreePhspStyrox_w613.egsdat  ncase=2799900        cpu=38559.10   
612 fanfreePhspStyrox_w614.egsdat  ncase=3135888        cpu=38214.80   
613 fanfreePhspStyrox_w615.egsdat  ncase=2743902        cpu=38549.70   
614 fanfreePhspStyrox_w616.egsdat  ncase=2295918        cpu=38313.20   
615 fanfreePhspStyrox_w617.egsdat  ncase=2967894        cpu=39146.70   
616 fanfreePhspStyrox_w618.egsdat  ncase=3079890        cpu=38627.90   
617 fanfreePhspStyrox_w619.egsdat  ncase=2127924        cpu=39138.20   
618 fanfreePhspStyrox_w620.egsdat  ncase=2463912        cpu=39270.90   
619 fanfreePhspStyrox_w621.egsdat  ncase=2519910        cpu=39320.40   
620 fanfreePhspStyrox_w622.egsdat  ncase=2687904        cpu=39690.00   
621 fanfreePhspStyrox_w623.egsdat  ncase=2351916        cpu=39277.80   
622 fanfreePhspStyrox_w624.egsdat  ncase=3303882        cpu=38938.20   
623 fanfreePhspStyrox_w625.egsdat  ncase=2687904        cpu=38453.20   
624 fanfreePhspStyrox_w626.egsdat  ncase=2575908        cpu=39240.10   
625 fanfreePhspStyrox_w627.egsdat  ncase=2463912        cpu=38677.30   
626 fanfreePhspStyrox_w628.egsdat  ncase=2799900        cpu=38647.00   
627 fanfreePhspStyrox_w629.egsdat  ncase=2687904        cpu=38493.60   
628 fanfreePhspStyrox_w630.egsdat  ncase=2687904        cpu=38622.00   
629 fanfreePhspStyrox_w631.egsdat  ncase=2407914        cpu=38251.00   
630 fanfreePhspStyrox_w632.egsdat  ncase=2463912        cpu=38635.70   
631 fanfreePhspStyrox_w633.egsdat  ncase=2911896        cpu=39239.80   
632 fanfreePhspStyrox_w634.egsdat  ncase=3079890        cpu=38219.00   
633 fanfreePhspStyrox_w635.egsdat  ncase=3303882        cpu=38456.60   
634 fanfreePhspStyrox_w636.egsdat  ncase=2855898        cpu=38539.10   
635 fanfreePhspStyrox_w637.egsdat  ncase=2967894        cpu=38255.30   
636 fanfreePhspStyrox_w638.egsdat  ncase=2407914        cpu=38262.10   
637 fanfreePhspStyrox_w639.egsdat  ncase=2967894        cpu=38228.90   
638 fanfreePhspStyrox_w640.egsdat  ncase=2127924        cpu=38172.20   
639 fanfreePhspStyrox_w641.egsdat  ncase=3303882        cpu=38318.20   
640 fanfreePhspStyrox_w642.egsdat  ncase=2407914        cpu=38239.70   
641 fanfreePhspStyrox_w643.egsdat  ncase=2575908        cpu=38544.60   
642 fanfreePhspStyrox_w644.egsdat  ncase=2743902        cpu=39060.20   
643 fanfreePhspStyrox_w645.egsdat  ncase=2799900        cpu=38719.80   
644 fanfreePhspStyrox_w646.egsdat  ncase=2911896        cpu=39293.40   
645 fanfreePhspStyrox_w647.egsdat  ncase=2631906        cpu=38851.10   
646 fanfreePhspStyrox_w648.egsdat  ncase=2855898        cpu=38775.30   
647 fanfreePhspStyrox_w649.egsdat  ncase=2687904        cpu=38916.50   
648 fanfreePhspStyrox_w650.egsdat  ncase=2687904        cpu=39181.60   
649 fanfreePhspStyrox_w651.egsdat  ncase=2687904        cpu=38562.70   
650 fanfreePhspStyrox_w652.egsdat  ncase=2575908        cpu=38259.60   
651 fanfreePhspStyrox_w653.egsdat  ncase=2799900        cpu=38529.30   
652 fanfreePhspStyrox_w654.egsdat  ncase=3023892        cpu=38660.70   
653 fanfreePhspStyrox_w655.egsdat  ncase=2463912        cpu=39418.00   
654 fanfreePhspStyrox_w656.egsdat  ncase=2799900        cpu=38473.60   
655 fanfreePhspStyrox_w657.egsdat  ncase=2799900        cpu=39141.10   
656 fanfreePhspStyrox_w658.egsdat  ncase=2631906        cpu=38858.60   
657 fanfreePhspStyrox_w659.egsdat  ncase=2463912        cpu=39045.70   
658 fanfreePhspStyrox_w660.egsdat  ncase=1959930        cpu=38233.30   
659 fanfreePhspStyrox_w661.egsdat  ncase=2519910        cpu=38301.10   
660 fanfreePhspStyrox_w662.egsdat  ncase=2351916        cpu=38182.30   
661 fanfreePhspStyrox_w663.egsdat  ncase=2799900        cpu=38483.50   
662 fanfreePhspStyrox_w664.egsdat  ncase=2295918        cpu=38231.20   
663 fanfreePhspStyrox_w665.egsdat  ncase=2407914        cpu=38263.20   
664 fanfreePhspStyrox_w666.egsdat  ncase=2407914        cpu=38217.20   
665 fanfreePhspStyrox_w667.egsdat  ncase=2967894        cpu=39241.00   
666 fanfreePhspStyrox_w668.egsdat  ncase=3079890        cpu=38311.30   
667 fanfreePhspStyrox_w669.egsdat  ncase=2183922        cpu=38331.60   
668 fanfreePhspStyrox_w670.egsdat  ncase=2743902        cpu=38227.20   
669 fanfreePhspStyrox_w671.egsdat  ncase=2519910        cpu=38489.30   
670 fanfreePhspStyrox_w672.egsdat  ncase=2687904        cpu=38303.40   
671 fanfreePhspStyrox_w673.egsdat  ncase=3527874        cpu=38251.50   
672 fanfreePhspStyrox_w674.egsdat  ncase=2519910        cpu=38520.80   
673 fanfreePhspStyrox_w675.egsdat  ncase=2631906        cpu=38311.00   
674 fanfreePhspStyrox_w676.egsdat  ncase=2799900        cpu=39026.00   
675 fanfreePhspStyrox_w677.egsdat  ncase=2799900        cpu=38749.70   
676 fanfreePhspStyrox_w678.egsdat  ncase=2967894        cpu=38480.60   
677 fanfreePhspStyrox_w679.egsdat  ncase=2687904        cpu=38364.90   
678 fanfreePhspStyrox_w680.egsdat  ncase=2519910        cpu=38244.30   
679 fanfreePhspStyrox_w681.egsdat  ncase=2463912        cpu=38487.70   
680 fanfreePhspStyrox_w682.egsdat  ncase=2911896        cpu=38810.50   
681 fanfreePhspStyrox_w683.egsdat  ncase=2687904        cpu=38242.80   
682 fanfreePhspStyrox_w684.egsdat  ncase=3023892        cpu=38503.80   
683 fanfreePhspStyrox_w685.egsdat  ncase=3023892        cpu=38542.60   
684 fanfreePhspStyrox_w686.egsdat  ncase=2407914        cpu=38731.60   
685 fanfreePhspStyrox_w687.egsdat  ncase=2575908        cpu=38705.80   
686 fanfreePhspStyrox_w688.egsdat  ncase=2631906        cpu=39043.40   
687 fanfreePhspStyrox_w689.egsdat  ncase=2575908        cpu=38956.60   
688 fanfreePhspStyrox_w690.egsdat  ncase=2463912        cpu=38378.40   
689 fanfreePhspStyrox_w691.egsdat  ncase=2855898        cpu=38349.30   
690 fanfreePhspStyrox_w692.egsdat  ncase=2967894        cpu=38408.90   
691 fanfreePhspStyrox_w693.egsdat  ncase=2911896        cpu=38999.60   
692 fanfreePhspStyrox_w694.egsdat  ncase=2855898        cpu=38392.20   
693 fanfreePhspStyrox_w695.egsdat  ncase=2519910        cpu=38904.80   
694 fanfreePhspStyrox_w696.egsdat  ncase=2239920        cpu=38511.60   
695 fanfreePhspStyrox_w697.egsdat  ncase=3359880        cpu=38970.20   
696 fanfreePhspStyrox_w698.egsdat  ncase=2631906        cpu=38597.90   
697 fanfreePhspStyrox_w699.egsdat  ncase=2519910        cpu=38308.40   
698 fanfreePhspStyrox_w700.egsdat  ncase=2911896        cpu=38560.20   
699 fanfreePhspStyrox_w701.egsdat  ncase=2743902        cpu=38343.90   
700 fanfreePhspStyrox_w702.egsdat  ncase=2855898        cpu=38433.50   
701 fanfreePhspStyrox_w703.egsdat  ncase=2967894        cpu=38443.70   
702 fanfreePhspStyrox_w704.egsdat  ncase=2967894        cpu=38193.60   
703 fanfreePhspStyrox_w705.egsdat  ncase=2351916        cpu=38764.60   
704 fanfreePhspStyrox_w706.egsdat  ncase=3023892        cpu=38200.80   
705 fanfreePhspStyrox_w707.egsdat  ncase=3135888        cpu=38483.50   
706 fanfreePhspStyrox_w708.egsdat  ncase=3191886        cpu=38344.40   
707 fanfreePhspStyrox_w709.egsdat  ncase=3023892        cpu=38314.30   
708 fanfreePhspStyrox_w710.egsdat  ncase=3359880        cpu=38344.80   
709 fanfreePhspStyrox_w711.egsdat  ncase=2463912        cpu=38710.40   
710 fanfreePhspStyrox_w712.egsdat  ncase=2743902        cpu=38743.80   
711 fanfreePhspStyrox_w713.egsdat  ncase=2575908        cpu=39035.20   
712 fanfreePhspStyrox_w714.egsdat  ncase=2631906        cpu=39280.70   
713 fanfreePhspStyrox_w715.egsdat  ncase=2799900        cpu=38737.60   
714 fanfreePhspStyrox_w716.egsdat  ncase=2743902        cpu=38489.90   
715 fanfreePhspStyrox_w717.egsdat  ncase=2631906        cpu=38660.90   
716 fanfreePhspStyrox_w718.egsdat  ncase=2463912        cpu=39305.20   
717 fanfreePhspStyrox_w719.egsdat  ncase=2407914        cpu=38234.10   
718 fanfreePhspStyrox_w720.egsdat  ncase=2855898        cpu=38258.10   
719 fanfreePhspStyrox_w721.egsdat  ncase=2911896        cpu=38829.70   
720 fanfreePhspStyrox_w722.egsdat  ncase=2631906        cpu=38234.10   
721 fanfreePhspStyrox_w723.egsdat  ncase=2631906        cpu=38433.00   
722 fanfreePhspStyrox_w724.egsdat  ncase=2743902        cpu=39164.10   
723 fanfreePhspStyrox_w725.egsdat  ncase=2631906        cpu=38752.20   
724 fanfreePhspStyrox_w726.egsdat  ncase=2687904        cpu=39906.20   
725 fanfreePhspStyrox_w727.egsdat  ncase=2911896        cpu=38477.20   
726 fanfreePhspStyrox_w728.egsdat  ncase=2855898        cpu=38219.70   
727 fanfreePhspStyrox_w729.egsdat  ncase=3135888        cpu=38197.70   
728 fanfreePhspStyrox_w730.egsdat  ncase=2351916        cpu=38569.30   
729 fanfreePhspStyrox_w731.egsdat  ncase=2351916        cpu=38523.10   
730 fanfreePhspStyrox_w732.egsdat  ncase=2631906        cpu=38622.20   
731 fanfreePhspStyrox_w733.egsdat  ncase=2463912        cpu=38524.60   
732 fanfreePhspStyrox_w734.egsdat  ncase=2575908        cpu=38329.40   
733 fanfreePhspStyrox_w735.egsdat  ncase=2743902        cpu=38290.20   
734 fanfreePhspStyrox_w736.egsdat  ncase=2351916        cpu=38934.00   
735 fanfreePhspStyrox_w737.egsdat  ncase=2743902        cpu=39702.50   
736 fanfreePhspStyrox_w738.egsdat  ncase=2743902        cpu=39402.70   
737 fanfreePhspStyrox_w739.egsdat  ncase=2967894        cpu=38854.80   
738 fanfreePhspStyrox_w740.egsdat  ncase=3527874        cpu=38126.10   
739 fanfreePhspStyrox_w741.egsdat  ncase=3415878        cpu=38090.30   
740 fanfreePhspStyrox_w742.egsdat  ncase=3191886        cpu=38454.90   
741 fanfreePhspStyrox_w743.egsdat  ncase=3415878        cpu=38118.30   
742 fanfreePhspStyrox_w744.egsdat  ncase=3135888        cpu=38312.90   
743 fanfreePhspStyrox_w745.egsdat  ncase=3359880        cpu=38283.80   
744 fanfreePhspStyrox_w746.egsdat  ncase=2295918        cpu=38318.90   
745 fanfreePhspStyrox_w747.egsdat  ncase=2575908        cpu=38176.20   
746 fanfreePhspStyrox_w748.egsdat  ncase=2967894        cpu=38922.70   
747 fanfreePhspStyrox_w749.egsdat  ncase=2855898        cpu=38963.30   
748 fanfreePhspStyrox_w750.egsdat  ncase=2631906        cpu=38491.80   
749 fanfreePhspStyrox_w751.egsdat  ncase=2967894        cpu=38263.00   
750 fanfreePhspStyrox_w752.egsdat  ncase=2743902        cpu=39276.60   
751 fanfreePhspStyrox_w753.egsdat  ncase=3023892        cpu=39121.00   
752 fanfreePhspStyrox_w754.egsdat  ncase=2631906        cpu=38959.70   
753 fanfreePhspStyrox_w755.egsdat  ncase=3023892        cpu=38897.90   
754 fanfreePhspStyrox_w756.egsdat  ncase=2239920        cpu=38274.90   
755 fanfreePhspStyrox_w757.egsdat  ncase=2575908        cpu=38368.00   
756 fanfreePhspStyrox_w758.egsdat  ncase=2631906        cpu=38388.80   
757 fanfreePhspStyrox_w759.egsdat  ncase=2631906        cpu=38779.50   
758 fanfreePhspStyrox_w760.egsdat  ncase=2855898        cpu=38490.80   
759 fanfreePhspStyrox_w761.egsdat  ncase=3191886        cpu=38462.90   
760 fanfreePhspStyrox_w762.egsdat  ncase=2351916        cpu=38233.00   
761 fanfreePhspStyrox_w763.egsdat  ncase=2519910        cpu=38617.10   
762 fanfreePhspStyrox_w764.egsdat  ncase=2575908        cpu=38176.60   
763 fanfreePhspStyrox_w765.egsdat  ncase=2687904        cpu=38605.70   
764 fanfreePhspStyrox_w766.egsdat  ncase=2463912        cpu=38233.20   
765 fanfreePhspStyrox_w767.egsdat  ncase=2575908        cpu=39075.70   
766 fanfreePhspStyrox_w768.egsdat  ncase=2631906        cpu=38336.90   
767 fanfreePhspStyrox_w769.egsdat  ncase=3359880        cpu=38575.10   
768 fanfreePhspStyrox_w770.egsdat  ncase=2967894        cpu=38221.90   
769 fanfreePhspStyrox_w771.egsdat  ncase=2575908        cpu=38362.40   
770 fanfreePhspStyrox_w772.egsdat  ncase=2855898        cpu=38271.90   
771 fanfreePhspStyrox_w773.egsdat  ncase=3471876        cpu=38718.30   
772 fanfreePhspStyrox_w774.egsdat  ncase=3527874        cpu=38403.40   
773 fanfreePhspStyrox_w775.egsdat  ncase=2855898        cpu=38371.90   
774 fanfreePhspStyrox_w776.egsdat  ncase=3191886        cpu=38508.80   
775 fanfreePhspStyrox_w777.egsdat  ncase=2519910        cpu=39865.40   
776 fanfreePhspStyrox_w778.egsdat  ncase=2743902        cpu=38890.30   
777 fanfreePhspStyrox_w779.egsdat  ncase=2799900        cpu=38665.60   
778 fanfreePhspStyrox_w780.egsdat  ncase=2463912        cpu=38250.70   
779 fanfreePhspStyrox_w781.egsdat  ncase=2575908        cpu=38883.50   
780 fanfreePhspStyrox_w782.egsdat  ncase=2799900        cpu=39256.50   
781 fanfreePhspStyrox_w783.egsdat  ncase=2743902        cpu=38810.40   
782 fanfreePhspStyrox_w784.egsdat  ncase=2687904        cpu=38633.30   
783 fanfreePhspStyrox_w785.egsdat  ncase=3023892        cpu=38082.70   
784 fanfreePhspStyrox_w786.egsdat  ncase=2799900        cpu=38155.10   
785 fanfreePhspStyrox_w787.egsdat  ncase=2631906        cpu=39366.90   
786 fanfreePhspStyrox_w788.egsdat  ncase=2799900        cpu=38485.80   
787 fanfreePhspStyrox_w789.egsdat  ncase=2687904        cpu=38899.40   
788 fanfreePhspStyrox_w790.egsdat  ncase=3079890        cpu=38280.40   
789 fanfreePhspStyrox_w791.egsdat  ncase=2743902        cpu=38363.80   
790 fanfreePhspStyrox_w792.egsdat  ncase=2351916        cpu=39016.80   
791 fanfreePhspStyrox_w793.egsdat  ncase=2743902        cpu=38999.90   
792 fanfreePhspStyrox_w794.egsdat  ncase=2687904        cpu=38273.50   
793 fanfreePhspStyrox_w795.egsdat  ncase=2687904        cpu=38700.60   
794 fanfreePhspStyrox_w796.egsdat  ncase=2575908        cpu=38648.00   
795 fanfreePhspStyrox_w797.egsdat  ncase=2967894        cpu=38277.40   
796 fanfreePhspStyrox_w798.egsdat  ncase=2911896        cpu=38621.10   
797 fanfreePhspStyrox_w799.egsdat  ncase=2519910        cpu=38568.10   
798 fanfreePhspStyrox_w800.egsdat  ncase=2519910        cpu=38257.30   
799 fanfreePhspStyrox_w801.egsdat  ncase=2519910        cpu=38417.10   
800 fanfreePhspStyrox_w802.egsdat  ncase=2687904        cpu=38301.40   
801 fanfreePhspStyrox_w803.egsdat  ncase=2799900        cpu=38311.80   
802 fanfreePhspStyrox_w804.egsdat  ncase=2855898        cpu=38259.90   
803 fanfreePhspStyrox_w805.egsdat  ncase=2855898        cpu=38467.10   
804 fanfreePhspStyrox_w806.egsdat  ncase=2687904        cpu=38655.00   
805 fanfreePhspStyrox_w807.egsdat  ncase=2855898        cpu=38469.60   
806 fanfreePhspStyrox_w808.egsdat  ncase=2855898        cpu=38861.60   
807 fanfreePhspStyrox_w809.egsdat  ncase=3023892        cpu=38980.30   
808 fanfreePhspStyrox_w810.egsdat  ncase=3135888        cpu=38584.50   
809 fanfreePhspStyrox_w811.egsdat  ncase=2911896        cpu=38906.10   
810 fanfreePhspStyrox_w812.egsdat  ncase=3247884        cpu=38472.50   
811 fanfreePhspStyrox_w813.egsdat  ncase=3023892        cpu=38551.30   
812 fanfreePhspStyrox_w814.egsdat  ncase=3639870        cpu=38465.60   
813 fanfreePhspStyrox_w815.egsdat  ncase=3135888        cpu=39535.70   
814 fanfreePhspStyrox_w816.egsdat  ncase=2743902        cpu=38273.40   
815 fanfreePhspStyrox_w817.egsdat  ncase=3359880        cpu=38727.30   
816 fanfreePhspStyrox_w818.egsdat  ncase=3079890        cpu=38127.40   
817 fanfreePhspStyrox_w819.egsdat  ncase=2519910        cpu=38944.10   
818 fanfreePhspStyrox_w820.egsdat  ncase=2799900        cpu=38415.90   
819 fanfreePhspStyrox_w821.egsdat  ncase=2967894        cpu=38317.00   
820 fanfreePhspStyrox_w822.egsdat  ncase=3079890        cpu=39019.40   
821 fanfreePhspStyrox_w823.egsdat  ncase=3303882        cpu=38639.80   
822 fanfreePhspStyrox_w824.egsdat  ncase=3247884        cpu=38471.80   
823 fanfreePhspStyrox_w825.egsdat  ncase=3023892        cpu=39633.80   
824 fanfreePhspStyrox_w826.egsdat  ncase=2743902        cpu=38687.50   
825 fanfreePhspStyrox_w827.egsdat  ncase=2463912        cpu=38584.40   
826 fanfreePhspStyrox_w828.egsdat  ncase=2295918        cpu=39365.00   
827 fanfreePhspStyrox_w829.egsdat  ncase=2743902        cpu=38523.80   
828 fanfreePhspStyrox_w830.egsdat  ncase=2631906        cpu=39092.20   
829 fanfreePhspStyrox_w831.egsdat  ncase=2575908        cpu=39882.70   
830 fanfreePhspStyrox_w832.egsdat  ncase=2575908        cpu=38565.70   
831 fanfreePhspStyrox_w833.egsdat  ncase=2519910        cpu=38301.60   
832 fanfreePhspStyrox_w834.egsdat  ncase=2519910        cpu=38606.30   
833 fanfreePhspStyrox_w835.egsdat  ncase=2519910        cpu=38617.30   
834 fanfreePhspStyrox_w836.egsdat  ncase=3471876        cpu=38725.10   
835 fanfreePhspStyrox_w837.egsdat  ncase=2743902        cpu=38469.60   
836 fanfreePhspStyrox_w838.egsdat  ncase=3079890        cpu=38497.90   
837 fanfreePhspStyrox_w839.egsdat  ncase=3583872        cpu=38416.80   
838 fanfreePhspStyrox_w840.egsdat  ncase=2743902        cpu=38248.90   
839 fanfreePhspStyrox_w841.egsdat  ncase=3247884        cpu=38137.30   
840 fanfreePhspStyrox_w842.egsdat  ncase=3359880        cpu=38741.60   
841 fanfreePhspStyrox_w843.egsdat  ncase=3135888        cpu=38380.90   
842 fanfreePhspStyrox_w844.egsdat  ncase=3415878        cpu=39189.50   
843 fanfreePhspStyrox_w845.egsdat  ncase=3023892        cpu=38167.80   
844 fanfreePhspStyrox_w846.egsdat  ncase=3303882        cpu=38775.50   
845 fanfreePhspStyrox_w847.egsdat  ncase=3751866        cpu=38982.80   
846 fanfreePhspStyrox_w848.egsdat  ncase=3695868        cpu=38272.70   
847 fanfreePhspStyrox_w849.egsdat  ncase=3415878        cpu=38115.20   
848 fanfreePhspStyrox_w850.egsdat  ncase=2967894        cpu=38135.20   
849 fanfreePhspStyrox_w851.egsdat  ncase=3471876        cpu=38577.20   
850 fanfreePhspStyrox_w852.egsdat  ncase=3135888        cpu=38317.60   
851 fanfreePhspStyrox_w853.egsdat  ncase=2967894        cpu=38547.90   
852 fanfreePhspStyrox_w854.egsdat  ncase=2687904        cpu=38530.90   
853 fanfreePhspStyrox_w855.egsdat  ncase=2575908        cpu=38505.90   
854 fanfreePhspStyrox_w856.egsdat  ncase=2855898        cpu=38508.60   
855 fanfreePhspStyrox_w857.egsdat  ncase=2743902        cpu=38261.60   
856 fanfreePhspStyrox_w858.egsdat  ncase=2967894        cpu=40584.00   
857 fanfreePhspStyrox_w859.egsdat  ncase=2575908        cpu=39171.20   
858 fanfreePhspStyrox_w860.egsdat  ncase=2575908        cpu=38459.10   
859 fanfreePhspStyrox_w861.egsdat  ncase=2911896        cpu=38289.80   
860 fanfreePhspStyrox_w862.egsdat  ncase=3415878        cpu=38759.40   
861 fanfreePhspStyrox_w863.egsdat  ncase=3023892        cpu=38326.70   
862 fanfreePhspStyrox_w864.egsdat  ncase=3135888        cpu=38360.90   
863 fanfreePhspStyrox_w865.egsdat  ncase=2967894        cpu=38535.80   
864 fanfreePhspStyrox_w866.egsdat  ncase=3247884        cpu=38331.60   
865 fanfreePhspStyrox_w867.egsdat  ncase=3191886        cpu=38567.10   
866 fanfreePhspStyrox_w868.egsdat  ncase=3303882        cpu=38327.00   
867 fanfreePhspStyrox_w869.egsdat  ncase=2911896        cpu=38840.90   
868 fanfreePhspStyrox_w870.egsdat  ncase=2687904        cpu=38218.20   
869 fanfreePhspStyrox_w871.egsdat  ncase=2967894        cpu=38532.10   
870 fanfreePhspStyrox_w872.egsdat  ncase=2631906        cpu=38223.50   
871 fanfreePhspStyrox_w873.egsdat  ncase=3415878        cpu=38175.70   
872 fanfreePhspStyrox_w874.egsdat  ncase=2855898        cpu=38506.80   
873 fanfreePhspStyrox_w875.egsdat  ncase=2799900        cpu=38122.70   
874 fanfreePhspStyrox_w876.egsdat  ncase=2911896        cpu=38745.70   
875 fanfreePhspStyrox_w877.egsdat  ncase=3135888        cpu=38710.10   
876 fanfreePhspStyrox_w878.egsdat  ncase=2967894        cpu=39246.80   
877 fanfreePhspStyrox_w879.egsdat  ncase=3863862        cpu=38308.10   
878 fanfreePhspStyrox_w880.egsdat  ncase=3023892        cpu=38560.80   
879 fanfreePhspStyrox_w881.egsdat  ncase=3247884        cpu=38211.40   
880 fanfreePhspStyrox_w882.egsdat  ncase=3247884        cpu=38150.30   
881 fanfreePhspStyrox_w883.egsdat  ncase=3303882        cpu=38496.30   
882 fanfreePhspStyrox_w884.egsdat  ncase=2743902        cpu=38973.50   
883 fanfreePhspStyrox_w885.egsdat  ncase=3303882        cpu=38354.00   
884 fanfreePhspStyrox_w886.egsdat  ncase=2631906        cpu=38936.30   
885 fanfreePhspStyrox_w887.egsdat  ncase=3247884        cpu=38637.80   
886 fanfreePhspStyrox_w888.egsdat  ncase=2799900        cpu=38339.00   
887 fanfreePhspStyrox_w889.egsdat  ncase=2463912        cpu=38877.20   
888 fanfreePhspStyrox_w890.egsdat  ncase=2631906        cpu=38609.80   
889 fanfreePhspStyrox_w891.egsdat  ncase=2351916        cpu=38586.00   
890 fanfreePhspStyrox_w892.egsdat  ncase=3247884        cpu=38841.00   
891 fanfreePhspStyrox_w893.egsdat  ncase=2575908        cpu=38986.40   
892 fanfreePhspStyrox_w894.egsdat  ncase=3135888        cpu=38238.60   
893 fanfreePhspStyrox_w895.egsdat  ncase=3191886        cpu=38463.90   
894 fanfreePhspStyrox_w896.egsdat  ncase=3247884        cpu=38493.30   
895 fanfreePhspStyrox_w897.egsdat  ncase=2799900        cpu=38731.10   
896 fanfreePhspStyrox_w898.egsdat  ncase=2855898        cpu=38570.40   
897 fanfreePhspStyrox_w899.egsdat  ncase=2911896        cpu=38449.40   
898 fanfreePhspStyrox_w900.egsdat  ncase=3023892        cpu=38537.90   
899 fanfreePhspStyrox_w901.egsdat  ncase=3079890        cpu=38397.30   
900 fanfreePhspStyrox_w902.egsdat  ncase=3023892        cpu=38431.70   
901 fanfreePhspStyrox_w903.egsdat  ncase=3919860        cpu=38653.70   
902 fanfreePhspStyrox_w904.egsdat  ncase=2911896        cpu=39042.40   
903 fanfreePhspStyrox_w905.egsdat  ncase=3695868        cpu=38428.30   
904 fanfreePhspStyrox_w906.egsdat  ncase=3247884        cpu=38133.80   
905 fanfreePhspStyrox_w907.egsdat  ncase=2631906        cpu=38262.10   
906 fanfreePhspStyrox_w908.egsdat  ncase=3023892        cpu=38307.90   
907 fanfreePhspStyrox_w909.egsdat  ncase=3359880        cpu=38506.00   
908 fanfreePhspStyrox_w910.egsdat  ncase=3247884        cpu=38645.50   
909 fanfreePhspStyrox_w911.egsdat  ncase=3471876        cpu=38509.70   
910 fanfreePhspStyrox_w912.egsdat  ncase=3079890        cpu=38568.80   
911 fanfreePhspStyrox_w913.egsdat  ncase=2911896        cpu=38528.10   
912 fanfreePhspStyrox_w914.egsdat  ncase=3695868        cpu=39436.70   
913 fanfreePhspStyrox_w915.egsdat  ncase=2743902        cpu=38491.90   
914 fanfreePhspStyrox_w916.egsdat  ncase=3135888        cpu=38274.20   
915 fanfreePhspStyrox_w917.egsdat  ncase=3247884        cpu=39025.80   
916 fanfreePhspStyrox_w918.egsdat  ncase=2519910        cpu=38527.60   
917 fanfreePhspStyrox_w919.egsdat  ncase=2631906        cpu=38358.90   
918 fanfreePhspStyrox_w920.egsdat  ncase=2799900        cpu=38745.30   
919 fanfreePhspStyrox_w921.egsdat  ncase=2631906        cpu=38590.70   
920 fanfreePhspStyrox_w922.egsdat  ncase=2575908        cpu=38265.80   
921 fanfreePhspStyrox_w923.egsdat  ncase=2743902        cpu=38863.90   
922 fanfreePhspStyrox_w924.egsdat  ncase=3303882        cpu=38506.60   
923 fanfreePhspStyrox_w925.egsdat  ncase=3247884        cpu=38274.40   
924 fanfreePhspStyrox_w926.egsdat  ncase=2799900        cpu=38198.30   
925 fanfreePhspStyrox_w927.egsdat  ncase=3191886        cpu=38420.90   
926 fanfreePhspStyrox_w928.egsdat  ncase=3191886        cpu=38318.60   
927 fanfreePhspStyrox_w929.egsdat  ncase=2855898        cpu=38135.50   
928 fanfreePhspStyrox_w930.egsdat  ncase=3471876        cpu=38135.80   
929 fanfreePhspStyrox_w931.egsdat  ncase=2967894        cpu=38609.50   
930 fanfreePhspStyrox_w932.egsdat  ncase=2967894        cpu=38185.90   
931 fanfreePhspStyrox_w933.egsdat  ncase=3751866        cpu=38641.00   
932 fanfreePhspStyrox_w934.egsdat  ncase=2743902        cpu=38346.00   
933 fanfreePhspStyrox_w935.egsdat  ncase=2743902        cpu=38226.20   
934 fanfreePhspStyrox_w936.egsdat  ncase=3247884        cpu=38845.90   
935 fanfreePhspStyrox_w937.egsdat  ncase=3359880        cpu=38288.50   
936 fanfreePhspStyrox_w938.egsdat  ncase=3135888        cpu=38294.00   
937 fanfreePhspStyrox_w939.egsdat  ncase=3079890        cpu=38219.90   
938 fanfreePhspStyrox_w940.egsdat  ncase=3079890        cpu=38233.00   
939 fanfreePhspStyrox_w941.egsdat  ncase=3303882        cpu=38555.80   
940 fanfreePhspStyrox_w942.egsdat  ncase=3415878        cpu=38075.80   
941 fanfreePhspStyrox_w943.egsdat  ncase=2911896        cpu=38143.60   
942 fanfreePhspStyrox_w944.egsdat  ncase=2687904        cpu=38284.10   
943 fanfreePhspStyrox_w945.egsdat  ncase=4143852        cpu=38708.20   
944 fanfreePhspStyrox_w946.egsdat  ncase=2463912        cpu=38078.50   
945 fanfreePhspStyrox_w947.egsdat  ncase=2967894        cpu=38385.40   
946 fanfreePhspStyrox_w948.egsdat  ncase=2967894        cpu=38551.20   
947 fanfreePhspStyrox_w949.egsdat  ncase=2799900        cpu=37985.00   
948 fanfreePhspStyrox_w950.egsdat  ncase=3751866        cpu=38459.40   
949 fanfreePhspStyrox_w951.egsdat  ncase=3359880        cpu=38683.20   
950 fanfreePhspStyrox_w952.egsdat  ncase=3023892        cpu=38521.50   
951 fanfreePhspStyrox_w953.egsdat  ncase=3135888        cpu=38256.30   
952 fanfreePhspStyrox_w954.egsdat  ncase=2743902        cpu=38175.40   
953 fanfreePhspStyrox_w955.egsdat  ncase=3079890        cpu=38472.50   
954 fanfreePhspStyrox_w956.egsdat  ncase=3919860        cpu=38271.80   
955 fanfreePhspStyrox_w957.egsdat  ncase=3639870        cpu=38176.40   
956 fanfreePhspStyrox_w958.egsdat  ncase=3079890        cpu=38193.00   
957 fanfreePhspStyrox_w959.egsdat  ncase=2799900        cpu=38362.10   
958 fanfreePhspStyrox_w960.egsdat  ncase=2855898        cpu=38424.30   
959 fanfreePhspStyrox_w961.egsdat  ncase=3079890        cpu=38126.30   
960 fanfreePhspStyrox_w962.egsdat  ncase=3135888        cpu=38121.30   
961 fanfreePhspStyrox_w963.egsdat  ncase=3527874        cpu=38676.80   
962 fanfreePhspStyrox_w964.egsdat  ncase=3135888        cpu=38557.30   
963 fanfreePhspStyrox_w965.egsdat  ncase=2855898        cpu=38265.10   
964 fanfreePhspStyrox_w966.egsdat  ncase=3247884        cpu=38180.80   
965 fanfreePhspStyrox_w967.egsdat  ncase=3919860        cpu=38203.50   
966 fanfreePhspStyrox_w968.egsdat  ncase=3639870        cpu=38710.60   
967 fanfreePhspStyrox_w969.egsdat  ncase=2183922        cpu=38423.70   
968 fanfreePhspStyrox_w970.egsdat  ncase=2407914        cpu=38525.80   
969 fanfreePhspStyrox_w971.egsdat  ncase=2855898        cpu=38448.30   
970 fanfreePhspStyrox_w972.egsdat  ncase=2239920        cpu=38724.00   
971 fanfreePhspStyrox_w973.egsdat  ncase=2239920        cpu=38025.90   
972 fanfreePhspStyrox_w974.egsdat  ncase=2519910        cpu=38493.90   
973 fanfreePhspStyrox_w975.egsdat  ncase=2799900        cpu=38424.80   
974 fanfreePhspStyrox_w976.egsdat  ncase=3247884        cpu=37818.00   
975 fanfreePhspStyrox_w977.egsdat  ncase=3471876        cpu=38350.70   
976 fanfreePhspStyrox_w978.egsdat  ncase=3023892        cpu=38315.40   
977 fanfreePhspStyrox_w979.egsdat  ncase=2967894        cpu=37538.70   
978 fanfreePhspStyrox_w980.egsdat  ncase=2799900        cpu=38032.90   
979 fanfreePhspStyrox_w981.egsdat  ncase=2911896        cpu=37629.90   
980 fanfreePhspStyrox_w982.egsdat  ncase=2967894        cpu=37328.00   
981 fanfreePhspStyrox_w983.egsdat  ncase=2687904        cpu=37699.80   
982 fanfreePhspStyrox_w984.egsdat  ncase=2855898        cpu=37497.70   
983 fanfreePhspStyrox_w985.egsdat  ncase=2799900        cpu=37288.20   
984 fanfreePhspStyrox_w986.egsdat  ncase=3079890        cpu=37151.50   
985 fanfreePhspStyrox_w987.egsdat  ncase=3359880        cpu=37159.90   
986 fanfreePhspStyrox_w988.egsdat  ncase=2911896        cpu=37250.70   
987 fanfreePhspStyrox_w989.egsdat  ncase=2463912        cpu=37520.60   
988 fanfreePhspStyrox_w990.egsdat  ncase=2519910        cpu=37586.70   
989 fanfreePhspStyrox_w991.egsdat  ncase=2631906        cpu=37307.20   
990 fanfreePhspStyrox_w992.egsdat  ncase=2519910        cpu=37375.70   
991 fanfreePhspStyrox_w993.egsdat  ncase=2463912        cpu=37335.80   
992 fanfreePhspStyrox_w994.egsdat  ncase=2799900        cpu=37332.40   
993 fanfreePhspStyrox_w995.egsdat  ncase=3023892        cpu=37156.50   
994 fanfreePhspStyrox_w996.egsdat  ncase=2799900        cpu=37121.30   
995 fanfreePhspStyrox_w997.egsdat  ncase=2855898        cpu=37202.90   
996 fanfreePhspStyrox_w998.egsdat  ncase=3023892        cpu=37114.80   
997 fanfreePhspStyrox_w999.egsdat  ncase=2911896        cpu=37669.40   
998 fanfreePhspStyrox_w1000.egsdat ncase=2575908        cpu=37346.90   
=======================================================================
                            Total ncase=2799900000     cpu=38695833.20



Finished simulation

Total cpu time for this run:            1.06 (sec.) 0.0003(hours)
CPU time including previous runs:       38695834.26 (sec.) 10748.8428 (hours)
Histories per hour:                     260484        
Number of random numbers used:          303798683267472
Number of electron CH steps:            2.45276e+11   
Number of all electron steps:           8.98712e+13   


 last case = 107678184 Etot = 5.43884e+06


======================================================
 Energy fractions
======================================================
The first and last items in the following list of energy fractions are the reflected and transmitted energy, respectively. These two values are only meaningful if the source is directed in the positive z-direction. The remaining values are the deposited energy fractions in the regions of the geometry, but notice that the identifying index is the region number offset by 1 (ir+1).

ir+1 | Reflected, deposited, or transmitted energy fraction for 107678184 particles:

  0  5.314146e-02 +/- 1.890159e-05  
  1  9.033707e-08 +/- 4.436221e-09  
  2  1.186961e-07 +/- 5.239651e-09  
  3  1.415176e-07 +/- 5.620628e-09  
  4  1.769586e-07 +/- 6.413251e-09  
  5  2.217122e-07 +/- 7.084956e-09  
  6  3.523887e-07 +/- 8.921718e-09  
  7  6.518204e-07 +/- 1.236451e-08  
  8  9.974681e-07 +/- 1.542037e-08  
  9  1.280193e-06 +/- 1.731725e-08  
  10  1.512241e-06 +/- 1.876604e-08  
  11  1.577697e-06 +/- 1.927135e-08  
  12  1.611627e-06 +/- 1.943954e-08  
  13  1.630029e-06 +/- 1.960484e-08  
  14  1.654196e-06 +/- 1.978043e-08  
  15  1.673469e-06 +/- 1.977927e-08  
  16  1.662944e-06 +/- 1.979776e-08  
  17  1.656452e-06 +/- 1.976217e-08  
  18  1.686650e-06 +/- 1.991456e-08  
  19  1.703322e-06 +/- 2.014605e-08  
  20  1.727191e-06 +/- 2.010176e-08  
  21  1.695532e-06 +/- 1.997923e-08  
  22  1.727659e-06 +/- 2.032290e-08  
  23  1.708558e-06 +/- 2.022500e-08  
  24  1.670182e-06 +/- 1.980110e-08  
  25  1.677785e-06 +/- 1.991201e-08  
  26  1.663066e-06 +/- 1.975319e-08  
  27  1.656782e-06 +/- 1.966106e-08  
  28  1.656174e-06 +/- 1.988434e-08  
  29  1.624085e-06 +/- 1.956039e-08  
  30  1.583217e-06 +/- 1.935956e-08  
  31  1.519293e-06 +/- 1.897603e-08  
  32  1.321851e-06 +/- 1.770141e-08  
  33  9.812077e-07 +/- 1.532028e-08  
  34  6.208592e-07 +/- 1.191810e-08  
  35  3.563691e-07 +/- 9.064974e-09  
  36  2.189818e-07 +/- 7.137665e-09  
  37  1.643976e-07 +/- 5.987260e-09  
  38  1.406988e-07 +/- 5.646523e-09  
  39  1.177137e-07 +/- 5.073391e-09  
  40  8.443062e-08 +/- 4.253341e-09  
  41  0.000000e+00 +/- 0.000000e+00  
  42  0.000000e+00 +/- 0.000000e+00  
  43  0.000000e+00 +/- 0.000000e+00  
  44  0.000000e+00 +/- 0.000000e+00  
  45  0.000000e+00 +/- 0.000000e+00  
  46  0.000000e+00 +/- 0.000000e+00  
  47  0.000000e+00 +/- 0.000000e+00  
  48  0.000000e+00 +/- 0.000000e+00  
  49  0.000000e+00 +/- 0.000000e+00  
  50  0.000000e+00 +/- 0.000000e+00  
  51  0.000000e+00 +/- 0.000000e+00  
  52  0.000000e+00 +/- 0.000000e+00  
  53  0.000000e+00 +/- 0.000000e+00  
  54  0.000000e+00 +/- 0.000000e+00  
  55  0.000000e+00 +/- 0.000000e+00  
  56  0.000000e+00 +/- 0.000000e+00  
  57  0.000000e+00 +/- 0.000000e+00  
  58  0.000000e+00 +/- 0.000000e+00  
  59  0.000000e+00 +/- 0.000000e+00  
  60  0.000000e+00 +/- 0.000000e+00  
  61  0.000000e+00 +/- 0.000000e+00  
  62  0.000000e+00 +/- 0.000000e+00  
  63  0.000000e+00 +/- 0.000000e+00  
  64  0.000000e+00 +/- 0.000000e+00  
  65  0.000000e+00 +/- 0.000000e+00  
  66  0.000000e+00 +/- 0.000000e+00  
  67  0.000000e+00 +/- 0.000000e+00  
  68  0.000000e+00 +/- 0.000000e+00  
  69  0.000000e+00 +/- 0.000000e+00  
  70  0.000000e+00 +/- 0.000000e+00  
  71  0.000000e+00 +/- 0.000000e+00  
  72  0.000000e+00 +/- 0.000000e+00  
  73  0.000000e+00 +/- 0.000000e+00  
  74  0.000000e+00 +/- 0.000000e+00  
  75  0.000000e+00 +/- 0.000000e+00  
  76  0.000000e+00 +/- 0.000000e+00  
  77  0.000000e+00 +/- 0.000000e+00  
  78  0.000000e+00 +/- 0.000000e+00  
  79  0.000000e+00 +/- 0.000000e+00  
  80  0.000000e+00 +/- 0.000000e+00  
  81  0.000000e+00 +/- 0.000000e+00  
  82  0.000000e+00 +/- 0.000000e+00  
  83  0.000000e+00 +/- 0.000000e+00  
  84  0.000000e+00 +/- 0.000000e+00  
  85  0.000000e+00 +/- 0.000000e+00  
  86  0.000000e+00 +/- 0.000000e+00  
  87  0.000000e+00 +/- 0.000000e+00  
  88  0.000000e+00 +/- 0.000000e+00  
  89  0.000000e+00 +/- 0.000000e+00  
  90  0.000000e+00 +/- 0.000000e+00  
  91  0.000000e+00 +/- 0.000000e+00  
  92  0.000000e+00 +/- 0.000000e+00  
  93  0.000000e+00 +/- 0.000000e+00  
  94  0.000000e+00 +/- 0.000000e+00  
  95  0.000000e+00 +/- 0.000000e+00  
  96  0.000000e+00 +/- 0.000000e+00  
  97  0.000000e+00 +/- 0.000000e+00  
  98  0.000000e+00 +/- 0.000000e+00  
  99  0.000000e+00 +/- 0.000000e+00  
  100  0.000000e+00 +/- 0.000000e+00  
  101  0.000000e+00 +/- 0.000000e+00  
  102  0.000000e+00 +/- 0.000000e+00  
  103  0.000000e+00 +/- 0.000000e+00  
  104  0.000000e+00 +/- 0.000000e+00  
  105  0.000000e+00 +/- 0.000000e+00  
  106  0.000000e+00 +/- 0.000000e+00  
  107  0.000000e+00 +/- 0.000000e+00  
  108  0.000000e+00 +/- 0.000000e+00  
  109  0.000000e+00 +/- 0.000000e+00  
  110  0.000000e+00 +/- 0.000000e+00  
  111  0.000000e+00 +/- 0.000000e+00  
  112  0.000000e+00 +/- 0.000000e+00  
  113  0.000000e+00 +/- 0.000000e+00  
  114  0.000000e+00 +/- 0.000000e+00  
  115  0.000000e+00 +/- 0.000000e+00  
  116  0.000000e+00 +/- 0.000000e+00  
  117  0.000000e+00 +/- 0.000000e+00  
  118  0.000000e+00 +/- 0.000000e+00  
  119  0.000000e+00 +/- 0.000000e+00  
  120  0.000000e+00 +/- 0.000000e+00  
  121  0.000000e+00 +/- 0.000000e+00  
  122  0.000000e+00 +/- 0.000000e+00  
  123  0.000000e+00 +/- 0.000000e+00  
  124  0.000000e+00 +/- 0.000000e+00  
  125  0.000000e+00 +/- 0.000000e+00  
  126  0.000000e+00 +/- 0.000000e+00  
  127  0.000000e+00 +/- 0.000000e+00  
  128  0.000000e+00 +/- 0.000000e+00  
  129  0.000000e+00 +/- 0.000000e+00  
  130  0.000000e+00 +/- 0.000000e+00  
  131  0.000000e+00 +/- 0.000000e+00  
  132  0.000000e+00 +/- 0.000000e+00  
  133  0.000000e+00 +/- 0.000000e+00  
  134  0.000000e+00 +/- 0.000000e+00  
  135  0.000000e+00 +/- 0.000000e+00  
  136  0.000000e+00 +/- 0.000000e+00  
  137  0.000000e+00 +/- 0.000000e+00  
  138  0.000000e+00 +/- 0.000000e+00  
  139  0.000000e+00 +/- 0.000000e+00  
  140  0.000000e+00 +/- 0.000000e+00  
  141  0.000000e+00 +/- 0.000000e+00  
  142  0.000000e+00 +/- 0.000000e+00  
  143  0.000000e+00 +/- 0.000000e+00  
  144  0.000000e+00 +/- 0.000000e+00  
  145  0.000000e+00 +/- 0.000000e+00  
  146  0.000000e+00 +/- 0.000000e+00  
  147  0.000000e+00 +/- 0.000000e+00  
  148  0.000000e+00 +/- 0.000000e+00  
  149  0.000000e+00 +/- 0.000000e+00  
  150  0.000000e+00 +/- 0.000000e+00  
  151  0.000000e+00 +/- 0.000000e+00  
  152  0.000000e+00 +/- 0.000000e+00  
  153  0.000000e+00 +/- 0.000000e+00  
  154  0.000000e+00 +/- 0.000000e+00  
  155  0.000000e+00 +/- 0.000000e+00  
  156  0.000000e+00 +/- 0.000000e+00  
  157  0.000000e+00 +/- 0.000000e+00  
  158  0.000000e+00 +/- 0.000000e+00  
  159  0.000000e+00 +/- 0.000000e+00  
  160  0.000000e+00 +/- 0.000000e+00  
  161  0.000000e+00 +/- 0.000000e+00  
  162  0.000000e+00 +/- 0.000000e+00  
  163  2.276754e-01 +/- 4.373660e-05  
  164  1.629472e-04 +/- 1.642021e-07  
  165  3.319503e-01 +/- 4.902707e-05  
  166  3.945045e-03 +/- 5.230035e-06  
  167  8.104877e-05 +/- 9.076625e-08  
  168  3.991740e-03 +/- 5.036916e-06  
  169  0.000000e+00 +/- 0.000000e+00  
  170  0.000000e+00 +/- 0.000000e+00  
  171  0.000000e+00 +/- 0.000000e+00  
  172  9.748868e-02 +/- 2.991474e-05  
  173  6.192956e-05 +/- 9.467991e-08  
  174  9.754162e-02 +/- 2.991406e-05  
  175  2.107334e-03 +/- 3.028040e-06  
  176  2.926362e-05 +/- 5.308065e-08  
  177  2.101921e-03 +/- 3.024327e-06  
  178  0.000000e+00 +/- 0.000000e+00  
  179  0.000000e+00 +/- 0.000000e+00  
  180  0.000000e+00 +/- 0.000000e+00  
  181  7.903873e-06 +/- 1.286590e-07  
  182  2.719496e-04 +/- 8.686468e-07  
  183  7.753545e-06 +/- 1.236767e-07  
  184  5.981570e-04 +/- 3.049798e-06  
  185  1.875759e-04 +/- 1.578961e-07  
  186  6.061895e-04 +/- 3.082731e-06  
  187  6.784548e-06 +/- 1.079955e-07  
  188  2.449656e-04 +/- 6.217150e-07  
  189  6.700482e-06 +/- 1.039966e-07  
  190  2.072517e-04 +/- 2.961652e-07  
  191  4.165301e-04 +/- 1.875087e-06  
  192  2.076118e-04 +/- 3.014516e-07  
  193  2.772064e-04 +/- 4.397600e-07  
  194  7.796292e-02 +/- 1.829842e-05  
  195  2.769371e-04 +/- 4.415619e-07  
  196  2.065967e-04 +/- 2.960668e-07  
  197  3.519259e-04 +/- 1.350852e-06  
  198  2.064596e-04 +/- 2.919192e-07  
  199  0.000000e+00 +/- 0.000000e+00  
  200  0.000000e+00 +/- 0.000000e+00  
  201  0.000000e+00 +/- 0.000000e+00  
  202  0.000000e+00 +/- 0.000000e+00  
  203  0.000000e+00 +/- 0.000000e+00  
  204  0.000000e+00 +/- 0.000000e+00  
  205  0.000000e+00 +/- 0.000000e+00  
  206  0.000000e+00 +/- 0.000000e+00  
  207  0.000000e+00 +/- 0.000000e+00  
  208  0.000000e+00 +/- 0.000000e+00  
  209  0.000000e+00 +/- 0.000000e+00  
  210  0.000000e+00 +/- 0.000000e+00  
  211  0.000000e+00 +/- 0.000000e+00  
  212  0.000000e+00 +/- 0.000000e+00  
  213  0.000000e+00 +/- 0.000000e+00  
  214  0.000000e+00 +/- 0.000000e+00  
  215  0.000000e+00 +/- 0.000000e+00  
  216  0.000000e+00 +/- 0.000000e+00  
  217  9.499543e-04 +/- 4.585700e-07  
  218  0.000000e+00 +/- 0.000000e+00  
  219  0.000000e+00 +/- 0.000000e+00  
  220  0.000000e+00 +/- 0.000000e+00  
  221  0.000000e+00 +/- 0.000000e+00  
  222  0.000000e+00 +/- 0.000000e+00  
  223  0.000000e+00 +/- 0.000000e+00  
  224  0.000000e+00 +/- 0.000000e+00  
  225  0.000000e+00 +/- 0.000000e+00  
  226  0.000000e+00 +/- 0.000000e+00  
  227  0.000000e+00 +/- 0.000000e+00  
  228  0.000000e+00 +/- 0.000000e+00  
  229  0.000000e+00 +/- 0.000000e+00  
  230  0.000000e+00 +/- 0.000000e+00  
  231  0.000000e+00 +/- 0.000000e+00  
  232  0.000000e+00 +/- 0.000000e+00  
  233  0.000000e+00 +/- 0.000000e+00  
  234  0.000000e+00 +/- 0.000000e+00  
  235  0.000000e+00 +/- 0.000000e+00  
  236  0.000000e+00 +/- 0.000000e+00  
  237  0.000000e+00 +/- 0.000000e+00  
  238  0.000000e+00 +/- 0.000000e+00  
  239  0.000000e+00 +/- 0.000000e+00  
  240  0.000000e+00 +/- 0.000000e+00  
  241  0.000000e+00 +/- 0.000000e+00  
  242  0.000000e+00 +/- 0.000000e+00  
  243  0.000000e+00 +/- 0.000000e+00  
  244  1.257549e-03 +/- 5.844578e-07  
  245  0.000000e+00 +/- 0.000000e+00  
  246  0.000000e+00 +/- 0.000000e+00  
  247  0.000000e+00 +/- 0.000000e+00  
  248  0.000000e+00 +/- 0.000000e+00  
  249  0.000000e+00 +/- 0.000000e+00  
  250  0.000000e+00 +/- 0.000000e+00  
  251  0.000000e+00 +/- 0.000000e+00  
  252  0.000000e+00 +/- 0.000000e+00  
  253  0.000000e+00 +/- 0.000000e+00  
  254  0.000000e+00 +/- 0.000000e+00  
  255  0.000000e+00 +/- 0.000000e+00  
  256  0.000000e+00 +/- 0.000000e+00  
  257  0.000000e+00 +/- 0.000000e+00  
  258  0.000000e+00 +/- 0.000000e+00  
  259  0.000000e+00 +/- 0.000000e+00  
  260  0.000000e+00 +/- 0.000000e+00  
  261  0.000000e+00 +/- 0.000000e+00  
  262  0.000000e+00 +/- 0.000000e+00  
  263  0.000000e+00 +/- 0.000000e+00  
  264  0.000000e+00 +/- 0.000000e+00  
  265  0.000000e+00 +/- 0.000000e+00  
  266  0.000000e+00 +/- 0.000000e+00  
  267  0.000000e+00 +/- 0.000000e+00  
  268  0.000000e+00 +/- 0.000000e+00  
  269  0.000000e+00 +/- 0.000000e+00  
  270  0.000000e+00 +/- 0.000000e+00  
  271  0.000000e+00 +/- 0.000000e+00  
  272  0.000000e+00 +/- 0.000000e+00  
  273  0.000000e+00 +/- 0.000000e+00  
  274  0.000000e+00 +/- 0.000000e+00  
  275  0.000000e+00 +/- 0.000000e+00  
  276  0.000000e+00 +/- 0.000000e+00  
  277  0.000000e+00 +/- 0.000000e+00  
  278  0.000000e+00 +/- 0.000000e+00  
  279  0.000000e+00 +/- 0.000000e+00  
  280  0.000000e+00 +/- 0.000000e+00  
  281  0.000000e+00 +/- 0.000000e+00  
  282  0.000000e+00 +/- 0.000000e+00  
  283  0.000000e+00 +/- 0.000000e+00  
  284  0.000000e+00 +/- 0.000000e+00  
  285  0.000000e+00 +/- 0.000000e+00  
  286  0.000000e+00 +/- 0.000000e+00  
  287  0.000000e+00 +/- 0.000000e+00  
  288  0.000000e+00 +/- 0.000000e+00  
  289  0.000000e+00 +/- 0.000000e+00  
  290  0.000000e+00 +/- 0.000000e+00  
  291  0.000000e+00 +/- 0.000000e+00  
  292  0.000000e+00 +/- 0.000000e+00  
  293  0.000000e+00 +/- 0.000000e+00  
  294  0.000000e+00 +/- 0.000000e+00  
  295  0.000000e+00 +/- 0.000000e+00  
  296  0.000000e+00 +/- 0.000000e+00  
  297  0.000000e+00 +/- 0.000000e+00  
  298  0.000000e+00 +/- 0.000000e+00  
  299  0.000000e+00 +/- 0.000000e+00  
  300  0.000000e+00 +/- 0.000000e+00  
  301  0.000000e+00 +/- 0.000000e+00  
  302  0.000000e+00 +/- 0.000000e+00  
  303  0.000000e+00 +/- 0.000000e+00  
  304  0.000000e+00 +/- 0.000000e+00  
  305  0.000000e+00 +/- 0.000000e+00  
  306  0.000000e+00 +/- 0.000000e+00  
  307  0.000000e+00 +/- 0.000000e+00  
  308  0.000000e+00 +/- 0.000000e+00  
  309  0.000000e+00 +/- 0.000000e+00  
  310  0.000000e+00 +/- 0.000000e+00  
  311  0.000000e+00 +/- 0.000000e+00  
  312  0.000000e+00 +/- 0.000000e+00  
  313  0.000000e+00 +/- 0.000000e+00  
  314  0.000000e+00 +/- 0.000000e+00  
  315  0.000000e+00 +/- 0.000000e+00  
  316  0.000000e+00 +/- 0.000000e+00  
  317  0.000000e+00 +/- 0.000000e+00  
  318  0.000000e+00 +/- 0.000000e+00  
  319  0.000000e+00 +/- 0.000000e+00  
  320  0.000000e+00 +/- 0.000000e+00  
  321  0.000000e+00 +/- 0.000000e+00  
  322  0.000000e+00 +/- 0.000000e+00  
  323  0.000000e+00 +/- 0.000000e+00  
  324  0.000000e+00 +/- 0.000000e+00  
  325  7.434628e-02 +/- 1.722084e-05  
  326  0.000000e+00 +/- 0.000000e+00  
  327  0.000000e+00 +/- 0.000000e+00  
  328  0.000000e+00 +/- 0.000000e+00  
  329  0.000000e+00 +/- 0.000000e+00  
  330  0.000000e+00 +/- 0.000000e+00  
  331  0.000000e+00 +/- 0.000000e+00  
  332  0.000000e+00 +/- 0.000000e+00  
  333  0.000000e+00 +/- 0.000000e+00  
  334  0.000000e+00 +/- 0.000000e+00  
  335  0.000000e+00 +/- 0.000000e+00  
  336  0.000000e+00 +/- 0.000000e+00  
  337  0.000000e+00 +/- 0.000000e+00  
  338  0.000000e+00 +/- 0.000000e+00  
  339  0.000000e+00 +/- 0.000000e+00  
  340  0.000000e+00 +/- 0.000000e+00  
  341  0.000000e+00 +/- 0.000000e+00  
  342  0.000000e+00 +/- 0.000000e+00  
  343  0.000000e+00 +/- 0.000000e+00  
  344  0.000000e+00 +/- 0.000000e+00  
  345  0.000000e+00 +/- 0.000000e+00  
  346  0.000000e+00 +/- 0.000000e+00  
  347  0.000000e+00 +/- 0.000000e+00  
  348  0.000000e+00 +/- 0.000000e+00  
  349  0.000000e+00 +/- 0.000000e+00  
  350  0.000000e+00 +/- 0.000000e+00  
  351  0.000000e+00 +/- 0.000000e+00  
  352  0.000000e+00 +/- 0.000000e+00  
  353  0.000000e+00 +/- 0.000000e+00  
  354  0.000000e+00 +/- 0.000000e+00  
  355  0.000000e+00 +/- 0.000000e+00  
  356  0.000000e+00 +/- 0.000000e+00  
  357  0.000000e+00 +/- 0.000000e+00  
  358  0.000000e+00 +/- 0.000000e+00  
  359  0.000000e+00 +/- 0.000000e+00  
  360  0.000000e+00 +/- 0.000000e+00  
  361  0.000000e+00 +/- 0.000000e+00  
  362  0.000000e+00 +/- 0.000000e+00  
  363  0.000000e+00 +/- 0.000000e+00  
  364  0.000000e+00 +/- 0.000000e+00  
  365  0.000000e+00 +/- 0.000000e+00  
  366  0.000000e+00 +/- 0.000000e+00  
  367  0.000000e+00 +/- 0.000000e+00  
  368  0.000000e+00 +/- 0.000000e+00  
  369  0.000000e+00 +/- 0.000000e+00  
  370  0.000000e+00 +/- 0.000000e+00  
  371  0.000000e+00 +/- 0.000000e+00  
  372  0.000000e+00 +/- 0.000000e+00  
  373  0.000000e+00 +/- 0.000000e+00  
  374  0.000000e+00 +/- 0.000000e+00  
  375  0.000000e+00 +/- 0.000000e+00  
  376  0.000000e+00 +/- 0.000000e+00  
  377  0.000000e+00 +/- 0.000000e+00  
  378  0.000000e+00 +/- 0.000000e+00  
  379  0.000000e+00 +/- 0.000000e+00  
  380  0.000000e+00 +/- 0.000000e+00  
  381  0.000000e+00 +/- 0.000000e+00  
  382  0.000000e+00 +/- 0.000000e+00  
  383  0.000000e+00 +/- 0.000000e+00  
  384  0.000000e+00 +/- 0.000000e+00  
  385  0.000000e+00 +/- 0.000000e+00  
  386  0.000000e+00 +/- 0.000000e+00  
  387  0.000000e+00 +/- 0.000000e+00  
  388  0.000000e+00 +/- 0.000000e+00  
  389  0.000000e+00 +/- 0.000000e+00  
  390  0.000000e+00 +/- 0.000000e+00  
  391  0.000000e+00 +/- 0.000000e+00  
  392  0.000000e+00 +/- 0.000000e+00  
  393  0.000000e+00 +/- 0.000000e+00  
  394  0.000000e+00 +/- 0.000000e+00  
  395  0.000000e+00 +/- 0.000000e+00  
  396  0.000000e+00 +/- 0.000000e+00  
  397  0.000000e+00 +/- 0.000000e+00  
  398  0.000000e+00 +/- 0.000000e+00  
  399  0.000000e+00 +/- 0.000000e+00  
  400  0.000000e+00 +/- 0.000000e+00  
  401  0.000000e+00 +/- 0.000000e+00  
  402  0.000000e+00 +/- 0.000000e+00  
  403  0.000000e+00 +/- 0.000000e+00  
  404  0.000000e+00 +/- 0.000000e+00  
  405  0.000000e+00 +/- 0.000000e+00  
  406  0.000000e+00 +/- 0.000000e+00  
  407  0.000000e+00 +/- 0.000000e+00  
  408  0.000000e+00 +/- 0.000000e+00  
  409  0.000000e+00 +/- 0.000000e+00  
  410  0.000000e+00 +/- 0.000000e+00  
  411  0.000000e+00 +/- 0.000000e+00  
  412  0.000000e+00 +/- 0.000000e+00  
  413  0.000000e+00 +/- 0.000000e+00  
  414  0.000000e+00 +/- 0.000000e+00  
  415  0.000000e+00 +/- 0.000000e+00  
  416  0.000000e+00 +/- 0.000000e+00  
  417  0.000000e+00 +/- 0.000000e+00  
  418  0.000000e+00 +/- 0.000000e+00  
  419  0.000000e+00 +/- 0.000000e+00  
  420  0.000000e+00 +/- 0.000000e+00  
  421  0.000000e+00 +/- 0.000000e+00  
  422  0.000000e+00 +/- 0.000000e+00  
  423  0.000000e+00 +/- 0.000000e+00  
  424  0.000000e+00 +/- 0.000000e+00  
  425  0.000000e+00 +/- 0.000000e+00  
  426  0.000000e+00 +/- 0.000000e+00  
  427  0.000000e+00 +/- 0.000000e+00  
  428  0.000000e+00 +/- 0.000000e+00  
  429  0.000000e+00 +/- 0.000000e+00  
  430  0.000000e+00 +/- 0.000000e+00  
  431  0.000000e+00 +/- 0.000000e+00  
  432  0.000000e+00 +/- 0.000000e+00  
  433  0.000000e+00 +/- 0.000000e+00  
  434  0.000000e+00 +/- 0.000000e+00  
  435  0.000000e+00 +/- 0.000000e+00  
  436  0.000000e+00 +/- 0.000000e+00  
  437  0.000000e+00 +/- 0.000000e+00  
  438  0.000000e+00 +/- 0.000000e+00  
  439  0.000000e+00 +/- 0.000000e+00  
  440  0.000000e+00 +/- 0.000000e+00  
  441  0.000000e+00 +/- 0.000000e+00  
  442  0.000000e+00 +/- 0.000000e+00  
  443  0.000000e+00 +/- 0.000000e+00  
  444  0.000000e+00 +/- 0.000000e+00  
  445  0.000000e+00 +/- 0.000000e+00  
  446  0.000000e+00 +/- 0.000000e+00  
  447  0.000000e+00 +/- 0.000000e+00  
  448  0.000000e+00 +/- 0.000000e+00  
  449  0.000000e+00 +/- 0.000000e+00  
  450  0.000000e+00 +/- 0.000000e+00  
  451  0.000000e+00 +/- 0.000000e+00  
  452  0.000000e+00 +/- 0.000000e+00  
  453  0.000000e+00 +/- 0.000000e+00  
  454  0.000000e+00 +/- 0.000000e+00  
  455  0.000000e+00 +/- 0.000000e+00  
  456  0.000000e+00 +/- 0.000000e+00  
  457  0.000000e+00 +/- 0.000000e+00  
  458  0.000000e+00 +/- 0.000000e+00  
  459  0.000000e+00 +/- 0.000000e+00  
  460  0.000000e+00 +/- 0.000000e+00  
  461  0.000000e+00 +/- 0.000000e+00  
  462  0.000000e+00 +/- 0.000000e+00  
  463  0.000000e+00 +/- 0.000000e+00  
  464  0.000000e+00 +/- 0.000000e+00  
  465  0.000000e+00 +/- 0.000000e+00  
  466  0.000000e+00 +/- 0.000000e+00  
  467  0.000000e+00 +/- 0.000000e+00  
  468  0.000000e+00 +/- 0.000000e+00  
  469  0.000000e+00 +/- 0.000000e+00  
  470  0.000000e+00 +/- 0.000000e+00  
  471  0.000000e+00 +/- 0.000000e+00  
  472  0.000000e+00 +/- 0.000000e+00  
  473  0.000000e+00 +/- 0.000000e+00  
  474  0.000000e+00 +/- 0.000000e+00  
  475  0.000000e+00 +/- 0.000000e+00  
  476  0.000000e+00 +/- 0.000000e+00  
  477  0.000000e+00 +/- 0.000000e+00  
  478  0.000000e+00 +/- 0.000000e+00  
  479  0.000000e+00 +/- 0.000000e+00  
  480  0.000000e+00 +/- 0.000000e+00  
  481  0.000000e+00 +/- 0.000000e+00  
  482  0.000000e+00 +/- 0.000000e+00  
  483  0.000000e+00 +/- 0.000000e+00  
  484  0.000000e+00 +/- 0.000000e+00  
  485  0.000000e+00 +/- 0.000000e+00  
  486  0.000000e+00 +/- 0.000000e+00  
  487  6.866502e-04 +/- 4.280940e-07  
  488  0.000000e+00 +/- 0.000000e+00  
  489  0.000000e+00 +/- 0.000000e+00  
  490  0.000000e+00 +/- 0.000000e+00  
  491  0.000000e+00 +/- 0.000000e+00  
  492  0.000000e+00 +/- 0.000000e+00  
  493  0.000000e+00 +/- 0.000000e+00  
  494  0.000000e+00 +/- 0.000000e+00  
  495  0.000000e+00 +/- 0.000000e+00  
  496  0.000000e+00 +/- 0.000000e+00  
  497  0.000000e+00 +/- 0.000000e+00  
  498  0.000000e+00 +/- 0.000000e+00  
  499  0.000000e+00 +/- 0.000000e+00  
  500  0.000000e+00 +/- 0.000000e+00  
  501  0.000000e+00 +/- 0.000000e+00  
  502  0.000000e+00 +/- 0.000000e+00  
  503  0.000000e+00 +/- 0.000000e+00  
  504  0.000000e+00 +/- 0.000000e+00  
  505  0.000000e+00 +/- 0.000000e+00  
  506  0.000000e+00 +/- 0.000000e+00  
  507  0.000000e+00 +/- 0.000000e+00  
  508  0.000000e+00 +/- 0.000000e+00  
  509  0.000000e+00 +/- 0.000000e+00  
  510  0.000000e+00 +/- 0.000000e+00  
  511  0.000000e+00 +/- 0.000000e+00  
  512  0.000000e+00 +/- 0.000000e+00  
  513  0.000000e+00 +/- 0.000000e+00  
  514  0.000000e+00 +/- 0.000000e+00  
  515  0.000000e+00 +/- 0.000000e+00  
  516  0.000000e+00 +/- 0.000000e+00  
  517  0.000000e+00 +/- 0.000000e+00  
  518  0.000000e+00 +/- 0.000000e+00  
  519  0.000000e+00 +/- 0.000000e+00  
  520  0.000000e+00 +/- 0.000000e+00  
  521  0.000000e+00 +/- 0.000000e+00  
  522  0.000000e+00 +/- 0.000000e+00  
  523  0.000000e+00 +/- 0.000000e+00  
  524  0.000000e+00 +/- 0.000000e+00  
  525  0.000000e+00 +/- 0.000000e+00  
  526  0.000000e+00 +/- 0.000000e+00  
  527  0.000000e+00 +/- 0.000000e+00  
  528  0.000000e+00 +/- 0.000000e+00  
  529  0.000000e+00 +/- 0.000000e+00  
  530  0.000000e+00 +/- 0.000000e+00  
  531  0.000000e+00 +/- 0.000000e+00  
  532  0.000000e+00 +/- 0.000000e+00  
  533  0.000000e+00 +/- 0.000000e+00  
  534  0.000000e+00 +/- 0.000000e+00  
  535  0.000000e+00 +/- 0.000000e+00  
  536  0.000000e+00 +/- 0.000000e+00  
  537  0.000000e+00 +/- 0.000000e+00  
  538  0.000000e+00 +/- 0.000000e+00  
  539  0.000000e+00 +/- 0.000000e+00  
  540  0.000000e+00 +/- 0.000000e+00  
  541  0.000000e+00 +/- 0.000000e+00  
  542  0.000000e+00 +/- 0.000000e+00  
  543  0.000000e+00 +/- 0.000000e+00  
  544  0.000000e+00 +/- 0.000000e+00  
  545  0.000000e+00 +/- 0.000000e+00  
  546  0.000000e+00 +/- 0.000000e+00  
  547  0.000000e+00 +/- 0.000000e+00  
  548  0.000000e+00 +/- 0.000000e+00  
  549  0.000000e+00 +/- 0.000000e+00  
  550  0.000000e+00 +/- 0.000000e+00  
  551  0.000000e+00 +/- 0.000000e+00  
  552  0.000000e+00 +/- 0.000000e+00  
  553  0.000000e+00 +/- 0.000000e+00  
  554  0.000000e+00 +/- 0.000000e+00  
  555  0.000000e+00 +/- 0.000000e+00  
  556  0.000000e+00 +/- 0.000000e+00  
  557  0.000000e+00 +/- 0.000000e+00  
  558  0.000000e+00 +/- 0.000000e+00  
  559  0.000000e+00 +/- 0.000000e+00  
  560  0.000000e+00 +/- 0.000000e+00  
  561  0.000000e+00 +/- 0.000000e+00  
  562  0.000000e+00 +/- 0.000000e+00  
  563  0.000000e+00 +/- 0.000000e+00  
  564  0.000000e+00 +/- 0.000000e+00  
  565  0.000000e+00 +/- 0.000000e+00  
  566  0.000000e+00 +/- 0.000000e+00  
  567  0.000000e+00 +/- 0.000000e+00  
  568  0.000000e+00 +/- 0.000000e+00  
  569  0.000000e+00 +/- 0.000000e+00  
  570  0.000000e+00 +/- 0.000000e+00  
  571  0.000000e+00 +/- 0.000000e+00  
  572  0.000000e+00 +/- 0.000000e+00  
  573  0.000000e+00 +/- 0.000000e+00  
  574  0.000000e+00 +/- 0.000000e+00  
  575  0.000000e+00 +/- 0.000000e+00  
  576  0.000000e+00 +/- 0.000000e+00  
  577  0.000000e+00 +/- 0.000000e+00  
  578  0.000000e+00 +/- 0.000000e+00  
  579  0.000000e+00 +/- 0.000000e+00  
  580  0.000000e+00 +/- 0.000000e+00  
  581  0.000000e+00 +/- 0.000000e+00  
  582  0.000000e+00 +/- 0.000000e+00  
  583  0.000000e+00 +/- 0.000000e+00  
  584  0.000000e+00 +/- 0.000000e+00  
  585  0.000000e+00 +/- 0.000000e+00  
  586  0.000000e+00 +/- 0.000000e+00  
  587  0.000000e+00 +/- 0.000000e+00  
  588  0.000000e+00 +/- 0.000000e+00  
  589  0.000000e+00 +/- 0.000000e+00  
  590  0.000000e+00 +/- 0.000000e+00  
  591  0.000000e+00 +/- 0.000000e+00  
  592  0.000000e+00 +/- 0.000000e+00  
  593  0.000000e+00 +/- 0.000000e+00  
  594  0.000000e+00 +/- 0.000000e+00  
  595  0.000000e+00 +/- 0.000000e+00  
  596  0.000000e+00 +/- 0.000000e+00  
  597  0.000000e+00 +/- 0.000000e+00  
  598  0.000000e+00 +/- 0.000000e+00  
  599  0.000000e+00 +/- 0.000000e+00  
  600  0.000000e+00 +/- 0.000000e+00  
  601  0.000000e+00 +/- 0.000000e+00  
  602  0.000000e+00 +/- 0.000000e+00  
  603  0.000000e+00 +/- 0.000000e+00  
  604  0.000000e+00 +/- 0.000000e+00  
  605  0.000000e+00 +/- 0.000000e+00  
  606  0.000000e+00 +/- 0.000000e+00  
  607  0.000000e+00 +/- 0.000000e+00  
  608  0.000000e+00 +/- 0.000000e+00  
  609  0.000000e+00 +/- 0.000000e+00  
  610  0.000000e+00 +/- 0.000000e+00  
  611  0.000000e+00 +/- 0.000000e+00  
  612  0.000000e+00 +/- 0.000000e+00  
  613  0.000000e+00 +/- 0.000000e+00  
  614  0.000000e+00 +/- 0.000000e+00  
  615  0.000000e+00 +/- 0.000000e+00  
  616  0.000000e+00 +/- 0.000000e+00  
  617  0.000000e+00 +/- 0.000000e+00  
  618  0.000000e+00 +/- 0.000000e+00  
  619  0.000000e+00 +/- 0.000000e+00  
  620  0.000000e+00 +/- 0.000000e+00  
  621  0.000000e+00 +/- 0.000000e+00  
  622  0.000000e+00 +/- 0.000000e+00  
  623  0.000000e+00 +/- 0.000000e+00  
  624  0.000000e+00 +/- 0.000000e+00  
  625  0.000000e+00 +/- 0.000000e+00  
  626  0.000000e+00 +/- 0.000000e+00  
  627  0.000000e+00 +/- 0.000000e+00  
  628  0.000000e+00 +/- 0.000000e+00  
  629  0.000000e+00 +/- 0.000000e+00  
  630  0.000000e+00 +/- 0.000000e+00  
  631  0.000000e+00 +/- 0.000000e+00  
  632  0.000000e+00 +/- 0.000000e+00  
  633  0.000000e+00 +/- 0.000000e+00  
  634  0.000000e+00 +/- 0.000000e+00  
  635  0.000000e+00 +/- 0.000000e+00  
  636  0.000000e+00 +/- 0.000000e+00  
  637  0.000000e+00 +/- 0.000000e+00  
  638  0.000000e+00 +/- 0.000000e+00  
  639  0.000000e+00 +/- 0.000000e+00  
  640  0.000000e+00 +/- 0.000000e+00  
  641  0.000000e+00 +/- 0.000000e+00  
  642  0.000000e+00 +/- 0.000000e+00  
  643  0.000000e+00 +/- 0.000000e+00  
  644  0.000000e+00 +/- 0.000000e+00  
  645  0.000000e+00 +/- 0.000000e+00  
  646  0.000000e+00 +/- 0.000000e+00  
  647  0.000000e+00 +/- 0.000000e+00  
  648  0.000000e+00 +/- 0.000000e+00  
  649  2.038548e-02 +/- 5.972516e-06  

======================================================
Dose Scoring Object(profilexFilm)
======================================================
=> last case = 107678184 fluence = 1.40858e+12

==> Summary of region dosimetry (per fluence)
 ir medium       rho/[g/cm3]  V/cm3    Edep/[MeV*cm2]            D/[Gy*cm2]         
------------------------------------------------------------------------------------
  0 water         0.998     1.0000 3.4881e-13 +/- 4.911  % 5.5992e-23 +/- 4.911  %
  1 water         0.998     1.0000 4.5831e-13 +/- 4.414  % 7.3569e-23 +/- 4.414  %
  2 water         0.998     1.0000 5.4643e-13 +/- 3.972  % 8.7714e-23 +/- 3.972  %
  3 water         0.998     1.0000 6.8328e-13 +/- 3.624  % 1.0968e-22 +/- 3.624  %
  4 water         0.998     1.0000 8.5608e-13 +/- 3.196  % 1.3742e-22 +/- 3.196  %
  5 water         0.998     1.0000 1.3607e-12 +/- 2.532  % 2.1841e-22 +/- 2.532  %
  6 water         0.998     1.0000 2.5168e-12 +/- 1.897  % 4.0400e-22 +/- 1.897  %
  7 water         0.998     1.0000 3.8514e-12 +/- 1.546  % 6.1824e-22 +/- 1.546  %
  8 water         0.998     1.0000 4.9431e-12 +/- 1.353  % 7.9347e-22 +/- 1.353  %
  9 water         0.998     1.0000 5.8391e-12 +/- 1.241  % 9.3730e-22 +/- 1.241  %
 10 water         0.998     1.0000 6.0918e-12 +/- 1.221  % 9.7787e-22 +/- 1.221  %
 11 water         0.998     1.0000 6.2229e-12 +/- 1.206  % 9.9890e-22 +/- 1.206  %
 12 water         0.998     1.0000 6.2939e-12 +/- 1.203  % 1.0103e-21 +/- 1.203  %
 13 water         0.998     1.0000 6.3872e-12 +/- 1.196  % 1.0253e-21 +/- 1.196  %
 14 water         0.998     1.0000 6.4616e-12 +/- 1.182  % 1.0372e-21 +/- 1.182  %
 15 water         0.998     1.0000 6.4210e-12 +/- 1.191  % 1.0307e-21 +/- 1.191  %
 16 water         0.998     1.0000 6.3959e-12 +/- 1.193  % 1.0267e-21 +/- 1.193  %
 17 water         0.998     1.0000 6.5125e-12 +/- 1.181  % 1.0454e-21 +/- 1.181  %
 18 water         0.998     1.0000 6.5769e-12 +/- 1.183  % 1.0557e-21 +/- 1.183  %
 19 water         0.998     1.0000 6.6691e-12 +/- 1.164  % 1.0705e-21 +/- 1.164  %
 20 water         0.998     1.0000 6.5468e-12 +/- 1.178  % 1.0509e-21 +/- 1.178  %
 21 water         0.998     1.0000 6.6709e-12 +/- 1.176  % 1.0708e-21 +/- 1.176  %
 22 water         0.998     1.0000 6.5971e-12 +/- 1.184  % 1.0590e-21 +/- 1.184  %
 23 water         0.998     1.0000 6.4489e-12 +/- 1.186  % 1.0352e-21 +/- 1.186  %
 24 water         0.998     1.0000 6.4783e-12 +/- 1.187  % 1.0399e-21 +/- 1.187  %
 25 water         0.998     1.0000 6.4215e-12 +/- 1.188  % 1.0308e-21 +/- 1.188  %
 26 water         0.998     1.0000 6.3972e-12 +/- 1.187  % 1.0269e-21 +/- 1.187  %
 27 water         0.998     1.0000 6.3949e-12 +/- 1.201  % 1.0265e-21 +/- 1.201  %
 28 water         0.998     1.0000 6.2710e-12 +/- 1.204  % 1.0066e-21 +/- 1.204  %
 29 water         0.998     1.0000 6.1132e-12 +/- 1.223  % 9.8129e-22 +/- 1.223  %
 30 water         0.998     1.0000 5.8663e-12 +/- 1.249  % 9.4167e-22 +/- 1.249  %
 31 water         0.998     1.0000 5.1040e-12 +/- 1.339  % 8.1929e-22 +/- 1.339  %
 32 water         0.998     1.0000 3.7887e-12 +/- 1.561  % 6.0816e-22 +/- 1.561  %
 33 water         0.998     1.0000 2.3973e-12 +/- 1.920  % 3.8481e-22 +/- 1.920  %
 34 water         0.998     1.0000 1.3760e-12 +/- 2.544  % 2.2088e-22 +/- 2.544  %
 35 water         0.998     1.0000 8.4554e-13 +/- 3.259  % 1.3573e-22 +/- 3.259  %
 36 water         0.998     1.0000 6.3478e-13 +/- 3.642  % 1.0189e-22 +/- 3.642  %
 37 water         0.998     1.0000 5.4327e-13 +/- 4.013  % 8.7206e-23 +/- 4.013  %
 38 water         0.998     1.0000 4.5452e-13 +/- 4.310  % 7.2960e-23 +/- 4.310  %
 39 water         0.998     1.0000 3.2601e-13 +/- 5.038  % 5.2331e-23 +/- 5.038  %
162 pb           11.350     1.0000 8.7911e-07 +/- 0.019  % 1.2408e-17 +/- 0.019  %
163 air           0.001     1.0000 6.2918e-10 +/- 0.101  % 8.3661e-17 +/- 0.101  %
164 pb           11.350     1.0000 1.2817e-06 +/- 0.015  % 1.8091e-17 +/- 0.015  %
165 steel         8.060     1.0000 1.5233e-08 +/- 0.133  % 3.0276e-19 +/- 0.133  %
166 air           0.001     1.0000 3.1295e-10 +/- 0.112  % 4.1612e-17 +/- 0.112  %
167 steel         8.060     1.0000 1.5413e-08 +/- 0.126  % 3.0635e-19 +/- 0.126  %
171 pb           11.350     1.0000 3.7643e-07 +/- 0.031  % 5.3131e-18 +/- 0.031  %
172 air           0.001     1.0000 2.3912e-10 +/- 0.153  % 3.1796e-17 +/- 0.153  %
173 pb           11.350     1.0000 3.7663e-07 +/- 0.031  % 5.3160e-18 +/- 0.031  %
174 steel         8.060     1.0000 8.1369e-09 +/- 0.144  % 1.6173e-19 +/- 0.144  %
175 air           0.001     1.0000 1.1299e-10 +/- 0.181  % 1.5025e-17 +/- 0.181  %
176 steel         8.060     1.0000 8.1160e-09 +/- 0.144  % 1.6131e-19 +/- 0.144  %
180 steel         8.060     1.0000 3.0519e-11 +/- 1.628  % 6.0659e-22 +/- 1.628  %
181 steel         8.060     1.0000 1.0501e-09 +/- 0.319  % 2.0871e-20 +/- 0.319  %
182 steel         8.060     1.0000 2.9938e-11 +/- 1.595  % 5.9505e-22 +/- 1.595  %
183 steel         8.060     1.0000 2.3096e-09 +/- 0.510  % 4.5906e-20 +/- 0.510  %
184 air           0.001     1.0000 7.2427e-10 +/- 0.084  % 9.6306e-17 +/- 0.084  %
185 steel         8.060     1.0000 2.3406e-09 +/- 0.509  % 4.6522e-20 +/- 0.509  %
186 steel         8.060     1.0000 2.6197e-11 +/- 1.592  % 5.2068e-22 +/- 1.592  %
187 steel         8.060     1.0000 9.4587e-10 +/- 0.254  % 1.8800e-20 +/- 0.254  %
188 steel         8.060     1.0000 2.5872e-11 +/- 1.552  % 5.1423e-22 +/- 1.552  %
189 steel         8.060     1.0000 8.0025e-10 +/- 0.143  % 1.5906e-20 +/- 0.143  %
190 steel         8.060     1.0000 1.6083e-09 +/- 0.450  % 3.1967e-20 +/- 0.450  %
191 steel         8.060     1.0000 8.0164e-10 +/- 0.145  % 1.5933e-20 +/- 0.145  %
192 steel         8.060     1.0000 1.0704e-09 +/- 0.159  % 2.1274e-20 +/- 0.159  %
193 titanium      4.540     1.0000 3.0103e-07 +/- 0.023  % 1.0622e-17 +/- 0.023  %
194 steel         8.060     1.0000 1.0693e-09 +/- 0.159  % 2.1254e-20 +/- 0.159  %
195 steel         8.060     1.0000 7.9772e-10 +/- 0.143  % 1.5855e-20 +/- 0.143  %
196 steel         8.060     1.0000 1.3589e-09 +/- 0.384  % 2.7009e-20 +/- 0.384  %
197 steel         8.060     1.0000 7.9719e-10 +/- 0.141  % 1.5845e-20 +/- 0.141  %
216 carbonate     1.200     1.0000 3.6680e-09 +/- 0.048  % 4.8968e-19 +/- 0.048  %
243 air           0.001     1.0000 4.8557e-09 +/- 0.046  % 6.4566e-16 +/- 0.046  %
324 polystyrene   1.060     1.0000 2.8707e-07 +/- 0.023  % 4.3385e-17 +/- 0.023  %
486 air           0.001     1.0000 2.6513e-09 +/- 0.062  % 3.5254e-16 +/- 0.062  %
------------------------------------------------------------------------------------

 EGS_DoseScoring: Writing dose data for EGS_XYZGeometry profilex... 
 Output file name: /home/rsmina/EGSnrc/egs_home/TB/profilexFilm.3ddose

======================================================


================================================================================
Finished simulation

  Elapsed time:                    4.2 s (  0.001 h)
  CPU time:                        3.6 s (  0.001 h)
  Ratio:                          1.168


End of run                                             Tue Jan  3 19:13:18 2023
================================================================================
finishSimulation(TB) 0
