In EGS_Application::initSimulation()
 phsp size = 3434510397
================================================================================
EGSnrc version 4 for x86_64-unknown-linux-gnu          Mon Nov  7 17:17:18 2022
================================================================================
configuration..................................................linux
user code......................................................TB
pegs file......................................................
using host.....................................................narvi.cc.tut.fi
input file.....................................................fanfreePhspStyrox
output file(s).................................................fanfreePhspStyrox
================================================================================

               ***************************************************
               *                                                 *
               *                  TB                       *
               *                                                 *
               ***************************************************

This is TB   based on
      EGS_AdvancedApplication  

In initCrossSections(): spin effects = 1
Property Photon cross-sections output: 0
Property Photonuclear attenuation: 1
Property Bound Compton scattering: 1
Property Radiative Compton corrections: 1
Property Rayleigh scattering: 1
Property Atomic relaxations: 1
Property Photoelectron angular sampling: 1
Property Spin effects: 1
Property Triplet production: 1
Property Brems cross sections: 2
Property Brems angular sampling: 1
Property Pair cross sections: 1
Property Pair angular sampling: 2
Property Electron-step algorithm: 2
Property Boundary crossing algorithm: 0
 ===> Photonuclear flag:   1
 RAYLEIGH OPTION REQUESTED FOR MEDIUM NUMBER  1

 RAYLEIGH OPTION REQUESTED FOR MEDIUM NUMBER  2

 RAYLEIGH OPTION REQUESTED FOR MEDIUM NUMBER  3

 RAYLEIGH OPTION REQUESTED FOR MEDIUM NUMBER  4

 RAYLEIGH OPTION REQUESTED FOR MEDIUM NUMBER  5

 RAYLEIGH OPTION REQUESTED FOR MEDIUM NUMBER  6

 RAYLEIGH OPTION REQUESTED FOR MEDIUM NUMBER  7

 PHOTONUCLEAR REQUESTED FOR MEDIUM NUMBER  1

 PHOTONUCLEAR REQUESTED FOR MEDIUM NUMBER  2

 PHOTONUCLEAR REQUESTED FOR MEDIUM NUMBER  3

 PHOTONUCLEAR REQUESTED FOR MEDIUM NUMBER  4

 PHOTONUCLEAR REQUESTED FOR MEDIUM NUMBER  5

 PHOTONUCLEAR REQUESTED FOR MEDIUM NUMBER  6

 PHOTONUCLEAR REQUESTED FOR MEDIUM NUMBER  7

  PEGSLESS INPUT.  CALCULATING ELECTRON CROSS-SECTIONS.
  density_file lead                                                                                                                                                                                                                                                            
  density_file steel_stainless_type302                                                                                                                                                                                                                                         
  density_file air_dry_nearsealevel                                                                                                                                                                                                                                            
  density_file titanium                                                                                                                                                                                                                                                        
  density_file polycarbonate__makrolon___lexan_                                                                                                                                                                                                                                
  density_file polystyrene                                                                                                                                                                                                                                                     
  density_file water_icru90                                                                                                                                                                                                                                                    

  Medium data: 

 AE =    5.12000E-01 MeV,  UE =    1.51100E+00 MeV
 AP =    1.00000E-03 MeV,  UP =    1.00000E+00 MeV

  No material data file supplied.  Material data obtained from
  .egsinp file or density correction file.

   Medium: pb                      
 Sterncid: pb                      
     rho:    1.13500E+01 g/cm^3
 Elements: PB  
    rhoz:    1.00000E+00
      pz:    4.82649E-03
  iunrst:     0
  iaprim:     1
    gasp:    0.00000E+00 atm.
  density correction file: /home/rsmina/EGSnrc/HEN_HOUSE/pegs4/density_corrections/elements/lead.density

   Medium: steel                   
 Sterncid: steel                   
     rho:    8.06000E+00 g/cm^3
 Elements: C   SI  CR  MN  FE  NI  
    rhoz:    1.00000E-03   7.00000E-03   1.80000E-01   1.00000E-02   7.12000E-01   9.00000E-02
      pz:    8.32560E-05   2.49217E-04   3.46167E-03   1.82023E-04   1.27491E-02   1.53296E-03
  iunrst:     0
  iaprim:     1
    gasp:    0.00000E+00 atm.
  density correction file: /home/rsmina/EGSnrc/HEN_HOUSE/pegs4/density_corrections/compounds/steel_stainless_type302.density

   Medium: air                     
 Sterncid: air                     
     rho:    1.20479E-03 g/cm^3
 Elements: C   N   O   AR  
    rhoz:    1.24000E-04   7.55267E-01   2.31781E-01   1.28270E-02
      pz:    1.03237E-05   5.39218E-02   1.44869E-02   3.21092E-04
  iunrst:     0
  iaprim:     1
    gasp:    0.00000E+00 atm.
  density correction file: /home/rsmina/EGSnrc/HEN_HOUSE/pegs4/density_corrections/compounds/air_dry_nearsealevel.density

   Medium: titanium                
 Sterncid: titanium                
     rho:    4.54000E+00 g/cm^3
 Elements: TI  
    rhoz:    1.00000E+00
      pz:    2.08768E-02
  iunrst:     0
  iaprim:     1
    gasp:    0.00000E+00 atm.
  density correction file: /home/rsmina/EGSnrc/HEN_HOUSE/pegs4/density_corrections/elements/titanium.density

   Medium: carbonate               
 Sterncid: carbonate               
     rho:    1.20000E+00 g/cm^3
 Elements: H   C   O   
    rhoz:    5.54910E-02   7.55751E-01   1.88758E-01
      pz:    5.50522E-02   6.29208E-02   1.17978E-02
  iunrst:     0
  iaprim:     1
    gasp:    0.00000E+00 atm.
  density correction file: /home/rsmina/EGSnrc/HEN_HOUSE/pegs4/density_corrections/compounds/polycarbonate__makrolon___lexan_.density

   Medium: polystyrene             
 Sterncid: polystyrene             
     rho:    1.06000E+00 g/cm^3
 Elements: H   C   
    rhoz:    7.74180E-02   9.22582E-01
      pz:    7.68059E-02   7.68105E-02
  iunrst:     0
  iaprim:     1
    gasp:    0.00000E+00 atm.
  density correction file: /home/rsmina/EGSnrc/HEN_HOUSE/pegs4/density_corrections/compounds/polystyrene.density

   Medium: water                   
 Sterncid: water                   
     rho:    9.98000E-01 g/cm^3
 Elements: H   O   
    rhoz:    1.11894E-01   8.88106E-01
      pz:    1.11009E-01   5.55087E-02
  iunrst:     0
  iaprim:     1
    gasp:    0.00000E+00 atm.
  density correction file: /home/rsmina/EGSnrc/HEN_HOUSE/pegs4/density_corrections/compounds/water_icru90.density


(Re)-initializing photon cross sections with files from the series: xcom

 Compton cross sections: default
 Photonuclear cross sections: default
 Using Compton cross sections from /home/rsmina/EGSnrc/HEN_HOUSE/data/compton_sigma.data
 Using photonuclear cross sections from /home/rsmina/EGSnrc/HEN_HOUSE/data/iaea_photonuc.data

 Reading renormalized photoelectric cross sections ...... done

 Working on medium   1 ... 
  ->  100 atomic ff values computed!
      preparing data for Rayleigh sampling ... done

OK
 Working on medium   2 ... 
  ->  100 atomic ff values computed!
      preparing data for Rayleigh sampling ... done

OK
 Working on medium   3 ... 
  ->  100 atomic ff values computed!
      preparing data for Rayleigh sampling ... done

OK
 Working on medium   4 ... 
  ->  100 atomic ff values computed!
      preparing data for Rayleigh sampling ... done

OK
 Working on medium   5 ... 
  ->  100 atomic ff values computed!
      preparing data for Rayleigh sampling ... done

OK
 Working on medium   6 ... 
  ->  100 atomic ff values computed!
      preparing data for Rayleigh sampling ... done

OK
 Working on medium   7 ... 
  ->  100 atomic ff values computed!
      preparing data for Rayleigh sampling ... done

OK

Reading screened Rutherford MS data ...............  done 


Reading spin data base from /home/rsmina/EGSnrc/HEN_HOUSE/data/spinms.data
EGSnrc spin data, version 2.0   
Data generated on a machine with 1234 endianess
The endianess of this CPU is 1234
Ranges:      1.00   100.00  0.30054  1.00000


  medium    1 .....................  done
  medium    2 .....................  done
  medium    3 .....................  done
  medium    4 .....................  done
  medium    5 .....................  done
  medium    6 .....................  done
  medium    7 .....................  done
  
  Medium            1  sige =    172.75604562338430        235.60337980532134       monotone =  F F
  Medium            2  sige =    123.18338032147462        151.05228366131078       monotone =  F F
  Medium            3  sige =    89.591859601344183        103.21541676401796       monotone =  F F
  Medium            4  sige =    112.76898329888181        135.76033158188804       monotone =  F F
  Medium            5  sige =    86.836083862407349        99.513199841636677       monotone =  F F
  Medium            6  sige =    85.799574936291847        98.126563048670249       monotone =  F F
  Medium            7  sige =    87.939904387337236        100.98937333497683       monotone =  F F
  
  Initializing tmxs for estepe =   0.25000000000000000       and ximax =   0.50000000000000000     
  
  
 Radiative Compton corrections requested:
    Reading radiative Compton data ...  OK
    Modifying cross sections and branching ratios ... OK

Bound Compton scattering requested, reading data ......  Done

 Initializing Bound Compton scattering ......
 Medium   1 has  23 shells: 
   1 1054   1  0.02439 0.121E+01    88.004
   2 1055   2  0.02439 0.430E+01    15.861
   3 1056   3  0.02439 0.210E+01    15.200
   4 1057   4  0.04878 0.238E+01    13.035
   5 1058   5  0.02439 0.944E+01     3.851
   6 1059   6  0.02439 0.552E+01     3.554
   7 1060   7  0.04878 0.600E+01     3.066
   8 1061   8  0.04878 0.388E+01     2.586
   9 1062   9  0.07317 0.397E+01     2.484
  10 1063  10  0.02439 0.193E+02     0.894
  11 1064  11  0.02439 0.121E+02     0.764
  12 1065  12  0.04878 0.131E+02     0.645
  13 1066  13  0.04878 0.984E+01     0.434
  14 1067  14  0.07317 0.101E+02     0.412
  15 1068  15  0.02439 0.445E+02     0.148
  16 1069  16  0.02439 0.295E+02     0.105
  17 1070  17  0.04878 0.325E+02     0.086
  18 1071  18  0.07317 0.830E+01     0.141
  19 1072  19  0.09756 0.841E+01     0.136
  20 1073  20  0.04878 0.303E+02     0.020
  21 1074  21  0.07317 0.311E+02     0.018
  22 1075  22  0.02439 0.142E+03     0.007
  23 1076  23  0.02439 0.111E+03     0.007
 Medium   2 has  45 shells: 
   1   10   1  0.00036 0.210E+02     0.285
   2   11   2  0.00036 0.110E+03     0.011
   3   12   3  0.00036 0.669E+02     0.011
   4   45   1  0.00107 0.870E+01     1.839
   5   46   2  0.00107 0.377E+02     0.149
   6   47   3  0.00107 0.204E+02     0.100
   7   48   4  0.00214 0.204E+02     0.099
   8   49   5  0.00107 0.142E+03     0.008
   9   50   6  0.00107 0.102E+03     0.008
  10  120   1  0.01486 0.500E+01     5.989
  11  121   2  0.01486 0.192E+02     0.698
  12  122   3  0.01486 0.981E+01     0.585
  13  123   4  0.02971 0.981E+01     0.576
  14  124   5  0.01486 0.545E+02     0.075
  15  125   6  0.01486 0.347E+02     0.043
  16  126   7  0.02971 0.347E+02     0.043
  17  127   8  0.02971 0.721E+02     0.007
  18  128   9  0.01486 0.721E+02     0.007
  19  129   1  0.00078 0.480E+01     6.539
  20  130   2  0.00078 0.182E+02     0.769
  21  131   3  0.00078 0.933E+01     0.651
  22  132   4  0.00156 0.933E+01     0.639
  23  133   5  0.00078 0.511E+02     0.082
  24  134   6  0.00078 0.322E+02     0.047
  25  135   7  0.00156 0.322E+02     0.047
  26  136   8  0.00156 0.833E+02     0.007
  27  137   9  0.00117 0.833E+02     0.007
  28  138   1  0.05471 0.460E+01     7.112
  29  139   2  0.05471 0.174E+02     0.848
  30  140   3  0.05471 0.891E+01     0.721
  31  141   4  0.10943 0.891E+01     0.708
  32  142   5  0.05471 0.486E+02     0.092
  33  143   6  0.05471 0.306E+02     0.053
  34  144   7  0.10943 0.306E+02     0.053
  35  145   8  0.10943 0.737E+02     0.008
  36  146   9  0.10943 0.737E+02     0.008
  37  156   1  0.00658 0.426E+01     8.333
  38  157   2  0.00658 0.160E+02     1.008
  39  158   3  0.00658 0.815E+01     0.871
  40  159   4  0.01316 0.815E+01     0.854
  41  160   5  0.00658 0.445E+02     0.111
  42  161   6  0.00658 0.277E+02     0.067
  43  162   7  0.01316 0.277E+02     0.067
  44  163   8  0.01316 0.599E+02     0.008
  45  164   9  0.01974 0.599E+02     0.008
 Medium   3 has  18 shells: 
   1   10   1  0.00004 0.210E+02     0.285
   2   11   2  0.00004 0.110E+03     0.011
   3   12   3  0.00004 0.669E+02     0.011
   4   13   1  0.21604 0.178E+02     0.410
   5   14   2  0.21604 0.921E+02     0.015
   6   15   3  0.21604 0.558E+02     0.014
   7   16   4  0.10802 0.558E+02     0.014
   8   17   1  0.05804 0.155E+02     0.543
   9   18   2  0.05804 0.793E+02     0.024
  10   19   3  0.05804 0.479E+02     0.014
  11   20   4  0.05804 0.479E+02     0.014
  12   72   1  0.00129 0.671E+01     3.203
  13   73   2  0.00129 0.271E+02     0.326
  14   74   3  0.00129 0.142E+02     0.251
  15   75   4  0.00257 0.142E+02     0.249
  16   76   5  0.00129 0.889E+02     0.029
  17   77   6  0.00129 0.606E+02     0.016
  18   78   7  0.00257 0.606E+02     0.016
 Medium   4 has   8 shells: 
   1  103   1  0.09091 0.547E+01     4.966
   2  104   2  0.09091 0.212E+02     0.561
   3  105   3  0.09091 0.109E+02     0.461
   4  106   4  0.18182 0.109E+02     0.455
   5  107   5  0.09091 0.604E+02     0.058
   6  108   6  0.09091 0.386E+02     0.033
   7  109   7  0.18182 0.386E+02     0.033
   8  110   8  0.18182 0.140E+03     0.007
 Medium   5 has   8 shells: 
   1    1   1  0.10447 0.116E+03     0.014
   2   10   1  0.23881 0.210E+02     0.285
   3   11   2  0.23881 0.110E+03     0.011
   4   12   3  0.23881 0.669E+02     0.011
   5   17   1  0.04478 0.155E+02     0.543
   6   18   2  0.04478 0.793E+02     0.024
   7   19   3  0.04478 0.479E+02     0.014
   8   20   4  0.04478 0.479E+02     0.014
 Medium   6 has   4 shells: 
   1    1   1  0.14285 0.116E+03     0.014
   2   10   1  0.28572 0.210E+02     0.285
   3   11   2  0.28572 0.110E+03     0.011
   4   12   3  0.28572 0.669E+02     0.011
 Medium   7 has   5 shells: 
   1    1   1  0.19999 0.116E+03     0.014
   2   17   1  0.20000 0.155E+02     0.543
   3   18   2  0.20000 0.793E+02     0.024
   4   19   3  0.20000 0.479E+02     0.014
   5   20   4  0.20000 0.479E+02     0.014
 ...... Done.

Output from subroutine EDGSET:
==============================
 Atomic relaxations requested! 

 Reading simplified photo-absorption data ..... Done

 Reading simplified relaxation data ..... Done

 Reading parametrized XCOM photo cross section data ..... Done

 Reading EADL relaxation data ......
  Z =  82 has 24 shells
  Z =   6 has  4 shells
  Z =  14 has  7 shells
  Z =  24 has 10 shells
  Z =  25 has 10 shells
  Z =  26 has 10 shells
  Z =  28 has 10 shells
  Z =   7 has  4 shells
  Z =   8 has  4 shells
  Z =  18 has  7 shells
  Z =  22 has 10 shells
  Z =   1 has  1 shells
 ...... Done.

  
 Using NRC brems cross sections! 
  
  Initializing brems data for medium            1 ...
  Max. new cross sections per energy loss:    172.71375768187906        235.60728196646150     
  Initializing brems data for medium            2 ...
  Max. new cross sections per energy loss:    123.18746932258490        151.05333992476235     
  Initializing brems data for medium            3 ...
  Max. new cross sections per energy loss:    89.603753795943703        103.21767115908033     
  Initializing brems data for medium            4 ...
  Max. new cross sections per energy loss:    112.77539527104179        135.76228950899880     
  Initializing brems data for medium            5 ...
  Max. new cross sections per energy loss:    86.846628823912425        99.515203635775620     
  Initializing brems data for medium            6 ...
  Max. new cross sections per energy loss:    85.809486150447540        98.128639733994149     
  Initializing brems data for medium            7 ...
  Max. new cross sections per energy loss:    87.950316993311802        100.99125248516133     
  
  


Reading NRC pair data base from /home/rsmina/EGSnrc/HEN_HOUSE/data/pair_nrc1.data
Data generated on a machine with 1234 endianess
The endianess of this CPU is 1234
Energy range of the data:     2.010  168.603
  medium    1 .....................  done
  medium    2 .....................  done
  medium    3 .....................  done
  medium    4 .....................  done
  medium    5 .....................  done
  medium    6 .....................  done
  medium    7 .....................  done
  
  
 eii_init: minimum threshold energy found:    1.0000000000000000E-003
 eii_init: number of shells to simulate EII:           12


Opened EII data file /home/rsmina/EGSnrc/HEN_HOUSE/data/eii_ik.data
 eii_init: reading EII data ...   OK 
  
 eii_init: for medium            1  adjusted sige =    172.18788716669485       monotone =  F
 eii_init: for medium            2  adjusted sige =    114.81674165871627       monotone =  F
 eii_init: for medium            3  adjusted sige =    89.567863404624333       monotone =  F
 eii_init: for medium            4  adjusted sige =    105.10802570576762       monotone =  F
 init_triplet: reading triplet data ...  OK
   Preparing triplet fraction data for medium   1 ...  OK
   Preparing triplet fraction data for medium   2 ...  OK
   Preparing triplet fraction data for medium   3 ...  OK
   Preparing triplet fraction data for medium   4 ...  OK
   Preparing triplet fraction data for medium   5 ...  OK
   Preparing triplet fraction data for medium   6 ...  OK
   Preparing triplet fraction data for medium   7 ...  OK
EGSnrc SUCCESSFULLY 'HATCHED' FOR     7 MEDIA.


The following media are defined:
================================

  0  pb                       AE= 0.5120 AP= 0.0010 0
  1  steel                    AE= 0.5120 AP= 0.0010 1
  2  air                      AE= 0.5120 AP= 0.0010 2
  3  titanium                 AE= 0.5120 AP= 0.0010 3
  4  carbonate                AE= 0.5120 AP= 0.0010 4
  5  polystyrene              AE= 0.5120 AP= 0.0010 5
  6  water                    AE= 0.5120 AP= 0.0010 6


Transport parameter and cross section options:
==============================================
Photon cross sections                             mcdf-xcom       
Compton cross sections                            default         
Global Pcut                                       0.001
Pair cross sections                               NRC
Pair angular sampling                             KM
Triplet production                                On
Bound Compton scattering                          On
Radiative Compton corrections                     On
Rayleigh scattering                               On
Atomic relaxations                                eadl
Photoelectron angular sampling                    On
Photonuclear attenuation                          On
Photonuclear cross sections                       default         

Global Ecut                                       0.512
Brems cross sections                              NRC
Brems angular sampling                            KM
Spin effects                                      On
Electron Impact Ionization                        ik              
Global Smax                                       1e+10
ESTEPE                                            0.25
Ximax                                             0.5
Boundary crossing algorithm                       Exact
Skin depth for BCA                                3
Electron-step algorithm                           EGSnrc
==============================================

initScoring(): you must provide both, 'regions' and 'bins' input


======================== geometry =====================
 type = EGS_UnionGeometry
 name = obi_system
 number of regions = 648
 geometries:
   profilex (type EGS_XYZGeometry)
   obi (type EGS_UnionGeometry)
   styrox (type EGS_XYZGeometry)
   air_prim_to_detector (type EGS_XYZGeometry)
=======================================================


The simulation uses the following source:
=========================================
 IAEA phase space source from sourcePhspEllipseSmall.1


Random number generator:
============================================
  type                = ranmar
  high resolution     = no
  initial seeds       = 33 97
  numbers used so far = 0


Run Control Object (RCO):
=========================
  type = simple


The following ausgab objects are included in the simulation
===========================================================


===========================================
Radiative splitting Object (splitting)
===========================================

 - Splitting radiative events in 1000


===========================================


*******************************************
Dose Scoring Object (profilexFilm)
*******************************************

 - Regions in dose calculator :648


--------------------------------------
medium       rho/[g/cm**3]
--------------------------------------
pb          11.35
steel        8.06
air          0.00
titanium     4.54
carbonate    1.20
polystyrene  1.06
water        1.00
--------------------------------------

*******************************************


 Will output dose to file:
 EGS_XYZGeometry: profilex
 file format:  3ddose
 file name: /home/rsmina/EGSnrc/egs_home/TB/profilexFilm.3ddose



Combine results only

calling combineResults()

                      Suming the following .egsdat files:
=======================================================================
 1 fanfreePhspStyrox_w1.egsdat    ncase=4087854        cpu=50042.20   
 2 fanfreePhspStyrox_w2.egsdat    ncase=4703832        cpu=49480.60   
 3 fanfreePhspStyrox_w3.egsdat    ncase=4479840        cpu=49532.90   
 4 fanfreePhspStyrox_w4.egsdat    ncase=4759830        cpu=49307.60   
 5 fanfreePhspStyrox_w5.egsdat    ncase=3975858        cpu=49143.40   
 6 fanfreePhspStyrox_w6.egsdat    ncase=3807864        cpu=49295.60   
 7 fanfreePhspStyrox_w7.egsdat    ncase=4199850        cpu=49568.90   
 8 fanfreePhspStyrox_w8.egsdat    ncase=3751866        cpu=50088.20   
 9 fanfreePhspStyrox_w9.egsdat    ncase=3471876        cpu=49863.10   
10 fanfreePhspStyrox_w10.egsdat   ncase=3583872        cpu=49158.10   
11 fanfreePhspStyrox_w11.egsdat   ncase=4647834        cpu=49281.90   
12 fanfreePhspStyrox_w12.egsdat   ncase=4143852        cpu=50260.10   
13 fanfreePhspStyrox_w13.egsdat   ncase=3247884        cpu=50037.10   
14 fanfreePhspStyrox_w14.egsdat   ncase=4143852        cpu=50142.30   
15 fanfreePhspStyrox_w15.egsdat   ncase=4087854        cpu=49318.80   
16 fanfreePhspStyrox_w16.egsdat   ncase=4367844        cpu=49254.50   
17 fanfreePhspStyrox_w17.egsdat   ncase=3863862        cpu=49574.10   
18 fanfreePhspStyrox_w18.egsdat   ncase=3919860        cpu=49689.90   
19 fanfreePhspStyrox_w19.egsdat   ncase=3807864        cpu=50080.60   
20 fanfreePhspStyrox_w20.egsdat   ncase=2967894        cpu=49148.80   
21 fanfreePhspStyrox_w21.egsdat   ncase=3751866        cpu=50242.30   
22 fanfreePhspStyrox_w22.egsdat   ncase=4255848        cpu=49128.20   
23 fanfreePhspStyrox_w23.egsdat   ncase=3863862        cpu=49399.80   
24 fanfreePhspStyrox_w24.egsdat   ncase=4255848        cpu=49909.20   
25 fanfreePhspStyrox_w25.egsdat   ncase=3975858        cpu=49403.40   
26 fanfreePhspStyrox_w26.egsdat   ncase=3471876        cpu=49403.70   
27 fanfreePhspStyrox_w27.egsdat   ncase=3471876        cpu=49900.40   
28 fanfreePhspStyrox_w28.egsdat   ncase=3807864        cpu=49929.90   
29 fanfreePhspStyrox_w29.egsdat   ncase=3919860        cpu=49534.20   
30 fanfreePhspStyrox_w30.egsdat   ncase=3527874        cpu=49350.60   
31 fanfreePhspStyrox_w31.egsdat   ncase=4255848        cpu=49573.60   
32 fanfreePhspStyrox_w32.egsdat   ncase=3863862        cpu=49854.10   
33 fanfreePhspStyrox_w33.egsdat   ncase=4199850        cpu=49789.90   
34 fanfreePhspStyrox_w34.egsdat   ncase=4479840        cpu=49503.60   
35 fanfreePhspStyrox_w35.egsdat   ncase=3639870        cpu=49464.70   
36 fanfreePhspStyrox_w36.egsdat   ncase=4143852        cpu=49390.80   
37 fanfreePhspStyrox_w37.egsdat   ncase=4703832        cpu=49534.50   
38 fanfreePhspStyrox_w38.egsdat   ncase=3415878        cpu=49320.10   
39 fanfreePhspStyrox_w39.egsdat   ncase=3751866        cpu=49553.30   
40 fanfreePhspStyrox_w40.egsdat   ncase=4927824        cpu=49903.00   
41 fanfreePhspStyrox_w41.egsdat   ncase=3527874        cpu=49493.30   
42 fanfreePhspStyrox_w42.egsdat   ncase=4647834        cpu=49204.20   
43 fanfreePhspStyrox_w43.egsdat   ncase=4255848        cpu=49724.60   
44 fanfreePhspStyrox_w44.egsdat   ncase=3919860        cpu=49383.20   
45 fanfreePhspStyrox_w45.egsdat   ncase=4479840        cpu=49413.70   
46 fanfreePhspStyrox_w46.egsdat   ncase=3975858        cpu=50100.30   
47 fanfreePhspStyrox_w47.egsdat   ncase=4255848        cpu=49301.50   
48 fanfreePhspStyrox_w48.egsdat   ncase=4367844        cpu=49653.90   
49 fanfreePhspStyrox_w49.egsdat   ncase=4479840        cpu=49318.90   
50 fanfreePhspStyrox_w50.egsdat   ncase=5151816        cpu=49752.40   
51 fanfreePhspStyrox_w51.egsdat   ncase=3751866        cpu=49835.90   
52 fanfreePhspStyrox_w52.egsdat   ncase=4367844        cpu=50110.70   
53 fanfreePhspStyrox_w53.egsdat   ncase=3583872        cpu=49254.20   
54 fanfreePhspStyrox_w54.egsdat   ncase=3751866        cpu=50039.50   
55 fanfreePhspStyrox_w55.egsdat   ncase=4031856        cpu=49673.20   
56 fanfreePhspStyrox_w56.egsdat   ncase=3583872        cpu=49501.10   
57 fanfreePhspStyrox_w57.egsdat   ncase=3639870        cpu=49281.20   
58 fanfreePhspStyrox_w58.egsdat   ncase=3751866        cpu=49150.80   
59 fanfreePhspStyrox_w59.egsdat   ncase=4255848        cpu=49179.10   
60 fanfreePhspStyrox_w60.egsdat   ncase=3695868        cpu=49507.90   
61 fanfreePhspStyrox_w61.egsdat   ncase=4143852        cpu=49473.30   
62 fanfreePhspStyrox_w62.egsdat   ncase=5375808        cpu=49106.10   
63 fanfreePhspStyrox_w63.egsdat   ncase=4143852        cpu=49277.10   
64 fanfreePhspStyrox_w64.egsdat   ncase=3415878        cpu=49314.10   
65 fanfreePhspStyrox_w65.egsdat   ncase=4087854        cpu=49496.90   
66 fanfreePhspStyrox_w66.egsdat   ncase=3639870        cpu=49100.60   
67 fanfreePhspStyrox_w67.egsdat   ncase=3583872        cpu=49291.50   
68 fanfreePhspStyrox_w68.egsdat   ncase=3751866        cpu=49469.20   
69 fanfreePhspStyrox_w69.egsdat   ncase=3639870        cpu=49328.50   
70 fanfreePhspStyrox_w70.egsdat   ncase=4199850        cpu=49119.20   
71 fanfreePhspStyrox_w71.egsdat   ncase=3751866        cpu=49570.80   
72 fanfreePhspStyrox_w72.egsdat   ncase=3639870        cpu=49102.80   
73 fanfreePhspStyrox_w73.egsdat   ncase=3695868        cpu=49105.40   
74 fanfreePhspStyrox_w74.egsdat   ncase=3751866        cpu=49387.40   
75 fanfreePhspStyrox_w75.egsdat   ncase=3863862        cpu=49007.10   
76 fanfreePhspStyrox_w76.egsdat   ncase=3471876        cpu=49378.30   
77 fanfreePhspStyrox_w77.egsdat   ncase=3863862        cpu=49669.70   
78 fanfreePhspStyrox_w78.egsdat   ncase=4759830        cpu=49744.50   
79 fanfreePhspStyrox_w79.egsdat   ncase=4143852        cpu=49120.70   
80 fanfreePhspStyrox_w80.egsdat   ncase=3807864        cpu=49170.20   
81 fanfreePhspStyrox_w81.egsdat   ncase=3639870        cpu=49559.70   
82 fanfreePhspStyrox_w82.egsdat   ncase=4591836        cpu=49466.40   
83 fanfreePhspStyrox_w83.egsdat   ncase=4479840        cpu=49374.90   
84 fanfreePhspStyrox_w84.egsdat   ncase=3527874        cpu=50097.90   
85 fanfreePhspStyrox_w85.egsdat   ncase=4087854        cpu=49072.60   
86 fanfreePhspStyrox_w86.egsdat   ncase=3527874        cpu=49178.40   
87 fanfreePhspStyrox_w87.egsdat   ncase=3639870        cpu=49123.20   
88 fanfreePhspStyrox_w88.egsdat   ncase=4087854        cpu=49028.70   
89 fanfreePhspStyrox_w89.egsdat   ncase=4199850        cpu=49606.20   
90 fanfreePhspStyrox_w90.egsdat   ncase=4815828        cpu=49553.00   
91 fanfreePhspStyrox_w91.egsdat   ncase=4255848        cpu=49301.30   
92 fanfreePhspStyrox_w92.egsdat   ncase=3863862        cpu=49395.90   
93 fanfreePhspStyrox_w93.egsdat   ncase=3751866        cpu=49075.70   
94 fanfreePhspStyrox_w94.egsdat   ncase=4031856        cpu=49328.30   
95 fanfreePhspStyrox_w95.egsdat   ncase=3751866        cpu=49596.90   
96 fanfreePhspStyrox_w96.egsdat   ncase=3863862        cpu=49309.40   
97 fanfreePhspStyrox_w97.egsdat   ncase=3863862        cpu=49629.80   
98 fanfreePhspStyrox_w98.egsdat   ncase=3247884        cpu=49102.40   
99 fanfreePhspStyrox_w99.egsdat   ncase=3247884        cpu=49047.90   
100 fanfreePhspStyrox_w100.egsdat  ncase=3583872        cpu=50217.20   
101 fanfreePhspStyrox_w101.egsdat  ncase=4479840        cpu=49337.90   
102 fanfreePhspStyrox_w102.egsdat  ncase=4031856        cpu=49001.50   
103 fanfreePhspStyrox_w103.egsdat  ncase=4255848        cpu=49127.20   
104 fanfreePhspStyrox_w104.egsdat  ncase=4255848        cpu=49013.00   
105 fanfreePhspStyrox_w105.egsdat  ncase=4087854        cpu=49288.20   
106 fanfreePhspStyrox_w106.egsdat  ncase=4255848        cpu=49291.40   
107 fanfreePhspStyrox_w107.egsdat  ncase=3751866        cpu=49362.60   
108 fanfreePhspStyrox_w108.egsdat  ncase=4031856        cpu=49036.90   
109 fanfreePhspStyrox_w109.egsdat  ncase=4479840        cpu=49365.20   
110 fanfreePhspStyrox_w110.egsdat  ncase=3751866        cpu=49189.40   
111 fanfreePhspStyrox_w111.egsdat  ncase=3919860        cpu=50056.50   
112 fanfreePhspStyrox_w112.egsdat  ncase=3807864        cpu=49171.40   
113 fanfreePhspStyrox_w113.egsdat  ncase=3919860        cpu=49209.30   
114 fanfreePhspStyrox_w114.egsdat  ncase=3863862        cpu=49504.00   
115 fanfreePhspStyrox_w115.egsdat  ncase=3695868        cpu=49353.00   
116 fanfreePhspStyrox_w116.egsdat  ncase=3191886        cpu=49586.10   
117 fanfreePhspStyrox_w117.egsdat  ncase=3695868        cpu=49245.40   
118 fanfreePhspStyrox_w118.egsdat  ncase=4143852        cpu=49331.80   
119 fanfreePhspStyrox_w119.egsdat  ncase=3807864        cpu=49408.80   
120 fanfreePhspStyrox_w120.egsdat  ncase=4143852        cpu=49162.30   
121 fanfreePhspStyrox_w121.egsdat  ncase=3583872        cpu=49088.50   
122 fanfreePhspStyrox_w122.egsdat  ncase=3415878        cpu=49712.30   
123 fanfreePhspStyrox_w123.egsdat  ncase=4479840        cpu=49407.40   
124 fanfreePhspStyrox_w124.egsdat  ncase=3751866        cpu=48930.30   
125 fanfreePhspStyrox_w125.egsdat  ncase=3583872        cpu=49601.10   
126 fanfreePhspStyrox_w126.egsdat  ncase=3695868        cpu=49739.80   
127 fanfreePhspStyrox_w127.egsdat  ncase=4087854        cpu=49525.30   
128 fanfreePhspStyrox_w128.egsdat  ncase=3583872        cpu=49690.50   
129 fanfreePhspStyrox_w129.egsdat  ncase=3975858        cpu=49324.10   
130 fanfreePhspStyrox_w130.egsdat  ncase=4199850        cpu=49078.50   
131 fanfreePhspStyrox_w131.egsdat  ncase=4087854        cpu=49588.30   
132 fanfreePhspStyrox_w132.egsdat  ncase=3863862        cpu=49478.40   
133 fanfreePhspStyrox_w133.egsdat  ncase=3807864        cpu=49268.10   
134 fanfreePhspStyrox_w134.egsdat  ncase=3303882        cpu=49196.20   
135 fanfreePhspStyrox_w135.egsdat  ncase=4647834        cpu=49182.20   
136 fanfreePhspStyrox_w136.egsdat  ncase=3583872        cpu=49189.30   
137 fanfreePhspStyrox_w137.egsdat  ncase=3751866        cpu=48861.70   
138 fanfreePhspStyrox_w138.egsdat  ncase=3975858        cpu=48974.20   
139 fanfreePhspStyrox_w139.egsdat  ncase=4367844        cpu=49222.70   
140 fanfreePhspStyrox_w140.egsdat  ncase=3807864        cpu=49238.70   
141 fanfreePhspStyrox_w141.egsdat  ncase=4479840        cpu=49432.60   
142 fanfreePhspStyrox_w142.egsdat  ncase=4255848        cpu=49028.40   
143 fanfreePhspStyrox_w143.egsdat  ncase=4255848        cpu=49306.00   
144 fanfreePhspStyrox_w144.egsdat  ncase=4759830        cpu=49732.40   
145 fanfreePhspStyrox_w145.egsdat  ncase=3415878        cpu=49053.40   
146 fanfreePhspStyrox_w146.egsdat  ncase=4311846        cpu=49115.40   
147 fanfreePhspStyrox_w147.egsdat  ncase=4199850        cpu=49781.70   
148 fanfreePhspStyrox_w148.egsdat  ncase=4031856        cpu=48956.30   
149 fanfreePhspStyrox_w149.egsdat  ncase=4087854        cpu=49950.90   
150 fanfreePhspStyrox_w150.egsdat  ncase=4143852        cpu=49193.80   
151 fanfreePhspStyrox_w151.egsdat  ncase=4927824        cpu=49155.70   
152 fanfreePhspStyrox_w152.egsdat  ncase=3527874        cpu=49207.90   
153 fanfreePhspStyrox_w153.egsdat  ncase=3919860        cpu=49235.60   
154 fanfreePhspStyrox_w154.egsdat  ncase=3919860        cpu=49816.80   
155 fanfreePhspStyrox_w155.egsdat  ncase=3975858        cpu=49260.70   
156 fanfreePhspStyrox_w156.egsdat  ncase=3751866        cpu=49475.50   
157 fanfreePhspStyrox_w157.egsdat  ncase=3527874        cpu=49057.40   
158 fanfreePhspStyrox_w158.egsdat  ncase=3807864        cpu=49775.80   
159 fanfreePhspStyrox_w159.egsdat  ncase=3471876        cpu=48999.30   
160 fanfreePhspStyrox_w160.egsdat  ncase=4255848        cpu=49182.60   
161 fanfreePhspStyrox_w161.egsdat  ncase=4199850        cpu=49226.00   
162 fanfreePhspStyrox_w162.egsdat  ncase=3863862        cpu=48937.10   
163 fanfreePhspStyrox_w163.egsdat  ncase=4031856        cpu=48850.50   
164 fanfreePhspStyrox_w164.egsdat  ncase=3919860        cpu=49187.40   
165 fanfreePhspStyrox_w165.egsdat  ncase=5879790        cpu=48841.10   
166 fanfreePhspStyrox_w166.egsdat  ncase=4087854        cpu=48850.50   
167 fanfreePhspStyrox_w167.egsdat  ncase=3975858        cpu=49194.20   
168 fanfreePhspStyrox_w168.egsdat  ncase=4591836        cpu=49109.80   
169 fanfreePhspStyrox_w169.egsdat  ncase=4255848        cpu=49072.80   
170 fanfreePhspStyrox_w170.egsdat  ncase=3695868        cpu=49650.80   
171 fanfreePhspStyrox_w171.egsdat  ncase=4367844        cpu=49048.40   
172 fanfreePhspStyrox_w172.egsdat  ncase=4535838        cpu=49038.80   
173 fanfreePhspStyrox_w173.egsdat  ncase=3471876        cpu=49133.60   
174 fanfreePhspStyrox_w174.egsdat  ncase=4143852        cpu=48829.70   
175 fanfreePhspStyrox_w175.egsdat  ncase=4591836        cpu=48847.20   
176 fanfreePhspStyrox_w176.egsdat  ncase=4255848        cpu=49349.20   
177 fanfreePhspStyrox_w177.egsdat  ncase=3471876        cpu=48824.40   
178 fanfreePhspStyrox_w178.egsdat  ncase=4871826        cpu=48837.00   
179 fanfreePhspStyrox_w179.egsdat  ncase=3919860        cpu=49309.40   
180 fanfreePhspStyrox_w180.egsdat  ncase=3751866        cpu=49266.50   
181 fanfreePhspStyrox_w181.egsdat  ncase=4479840        cpu=48998.60   
182 fanfreePhspStyrox_w182.egsdat  ncase=3919860        cpu=48804.10   
183 fanfreePhspStyrox_w183.egsdat  ncase=4647834        cpu=49272.40   
184 fanfreePhspStyrox_w184.egsdat  ncase=4871826        cpu=49270.40   
185 fanfreePhspStyrox_w185.egsdat  ncase=3695868        cpu=49167.50   
186 fanfreePhspStyrox_w186.egsdat  ncase=3975858        cpu=49544.30   
187 fanfreePhspStyrox_w187.egsdat  ncase=4703832        cpu=48809.30   
188 fanfreePhspStyrox_w188.egsdat  ncase=3751866        cpu=49035.50   
189 fanfreePhspStyrox_w189.egsdat  ncase=3695868        cpu=48921.80   
190 fanfreePhspStyrox_w190.egsdat  ncase=3807864        cpu=49250.20   
191 fanfreePhspStyrox_w191.egsdat  ncase=3751866        cpu=48978.80   
192 fanfreePhspStyrox_w192.egsdat  ncase=4423842        cpu=49188.60   
193 fanfreePhspStyrox_w193.egsdat  ncase=4087854        cpu=48735.50   
194 fanfreePhspStyrox_w194.egsdat  ncase=3975858        cpu=49072.90   
195 fanfreePhspStyrox_w195.egsdat  ncase=3863862        cpu=48883.10   
196 fanfreePhspStyrox_w196.egsdat  ncase=3639870        cpu=49113.20   
197 fanfreePhspStyrox_w197.egsdat  ncase=4143852        cpu=49095.30   
198 fanfreePhspStyrox_w198.egsdat  ncase=3695868        cpu=49242.60   
199 fanfreePhspStyrox_w199.egsdat  ncase=4591836        cpu=49416.50   
200 fanfreePhspStyrox_w200.egsdat  ncase=4703832        cpu=49014.00   
201 fanfreePhspStyrox_w201.egsdat  ncase=4087854        cpu=48830.60   
202 fanfreePhspStyrox_w202.egsdat  ncase=3863862        cpu=49023.50   
203 fanfreePhspStyrox_w203.egsdat  ncase=3191886        cpu=49639.70   
204 fanfreePhspStyrox_w204.egsdat  ncase=3303882        cpu=50049.40   
205 fanfreePhspStyrox_w205.egsdat  ncase=4031856        cpu=48869.20   
206 fanfreePhspStyrox_w206.egsdat  ncase=4031856        cpu=49114.70   
207 fanfreePhspStyrox_w207.egsdat  ncase=4311846        cpu=49430.10   
208 fanfreePhspStyrox_w208.egsdat  ncase=3919860        cpu=48912.40   
209 fanfreePhspStyrox_w209.egsdat  ncase=3863862        cpu=49473.80   
210 fanfreePhspStyrox_w210.egsdat  ncase=3639870        cpu=49098.90   
211 fanfreePhspStyrox_w211.egsdat  ncase=3975858        cpu=49089.70   
212 fanfreePhspStyrox_w212.egsdat  ncase=4759830        cpu=48880.40   
213 fanfreePhspStyrox_w213.egsdat  ncase=4591836        cpu=49745.70   
214 fanfreePhspStyrox_w214.egsdat  ncase=4703832        cpu=49073.80   
215 fanfreePhspStyrox_w215.egsdat  ncase=4927824        cpu=48809.80   
216 fanfreePhspStyrox_w216.egsdat  ncase=4143852        cpu=49334.30   
217 fanfreePhspStyrox_w217.egsdat  ncase=3807864        cpu=49308.80   
218 fanfreePhspStyrox_w218.egsdat  ncase=4255848        cpu=49223.50   
219 fanfreePhspStyrox_w219.egsdat  ncase=4031856        cpu=49146.80   
220 fanfreePhspStyrox_w220.egsdat  ncase=4647834        cpu=49682.20   
221 fanfreePhspStyrox_w221.egsdat  ncase=3359880        cpu=49012.80   
222 fanfreePhspStyrox_w222.egsdat  ncase=4647834        cpu=49266.60   
223 fanfreePhspStyrox_w223.egsdat  ncase=4255848        cpu=49084.90   
224 fanfreePhspStyrox_w224.egsdat  ncase=4591836        cpu=49043.20   
225 fanfreePhspStyrox_w225.egsdat  ncase=3807864        cpu=49433.70   
226 fanfreePhspStyrox_w226.egsdat  ncase=4815828        cpu=49050.50   
227 fanfreePhspStyrox_w227.egsdat  ncase=4087854        cpu=48919.70   
228 fanfreePhspStyrox_w228.egsdat  ncase=4255848        cpu=49040.50   
229 fanfreePhspStyrox_w229.egsdat  ncase=4423842        cpu=49160.70   
230 fanfreePhspStyrox_w230.egsdat  ncase=4087854        cpu=48760.60   
231 fanfreePhspStyrox_w231.egsdat  ncase=4423842        cpu=49638.40   
232 fanfreePhspStyrox_w232.egsdat  ncase=4143852        cpu=49128.90   
233 fanfreePhspStyrox_w233.egsdat  ncase=4031856        cpu=48927.90   
234 fanfreePhspStyrox_w234.egsdat  ncase=4479840        cpu=49097.00   
235 fanfreePhspStyrox_w235.egsdat  ncase=3863862        cpu=49010.00   
236 fanfreePhspStyrox_w236.egsdat  ncase=4031856        cpu=48760.70   
237 fanfreePhspStyrox_w237.egsdat  ncase=3807864        cpu=48901.20   
238 fanfreePhspStyrox_w238.egsdat  ncase=3807864        cpu=49136.20   
239 fanfreePhspStyrox_w239.egsdat  ncase=3415878        cpu=48683.30   
240 fanfreePhspStyrox_w240.egsdat  ncase=4031856        cpu=48981.70   
241 fanfreePhspStyrox_w241.egsdat  ncase=4703832        cpu=49074.60   
242 fanfreePhspStyrox_w242.egsdat  ncase=3527874        cpu=51216.00   
243 fanfreePhspStyrox_w243.egsdat  ncase=4479840        cpu=48929.80   
244 fanfreePhspStyrox_w244.egsdat  ncase=4143852        cpu=48902.50   
245 fanfreePhspStyrox_w245.egsdat  ncase=3471876        cpu=48664.40   
246 fanfreePhspStyrox_w246.egsdat  ncase=4087854        cpu=48813.10   
247 fanfreePhspStyrox_w247.egsdat  ncase=3639870        cpu=48690.90   
248 fanfreePhspStyrox_w248.egsdat  ncase=3695868        cpu=48786.90   
249 fanfreePhspStyrox_w249.egsdat  ncase=3919860        cpu=48994.90   
250 fanfreePhspStyrox_w250.egsdat  ncase=4423842        cpu=49251.10   
251 fanfreePhspStyrox_w251.egsdat  ncase=3583872        cpu=48849.10   
252 fanfreePhspStyrox_w252.egsdat  ncase=3695868        cpu=49101.00   
253 fanfreePhspStyrox_w253.egsdat  ncase=4143852        cpu=49802.30   
254 fanfreePhspStyrox_w254.egsdat  ncase=3919860        cpu=48720.30   
255 fanfreePhspStyrox_w255.egsdat  ncase=4143852        cpu=49901.40   
256 fanfreePhspStyrox_w256.egsdat  ncase=4031856        cpu=48985.20   
257 fanfreePhspStyrox_w257.egsdat  ncase=3863862        cpu=48828.70   
258 fanfreePhspStyrox_w258.egsdat  ncase=3975858        cpu=48773.00   
259 fanfreePhspStyrox_w259.egsdat  ncase=3919860        cpu=48805.90   
260 fanfreePhspStyrox_w260.egsdat  ncase=4647834        cpu=48926.00   
261 fanfreePhspStyrox_w261.egsdat  ncase=4199850        cpu=48737.40   
262 fanfreePhspStyrox_w262.egsdat  ncase=4143852        cpu=48914.60   
263 fanfreePhspStyrox_w263.egsdat  ncase=4255848        cpu=50561.20   
264 fanfreePhspStyrox_w264.egsdat  ncase=4143852        cpu=48658.40   
265 fanfreePhspStyrox_w265.egsdat  ncase=3247884        cpu=49305.90   
266 fanfreePhspStyrox_w266.egsdat  ncase=4367844        cpu=48776.10   
267 fanfreePhspStyrox_w267.egsdat  ncase=3639870        cpu=49229.80   
268 fanfreePhspStyrox_w268.egsdat  ncase=3583872        cpu=50307.90   
269 fanfreePhspStyrox_w269.egsdat  ncase=3415878        cpu=49705.80   
270 fanfreePhspStyrox_w270.egsdat  ncase=4311846        cpu=48749.80   
271 fanfreePhspStyrox_w271.egsdat  ncase=3359880        cpu=48821.60   
272 fanfreePhspStyrox_w272.egsdat  ncase=3863862        cpu=48984.80   
273 fanfreePhspStyrox_w273.egsdat  ncase=3751866        cpu=48931.30   
274 fanfreePhspStyrox_w274.egsdat  ncase=3751866        cpu=48778.50   
275 fanfreePhspStyrox_w275.egsdat  ncase=3863862        cpu=49189.30   
276 fanfreePhspStyrox_w276.egsdat  ncase=4311846        cpu=48890.70   
277 fanfreePhspStyrox_w277.egsdat  ncase=3863862        cpu=49966.60   
278 fanfreePhspStyrox_w278.egsdat  ncase=3751866        cpu=48783.80   
279 fanfreePhspStyrox_w279.egsdat  ncase=3807864        cpu=48790.20   
280 fanfreePhspStyrox_w280.egsdat  ncase=4311846        cpu=48772.40   
281 fanfreePhspStyrox_w281.egsdat  ncase=4591836        cpu=48912.40   
282 fanfreePhspStyrox_w282.egsdat  ncase=4311846        cpu=48988.40   
283 fanfreePhspStyrox_w283.egsdat  ncase=3751866        cpu=48778.60   
284 fanfreePhspStyrox_w284.egsdat  ncase=4759830        cpu=49124.80   
285 fanfreePhspStyrox_w285.egsdat  ncase=3919860        cpu=49186.30   
286 fanfreePhspStyrox_w286.egsdat  ncase=4143852        cpu=48726.20   
287 fanfreePhspStyrox_w287.egsdat  ncase=4983822        cpu=49385.70   
288 fanfreePhspStyrox_w288.egsdat  ncase=4535838        cpu=49417.50   
289 fanfreePhspStyrox_w289.egsdat  ncase=4703832        cpu=48712.30   
290 fanfreePhspStyrox_w290.egsdat  ncase=4479840        cpu=48826.00   
291 fanfreePhspStyrox_w291.egsdat  ncase=4087854        cpu=49214.30   
292 fanfreePhspStyrox_w292.egsdat  ncase=4031856        cpu=48861.60   
293 fanfreePhspStyrox_w293.egsdat  ncase=4199850        cpu=48732.60   
294 fanfreePhspStyrox_w294.egsdat  ncase=4255848        cpu=49163.70   
295 fanfreePhspStyrox_w295.egsdat  ncase=4759830        cpu=49112.20   
296 fanfreePhspStyrox_w296.egsdat  ncase=4535838        cpu=49156.00   
297 fanfreePhspStyrox_w297.egsdat  ncase=3975858        cpu=49426.20   
298 fanfreePhspStyrox_w298.egsdat  ncase=4591836        cpu=49207.70   
299 fanfreePhspStyrox_w299.egsdat  ncase=4087854        cpu=48924.00   
300 fanfreePhspStyrox_w300.egsdat  ncase=4591836        cpu=48898.10   
301 fanfreePhspStyrox_w301.egsdat  ncase=3415878        cpu=48692.80   
302 fanfreePhspStyrox_w302.egsdat  ncase=4031856        cpu=48751.10   
303 fanfreePhspStyrox_w303.egsdat  ncase=4199850        cpu=48777.90   
304 fanfreePhspStyrox_w304.egsdat  ncase=4031856        cpu=48965.10   
305 fanfreePhspStyrox_w305.egsdat  ncase=4199850        cpu=49218.90   
306 fanfreePhspStyrox_w306.egsdat  ncase=4367844        cpu=48866.70   
307 fanfreePhspStyrox_w307.egsdat  ncase=4591836        cpu=49018.10   
308 fanfreePhspStyrox_w308.egsdat  ncase=4367844        cpu=48664.10   
309 fanfreePhspStyrox_w309.egsdat  ncase=4087854        cpu=49049.40   
310 fanfreePhspStyrox_w310.egsdat  ncase=3807864        cpu=48685.50   
311 fanfreePhspStyrox_w311.egsdat  ncase=4087854        cpu=49362.20   
312 fanfreePhspStyrox_w312.egsdat  ncase=3975858        cpu=49318.80   
313 fanfreePhspStyrox_w313.egsdat  ncase=4087854        cpu=48892.70   
314 fanfreePhspStyrox_w314.egsdat  ncase=4703832        cpu=48977.30   
315 fanfreePhspStyrox_w315.egsdat  ncase=4199850        cpu=48938.50   
316 fanfreePhspStyrox_w316.egsdat  ncase=4311846        cpu=48972.00   
317 fanfreePhspStyrox_w317.egsdat  ncase=4535838        cpu=49545.20   
318 fanfreePhspStyrox_w318.egsdat  ncase=4927824        cpu=48642.40   
319 fanfreePhspStyrox_w319.egsdat  ncase=4367844        cpu=49070.20   
320 fanfreePhspStyrox_w320.egsdat  ncase=4479840        cpu=49455.80   
321 fanfreePhspStyrox_w321.egsdat  ncase=4199850        cpu=48870.80   
322 fanfreePhspStyrox_w322.egsdat  ncase=3415878        cpu=49080.80   
323 fanfreePhspStyrox_w323.egsdat  ncase=4479840        cpu=48606.30   
324 fanfreePhspStyrox_w324.egsdat  ncase=4535838        cpu=48751.10   
325 fanfreePhspStyrox_w325.egsdat  ncase=4367844        cpu=48801.30   
326 fanfreePhspStyrox_w326.egsdat  ncase=3303882        cpu=49566.50   
327 fanfreePhspStyrox_w327.egsdat  ncase=3247884        cpu=48837.70   
328 fanfreePhspStyrox_w328.egsdat  ncase=3863862        cpu=49086.00   
329 fanfreePhspStyrox_w329.egsdat  ncase=3359880        cpu=48635.30   
330 fanfreePhspStyrox_w330.egsdat  ncase=2911896        cpu=49089.30   
331 fanfreePhspStyrox_w331.egsdat  ncase=4423842        cpu=49108.90   
332 fanfreePhspStyrox_w332.egsdat  ncase=5095818        cpu=48533.00   
333 fanfreePhspStyrox_w333.egsdat  ncase=3247884        cpu=48746.40   
334 fanfreePhspStyrox_w334.egsdat  ncase=3583872        cpu=48795.30   
335 fanfreePhspStyrox_w335.egsdat  ncase=3079890        cpu=48659.60   
336 fanfreePhspStyrox_w336.egsdat  ncase=3359880        cpu=48542.00   
337 fanfreePhspStyrox_w337.egsdat  ncase=2967894        cpu=50112.40   
338 fanfreePhspStyrox_w338.egsdat  ncase=3079890        cpu=48761.20   
339 fanfreePhspStyrox_w339.egsdat  ncase=3863862        cpu=48857.80   
340 fanfreePhspStyrox_w340.egsdat  ncase=4143852        cpu=48733.10   
341 fanfreePhspStyrox_w341.egsdat  ncase=4535838        cpu=50037.70   
342 fanfreePhspStyrox_w342.egsdat  ncase=3527874        cpu=48831.70   
343 fanfreePhspStyrox_w343.egsdat  ncase=3751866        cpu=48976.40   
344 fanfreePhspStyrox_w344.egsdat  ncase=3191886        cpu=48766.90   
345 fanfreePhspStyrox_w345.egsdat  ncase=4031856        cpu=48690.50   
346 fanfreePhspStyrox_w346.egsdat  ncase=3359880        cpu=48842.00   
347 fanfreePhspStyrox_w347.egsdat  ncase=3247884        cpu=48751.30   
348 fanfreePhspStyrox_w348.egsdat  ncase=2855898        cpu=49196.90   
349 fanfreePhspStyrox_w349.egsdat  ncase=3303882        cpu=49338.90   
350 fanfreePhspStyrox_w350.egsdat  ncase=3639870        cpu=48784.50   
351 fanfreePhspStyrox_w351.egsdat  ncase=4423842        cpu=49439.10   
352 fanfreePhspStyrox_w352.egsdat  ncase=4031856        cpu=49168.10   
353 fanfreePhspStyrox_w353.egsdat  ncase=3751866        cpu=49833.50   
354 fanfreePhspStyrox_w354.egsdat  ncase=3639870        cpu=49234.50   
355 fanfreePhspStyrox_w355.egsdat  ncase=3303882        cpu=48613.90   
356 fanfreePhspStyrox_w356.egsdat  ncase=3247884        cpu=49287.20   
357 fanfreePhspStyrox_w357.egsdat  ncase=4143852        cpu=48761.70   
358 fanfreePhspStyrox_w358.egsdat  ncase=3303882        cpu=48782.50   
359 fanfreePhspStyrox_w359.egsdat  ncase=3639870        cpu=48720.40   
360 fanfreePhspStyrox_w360.egsdat  ncase=3975858        cpu=48944.30   
361 fanfreePhspStyrox_w361.egsdat  ncase=3583872        cpu=49390.20   
362 fanfreePhspStyrox_w362.egsdat  ncase=3695868        cpu=48816.00   
363 fanfreePhspStyrox_w363.egsdat  ncase=3695868        cpu=49237.70   
364 fanfreePhspStyrox_w364.egsdat  ncase=2855898        cpu=49007.90   
365 fanfreePhspStyrox_w365.egsdat  ncase=3415878        cpu=49173.40   
366 fanfreePhspStyrox_w366.egsdat  ncase=3191886        cpu=48964.20   
367 fanfreePhspStyrox_w367.egsdat  ncase=3247884        cpu=48686.60   
368 fanfreePhspStyrox_w368.egsdat  ncase=3583872        cpu=48882.40   
369 fanfreePhspStyrox_w369.egsdat  ncase=4311846        cpu=49016.60   
370 fanfreePhspStyrox_w370.egsdat  ncase=3751866        cpu=48826.00   
371 fanfreePhspStyrox_w371.egsdat  ncase=3695868        cpu=48815.10   
372 fanfreePhspStyrox_w372.egsdat  ncase=3807864        cpu=49640.20   
373 fanfreePhspStyrox_w373.egsdat  ncase=3303882        cpu=48975.80   
374 fanfreePhspStyrox_w374.egsdat  ncase=3639870        cpu=49866.90   
375 fanfreePhspStyrox_w375.egsdat  ncase=2631906        cpu=49878.00   
376 fanfreePhspStyrox_w376.egsdat  ncase=2967894        cpu=48745.90   
377 fanfreePhspStyrox_w377.egsdat  ncase=3807864        cpu=48760.60   
378 fanfreePhspStyrox_w378.egsdat  ncase=3135888        cpu=48601.90   
379 fanfreePhspStyrox_w379.egsdat  ncase=3191886        cpu=49151.40   
380 fanfreePhspStyrox_w380.egsdat  ncase=2799900        cpu=48891.30   
381 fanfreePhspStyrox_w381.egsdat  ncase=3135888        cpu=48956.70   
382 fanfreePhspStyrox_w382.egsdat  ncase=3303882        cpu=48873.20   
383 fanfreePhspStyrox_w383.egsdat  ncase=3415878        cpu=48704.10   
384 fanfreePhspStyrox_w384.egsdat  ncase=3079890        cpu=49196.90   
385 fanfreePhspStyrox_w385.egsdat  ncase=3247884        cpu=48504.10   
386 fanfreePhspStyrox_w386.egsdat  ncase=4367844        cpu=48597.10   
387 fanfreePhspStyrox_w387.egsdat  ncase=3639870        cpu=48571.20   
388 fanfreePhspStyrox_w388.egsdat  ncase=4255848        cpu=48750.80   
389 fanfreePhspStyrox_w389.egsdat  ncase=4031856        cpu=48991.20   
390 fanfreePhspStyrox_w390.egsdat  ncase=3359880        cpu=48981.30   
391 fanfreePhspStyrox_w391.egsdat  ncase=3415878        cpu=48922.50   
392 fanfreePhspStyrox_w392.egsdat  ncase=3135888        cpu=49375.60   
393 fanfreePhspStyrox_w393.egsdat  ncase=3079890        cpu=48897.90   
394 fanfreePhspStyrox_w394.egsdat  ncase=3415878        cpu=48833.00   
395 fanfreePhspStyrox_w395.egsdat  ncase=3527874        cpu=49280.40   
396 fanfreePhspStyrox_w396.egsdat  ncase=3303882        cpu=48658.80   
397 fanfreePhspStyrox_w397.egsdat  ncase=3471876        cpu=48672.60   
398 fanfreePhspStyrox_w398.egsdat  ncase=3415878        cpu=48637.80   
399 fanfreePhspStyrox_w399.egsdat  ncase=3919860        cpu=48493.00   
400 fanfreePhspStyrox_w400.egsdat  ncase=3415878        cpu=48469.90   
401 fanfreePhspStyrox_w401.egsdat  ncase=2855898        cpu=49227.10   
402 fanfreePhspStyrox_w402.egsdat  ncase=3191886        cpu=48917.20   
403 fanfreePhspStyrox_w403.egsdat  ncase=3807864        cpu=48486.60   
404 fanfreePhspStyrox_w404.egsdat  ncase=4143852        cpu=48588.90   
405 fanfreePhspStyrox_w405.egsdat  ncase=3583872        cpu=48889.70   
406 fanfreePhspStyrox_w406.egsdat  ncase=3863862        cpu=48880.20   
407 fanfreePhspStyrox_w407.egsdat  ncase=3415878        cpu=48489.60   
408 fanfreePhspStyrox_w408.egsdat  ncase=3975858        cpu=48817.00   
409 fanfreePhspStyrox_w409.egsdat  ncase=3303882        cpu=49176.30   
410 fanfreePhspStyrox_w410.egsdat  ncase=2855898        cpu=48573.70   
411 fanfreePhspStyrox_w411.egsdat  ncase=3919860        cpu=49576.20   
412 fanfreePhspStyrox_w412.egsdat  ncase=3639870        cpu=48773.70   
413 fanfreePhspStyrox_w413.egsdat  ncase=3527874        cpu=48595.70   
414 fanfreePhspStyrox_w414.egsdat  ncase=3695868        cpu=48420.90   
415 fanfreePhspStyrox_w415.egsdat  ncase=3863862        cpu=48821.10   
416 fanfreePhspStyrox_w416.egsdat  ncase=3471876        cpu=48926.10   
417 fanfreePhspStyrox_w417.egsdat  ncase=3471876        cpu=48764.00   
418 fanfreePhspStyrox_w418.egsdat  ncase=3863862        cpu=48546.80   
419 fanfreePhspStyrox_w419.egsdat  ncase=3639870        cpu=49543.80   
420 fanfreePhspStyrox_w420.egsdat  ncase=3695868        cpu=49232.30   
421 fanfreePhspStyrox_w421.egsdat  ncase=3583872        cpu=49414.20   
422 fanfreePhspStyrox_w422.egsdat  ncase=3527874        cpu=49045.00   
423 fanfreePhspStyrox_w423.egsdat  ncase=3527874        cpu=48578.40   
424 fanfreePhspStyrox_w424.egsdat  ncase=3079890        cpu=49568.50   
425 fanfreePhspStyrox_w425.egsdat  ncase=3807864        cpu=49491.10   
426 fanfreePhspStyrox_w426.egsdat  ncase=3583872        cpu=49043.60   
427 fanfreePhspStyrox_w427.egsdat  ncase=3079890        cpu=48779.60   
428 fanfreePhspStyrox_w428.egsdat  ncase=4143852        cpu=48574.40   
429 fanfreePhspStyrox_w429.egsdat  ncase=2911896        cpu=48327.60   
430 fanfreePhspStyrox_w430.egsdat  ncase=3975858        cpu=49251.20   
431 fanfreePhspStyrox_w431.egsdat  ncase=3807864        cpu=49246.70   
432 fanfreePhspStyrox_w432.egsdat  ncase=3919860        cpu=48599.60   
433 fanfreePhspStyrox_w433.egsdat  ncase=4143852        cpu=49238.00   
434 fanfreePhspStyrox_w434.egsdat  ncase=3415878        cpu=49260.00   
435 fanfreePhspStyrox_w435.egsdat  ncase=3023892        cpu=48959.20   
436 fanfreePhspStyrox_w436.egsdat  ncase=2911896        cpu=48503.80   
437 fanfreePhspStyrox_w437.egsdat  ncase=3639870        cpu=48470.70   
438 fanfreePhspStyrox_w438.egsdat  ncase=3751866        cpu=48591.90   
439 fanfreePhspStyrox_w439.egsdat  ncase=3303882        cpu=49062.60   
440 fanfreePhspStyrox_w440.egsdat  ncase=3303882        cpu=49677.80   
441 fanfreePhspStyrox_w441.egsdat  ncase=3247884        cpu=48930.30   
442 fanfreePhspStyrox_w442.egsdat  ncase=3695868        cpu=48425.10   
443 fanfreePhspStyrox_w443.egsdat  ncase=3863862        cpu=49081.70   
444 fanfreePhspStyrox_w444.egsdat  ncase=3527874        cpu=48584.40   
445 fanfreePhspStyrox_w445.egsdat  ncase=3303882        cpu=49045.60   
446 fanfreePhspStyrox_w446.egsdat  ncase=3135888        cpu=48600.80   
447 fanfreePhspStyrox_w447.egsdat  ncase=3191886        cpu=48722.70   
448 fanfreePhspStyrox_w448.egsdat  ncase=3807864        cpu=48933.30   
449 fanfreePhspStyrox_w449.egsdat  ncase=3247884        cpu=49312.40   
450 fanfreePhspStyrox_w450.egsdat  ncase=3359880        cpu=48407.20   
451 fanfreePhspStyrox_w451.egsdat  ncase=3415878        cpu=48507.60   
452 fanfreePhspStyrox_w452.egsdat  ncase=3415878        cpu=48965.90   
453 fanfreePhspStyrox_w453.egsdat  ncase=2967894        cpu=48415.90   
454 fanfreePhspStyrox_w454.egsdat  ncase=3023892        cpu=48487.50   
455 fanfreePhspStyrox_w455.egsdat  ncase=3471876        cpu=48870.40   
456 fanfreePhspStyrox_w456.egsdat  ncase=3359880        cpu=48709.80   
457 fanfreePhspStyrox_w457.egsdat  ncase=3303882        cpu=48647.20   
458 fanfreePhspStyrox_w458.egsdat  ncase=3695868        cpu=48504.20   
459 fanfreePhspStyrox_w459.egsdat  ncase=3527874        cpu=48360.10   
460 fanfreePhspStyrox_w460.egsdat  ncase=3471876        cpu=49068.20   
461 fanfreePhspStyrox_w461.egsdat  ncase=3527874        cpu=49667.60   
462 fanfreePhspStyrox_w462.egsdat  ncase=3135888        cpu=49318.90   
463 fanfreePhspStyrox_w463.egsdat  ncase=3415878        cpu=48358.40   
464 fanfreePhspStyrox_w464.egsdat  ncase=3751866        cpu=48595.30   
465 fanfreePhspStyrox_w465.egsdat  ncase=3359880        cpu=48631.90   
466 fanfreePhspStyrox_w466.egsdat  ncase=4031856        cpu=48489.70   
467 fanfreePhspStyrox_w467.egsdat  ncase=3919860        cpu=49125.40   
468 fanfreePhspStyrox_w468.egsdat  ncase=3191886        cpu=48716.90   
469 fanfreePhspStyrox_w469.egsdat  ncase=3471876        cpu=49287.10   
470 fanfreePhspStyrox_w470.egsdat  ncase=3751866        cpu=49734.00   
471 fanfreePhspStyrox_w471.egsdat  ncase=3023892        cpu=48600.10   
472 fanfreePhspStyrox_w472.egsdat  ncase=3247884        cpu=48437.10   
473 fanfreePhspStyrox_w473.egsdat  ncase=3695868        cpu=48782.80   
474 fanfreePhspStyrox_w474.egsdat  ncase=3751866        cpu=48844.60   
475 fanfreePhspStyrox_w475.egsdat  ncase=3303882        cpu=48435.80   
476 fanfreePhspStyrox_w476.egsdat  ncase=4255848        cpu=48895.50   
477 fanfreePhspStyrox_w477.egsdat  ncase=3303882        cpu=48674.90   
478 fanfreePhspStyrox_w478.egsdat  ncase=2967894        cpu=48600.40   
479 fanfreePhspStyrox_w479.egsdat  ncase=3415878        cpu=48718.40   
480 fanfreePhspStyrox_w480.egsdat  ncase=3023892        cpu=48452.40   
481 fanfreePhspStyrox_w481.egsdat  ncase=2911896        cpu=48381.80   
482 fanfreePhspStyrox_w482.egsdat  ncase=3919860        cpu=48415.90   
483 fanfreePhspStyrox_w483.egsdat  ncase=3527874        cpu=48922.20   
484 fanfreePhspStyrox_w484.egsdat  ncase=3359880        cpu=48697.60   
485 fanfreePhspStyrox_w485.egsdat  ncase=3527874        cpu=48458.20   
486 fanfreePhspStyrox_w486.egsdat  ncase=3191886        cpu=48405.40   
487 fanfreePhspStyrox_w487.egsdat  ncase=3191886        cpu=49453.20   
488 fanfreePhspStyrox_w488.egsdat  ncase=3247884        cpu=49241.60   
489 fanfreePhspStyrox_w489.egsdat  ncase=3415878        cpu=48681.70   
490 fanfreePhspStyrox_w490.egsdat  ncase=3303882        cpu=49062.60   
491 fanfreePhspStyrox_w491.egsdat  ncase=3415878        cpu=49016.30   
492 fanfreePhspStyrox_w492.egsdat  ncase=3583872        cpu=48627.50   
493 fanfreePhspStyrox_w493.egsdat  ncase=3191886        cpu=49319.00   
494 fanfreePhspStyrox_w494.egsdat  ncase=3359880        cpu=48316.10   
495 fanfreePhspStyrox_w495.egsdat  ncase=4143852        cpu=48933.80   
496 fanfreePhspStyrox_w496.egsdat  ncase=3191886        cpu=48394.10   
497 fanfreePhspStyrox_w497.egsdat  ncase=3415878        cpu=48702.30   
498 fanfreePhspStyrox_w498.egsdat  ncase=3583872        cpu=50346.20   
499 fanfreePhspStyrox_w499.egsdat  ncase=4031856        cpu=48822.80   
500 fanfreePhspStyrox_w500.egsdat  ncase=3415878        cpu=48419.90   
501 fanfreePhspStyrox_w501.egsdat  ncase=3415878        cpu=48623.80   
502 fanfreePhspStyrox_w502.egsdat  ncase=3415878        cpu=49254.40   
503 fanfreePhspStyrox_w503.egsdat  ncase=3583872        cpu=48252.80   
504 fanfreePhspStyrox_w504.egsdat  ncase=3583872        cpu=48688.50   
505 fanfreePhspStyrox_w505.egsdat  ncase=3247884        cpu=48420.40   
506 fanfreePhspStyrox_w506.egsdat  ncase=3191886        cpu=48497.10   
507 fanfreePhspStyrox_w507.egsdat  ncase=3359880        cpu=48254.70   
508 fanfreePhspStyrox_w508.egsdat  ncase=3639870        cpu=48328.10   
509 fanfreePhspStyrox_w509.egsdat  ncase=3415878        cpu=48354.40   
510 fanfreePhspStyrox_w510.egsdat  ncase=3023892        cpu=48516.20   
511 fanfreePhspStyrox_w511.egsdat  ncase=3191886        cpu=48574.00   
512 fanfreePhspStyrox_w512.egsdat  ncase=2967894        cpu=49420.50   
513 fanfreePhspStyrox_w513.egsdat  ncase=3695868        cpu=48067.60   
514 fanfreePhspStyrox_w514.egsdat  ncase=3639870        cpu=48513.70   
515 fanfreePhspStyrox_w515.egsdat  ncase=3247884        cpu=48731.30   
516 fanfreePhspStyrox_w516.egsdat  ncase=3135888        cpu=48793.30   
517 fanfreePhspStyrox_w517.egsdat  ncase=3359880        cpu=48270.80   
518 fanfreePhspStyrox_w518.egsdat  ncase=3751866        cpu=48294.30   
519 fanfreePhspStyrox_w519.egsdat  ncase=3919860        cpu=48725.60   
520 fanfreePhspStyrox_w520.egsdat  ncase=3303882        cpu=48908.40   
521 fanfreePhspStyrox_w521.egsdat  ncase=3415878        cpu=49481.20   
522 fanfreePhspStyrox_w522.egsdat  ncase=3583872        cpu=48632.80   
523 fanfreePhspStyrox_w523.egsdat  ncase=3863862        cpu=48298.70   
524 fanfreePhspStyrox_w524.egsdat  ncase=3863862        cpu=48546.30   
525 fanfreePhspStyrox_w525.egsdat  ncase=3135888        cpu=48184.30   
526 fanfreePhspStyrox_w526.egsdat  ncase=3527874        cpu=48277.50   
527 fanfreePhspStyrox_w527.egsdat  ncase=3975858        cpu=48487.40   
528 fanfreePhspStyrox_w528.egsdat  ncase=3079890        cpu=48219.30   
529 fanfreePhspStyrox_w529.egsdat  ncase=3527874        cpu=48225.40   
530 fanfreePhspStyrox_w530.egsdat  ncase=3359880        cpu=49112.50   
531 fanfreePhspStyrox_w531.egsdat  ncase=3359880        cpu=48321.30   
532 fanfreePhspStyrox_w532.egsdat  ncase=3079890        cpu=48298.70   
533 fanfreePhspStyrox_w533.egsdat  ncase=4031856        cpu=49749.40   
534 fanfreePhspStyrox_w534.egsdat  ncase=3135888        cpu=48783.80   
535 fanfreePhspStyrox_w535.egsdat  ncase=2855898        cpu=48434.20   
536 fanfreePhspStyrox_w536.egsdat  ncase=3863862        cpu=48417.70   
537 fanfreePhspStyrox_w537.egsdat  ncase=3807864        cpu=48108.70   
538 fanfreePhspStyrox_w538.egsdat  ncase=3863862        cpu=48974.40   
539 fanfreePhspStyrox_w539.egsdat  ncase=3863862        cpu=49772.50   
540 fanfreePhspStyrox_w540.egsdat  ncase=3415878        cpu=48500.60   
541 fanfreePhspStyrox_w541.egsdat  ncase=3023892        cpu=48495.80   
542 fanfreePhspStyrox_w542.egsdat  ncase=2855898        cpu=48245.10   
543 fanfreePhspStyrox_w543.egsdat  ncase=3751866        cpu=48847.90   
544 fanfreePhspStyrox_w544.egsdat  ncase=3247884        cpu=48512.10   
545 fanfreePhspStyrox_w545.egsdat  ncase=3919860        cpu=48486.80   
546 fanfreePhspStyrox_w546.egsdat  ncase=3247884        cpu=48356.60   
547 fanfreePhspStyrox_w547.egsdat  ncase=3527874        cpu=48868.30   
548 fanfreePhspStyrox_w548.egsdat  ncase=3023892        cpu=48219.20   
549 fanfreePhspStyrox_w549.egsdat  ncase=3303882        cpu=48439.60   
550 fanfreePhspStyrox_w550.egsdat  ncase=2911896        cpu=48325.50   
551 fanfreePhspStyrox_w551.egsdat  ncase=3863862        cpu=48294.80   
552 fanfreePhspStyrox_w552.egsdat  ncase=3863862        cpu=48575.30   
553 fanfreePhspStyrox_w553.egsdat  ncase=2407914        cpu=48749.10   
554 fanfreePhspStyrox_w554.egsdat  ncase=3303882        cpu=48370.10   
555 fanfreePhspStyrox_w555.egsdat  ncase=3639870        cpu=49066.70   
556 fanfreePhspStyrox_w556.egsdat  ncase=3527874        cpu=48537.20   
557 fanfreePhspStyrox_w557.egsdat  ncase=3975858        cpu=48654.10   
558 fanfreePhspStyrox_w558.egsdat  ncase=3191886        cpu=48668.70   
559 fanfreePhspStyrox_w559.egsdat  ncase=3471876        cpu=49543.40   
560 fanfreePhspStyrox_w560.egsdat  ncase=3807864        cpu=48344.30   
561 fanfreePhspStyrox_w561.egsdat  ncase=3695868        cpu=48255.40   
562 fanfreePhspStyrox_w562.egsdat  ncase=3079890        cpu=48757.10   
563 fanfreePhspStyrox_w563.egsdat  ncase=2911896        cpu=48701.30   
564 fanfreePhspStyrox_w564.egsdat  ncase=3415878        cpu=48296.00   
565 fanfreePhspStyrox_w565.egsdat  ncase=3695868        cpu=48953.30   
566 fanfreePhspStyrox_w566.egsdat  ncase=3303882        cpu=48319.60   
567 fanfreePhspStyrox_w567.egsdat  ncase=2967894        cpu=48800.10   
568 fanfreePhspStyrox_w568.egsdat  ncase=3751866        cpu=49030.50   
569 fanfreePhspStyrox_w569.egsdat  ncase=3695868        cpu=48531.50   
570 fanfreePhspStyrox_w570.egsdat  ncase=4255848        cpu=48491.60   
571 fanfreePhspStyrox_w571.egsdat  ncase=3695868        cpu=48908.90   
572 fanfreePhspStyrox_w572.egsdat  ncase=2799900        cpu=48931.20   
573 fanfreePhspStyrox_w573.egsdat  ncase=3751866        cpu=49181.00   
574 fanfreePhspStyrox_w574.egsdat  ncase=3863862        cpu=49908.30   
575 fanfreePhspStyrox_w575.egsdat  ncase=3303882        cpu=49020.40   
576 fanfreePhspStyrox_w576.egsdat  ncase=3247884        cpu=48543.60   
577 fanfreePhspStyrox_w577.egsdat  ncase=3583872        cpu=48293.90   
578 fanfreePhspStyrox_w578.egsdat  ncase=3303882        cpu=49568.30   
579 fanfreePhspStyrox_w579.egsdat  ncase=3471876        cpu=48403.70   
580 fanfreePhspStyrox_w580.egsdat  ncase=3415878        cpu=48955.90   
581 fanfreePhspStyrox_w581.egsdat  ncase=3135888        cpu=48322.20   
582 fanfreePhspStyrox_w582.egsdat  ncase=3807864        cpu=49060.80   
583 fanfreePhspStyrox_w583.egsdat  ncase=3695868        cpu=48607.60   
584 fanfreePhspStyrox_w584.egsdat  ncase=3583872        cpu=48127.80   
585 fanfreePhspStyrox_w585.egsdat  ncase=3079890        cpu=48952.40   
586 fanfreePhspStyrox_w586.egsdat  ncase=3247884        cpu=48318.10   
587 fanfreePhspStyrox_w587.egsdat  ncase=3303882        cpu=48898.70   
588 fanfreePhspStyrox_w588.egsdat  ncase=3695868        cpu=48141.10   
589 fanfreePhspStyrox_w589.egsdat  ncase=3527874        cpu=48834.30   
590 fanfreePhspStyrox_w590.egsdat  ncase=3807864        cpu=48815.50   
591 fanfreePhspStyrox_w591.egsdat  ncase=3247884        cpu=48955.00   
592 fanfreePhspStyrox_w592.egsdat  ncase=3471876        cpu=48744.70   
593 fanfreePhspStyrox_w593.egsdat  ncase=3471876        cpu=48170.60   
594 fanfreePhspStyrox_w594.egsdat  ncase=3023892        cpu=49020.20   
595 fanfreePhspStyrox_w595.egsdat  ncase=3807864        cpu=48530.10   
596 fanfreePhspStyrox_w596.egsdat  ncase=4199850        cpu=48502.80   
597 fanfreePhspStyrox_w597.egsdat  ncase=3695868        cpu=48294.30   
598 fanfreePhspStyrox_w598.egsdat  ncase=3471876        cpu=48710.70   
599 fanfreePhspStyrox_w599.egsdat  ncase=3359880        cpu=48144.50   
600 fanfreePhspStyrox_w600.egsdat  ncase=3135888        cpu=48731.40   
601 fanfreePhspStyrox_w601.egsdat  ncase=3527874        cpu=48341.40   
602 fanfreePhspStyrox_w602.egsdat  ncase=3359880        cpu=48112.30   
603 fanfreePhspStyrox_w603.egsdat  ncase=3303882        cpu=48658.10   
604 fanfreePhspStyrox_w604.egsdat  ncase=3919860        cpu=48145.20   
605 fanfreePhspStyrox_w605.egsdat  ncase=3415878        cpu=48899.80   
606 fanfreePhspStyrox_w606.egsdat  ncase=3583872        cpu=48168.80   
607 fanfreePhspStyrox_w607.egsdat  ncase=3695868        cpu=48209.30   
608 fanfreePhspStyrox_w608.egsdat  ncase=2855898        cpu=48737.20   
609 fanfreePhspStyrox_w609.egsdat  ncase=3527874        cpu=49320.90   
610 fanfreePhspStyrox_w610.egsdat  ncase=3415878        cpu=48436.60   
611 fanfreePhspStyrox_w611.egsdat  ncase=3415878        cpu=48050.70   
612 fanfreePhspStyrox_w612.egsdat  ncase=3415878        cpu=48431.10   
613 fanfreePhspStyrox_w613.egsdat  ncase=4143852        cpu=48055.30   
614 fanfreePhspStyrox_w614.egsdat  ncase=4367844        cpu=48100.20   
615 fanfreePhspStyrox_w615.egsdat  ncase=4479840        cpu=48512.10   
616 fanfreePhspStyrox_w616.egsdat  ncase=4423842        cpu=48121.80   
617 fanfreePhspStyrox_w617.egsdat  ncase=4535838        cpu=47998.70   
618 fanfreePhspStyrox_w618.egsdat  ncase=4255848        cpu=48307.60   
619 fanfreePhspStyrox_w619.egsdat  ncase=4479840        cpu=48122.60   
620 fanfreePhspStyrox_w620.egsdat  ncase=3807864        cpu=48460.30   
621 fanfreePhspStyrox_w621.egsdat  ncase=4479840        cpu=48319.10   
622 fanfreePhspStyrox_w622.egsdat  ncase=4479840        cpu=48047.60   
623 fanfreePhspStyrox_w623.egsdat  ncase=3191886        cpu=49738.80   
624 fanfreePhspStyrox_w624.egsdat  ncase=3639870        cpu=48243.60   
625 fanfreePhspStyrox_w625.egsdat  ncase=2967894        cpu=48505.80   
626 fanfreePhspStyrox_w626.egsdat  ncase=3471876        cpu=48086.10   
627 fanfreePhspStyrox_w627.egsdat  ncase=4479840        cpu=48068.00   
628 fanfreePhspStyrox_w628.egsdat  ncase=3527874        cpu=48303.10   
629 fanfreePhspStyrox_w629.egsdat  ncase=3415878        cpu=48789.00   
630 fanfreePhspStyrox_w630.egsdat  ncase=3079890        cpu=48264.70   
631 fanfreePhspStyrox_w631.egsdat  ncase=2799900        cpu=48001.20   
632 fanfreePhspStyrox_w632.egsdat  ncase=3751866        cpu=48569.70   
633 fanfreePhspStyrox_w633.egsdat  ncase=3415878        cpu=49105.60   
634 fanfreePhspStyrox_w634.egsdat  ncase=3471876        cpu=48369.80   
635 fanfreePhspStyrox_w635.egsdat  ncase=3471876        cpu=48838.70   
636 fanfreePhspStyrox_w636.egsdat  ncase=3919860        cpu=48049.60   
637 fanfreePhspStyrox_w637.egsdat  ncase=3079890        cpu=49108.30   
638 fanfreePhspStyrox_w638.egsdat  ncase=3247884        cpu=49484.80   
639 fanfreePhspStyrox_w639.egsdat  ncase=3415878        cpu=48327.40   
640 fanfreePhspStyrox_w640.egsdat  ncase=4087854        cpu=48830.70   
641 fanfreePhspStyrox_w641.egsdat  ncase=3751866        cpu=48351.60   
642 fanfreePhspStyrox_w642.egsdat  ncase=3639870        cpu=48168.20   
643 fanfreePhspStyrox_w643.egsdat  ncase=3807864        cpu=48197.80   
644 fanfreePhspStyrox_w644.egsdat  ncase=4199850        cpu=48415.30   
645 fanfreePhspStyrox_w645.egsdat  ncase=3135888        cpu=48954.20   
646 fanfreePhspStyrox_w646.egsdat  ncase=3247884        cpu=48002.10   
647 fanfreePhspStyrox_w647.egsdat  ncase=3471876        cpu=49259.30   
648 fanfreePhspStyrox_w648.egsdat  ncase=3135888        cpu=48062.80   
649 fanfreePhspStyrox_w649.egsdat  ncase=3471876        cpu=48158.90   
650 fanfreePhspStyrox_w650.egsdat  ncase=3247884        cpu=48167.70   
651 fanfreePhspStyrox_w651.egsdat  ncase=3415878        cpu=48420.60   
652 fanfreePhspStyrox_w652.egsdat  ncase=3527874        cpu=48834.00   
653 fanfreePhspStyrox_w653.egsdat  ncase=3919860        cpu=48446.40   
654 fanfreePhspStyrox_w654.egsdat  ncase=3639870        cpu=48619.80   
655 fanfreePhspStyrox_w655.egsdat  ncase=3359880        cpu=48597.60   
656 fanfreePhspStyrox_w656.egsdat  ncase=3751866        cpu=48767.30   
657 fanfreePhspStyrox_w657.egsdat  ncase=3135888        cpu=48467.80   
658 fanfreePhspStyrox_w658.egsdat  ncase=3303882        cpu=48616.80   
659 fanfreePhspStyrox_w659.egsdat  ncase=3079890        cpu=48794.30   
660 fanfreePhspStyrox_w660.egsdat  ncase=2911896        cpu=48415.30   
661 fanfreePhspStyrox_w661.egsdat  ncase=3247884        cpu=48083.30   
662 fanfreePhspStyrox_w662.egsdat  ncase=3415878        cpu=48108.90   
663 fanfreePhspStyrox_w663.egsdat  ncase=3415878        cpu=48743.20   
664 fanfreePhspStyrox_w664.egsdat  ncase=2911896        cpu=48487.10   
665 fanfreePhspStyrox_w665.egsdat  ncase=3751866        cpu=49367.90   
666 fanfreePhspStyrox_w666.egsdat  ncase=3303882        cpu=48472.90   
667 fanfreePhspStyrox_w667.egsdat  ncase=3359880        cpu=48225.80   
668 fanfreePhspStyrox_w668.egsdat  ncase=3695868        cpu=49041.70   
669 fanfreePhspStyrox_w669.egsdat  ncase=3191886        cpu=48906.40   
670 fanfreePhspStyrox_w670.egsdat  ncase=3135888        cpu=48921.70   
671 fanfreePhspStyrox_w671.egsdat  ncase=3639870        cpu=48152.00   
672 fanfreePhspStyrox_w672.egsdat  ncase=3023892        cpu=49613.80   
673 fanfreePhspStyrox_w673.egsdat  ncase=3079890        cpu=48189.10   
674 fanfreePhspStyrox_w674.egsdat  ncase=3191886        cpu=48089.20   
675 fanfreePhspStyrox_w675.egsdat  ncase=3303882        cpu=48386.80   
676 fanfreePhspStyrox_w676.egsdat  ncase=3135888        cpu=49147.10   
677 fanfreePhspStyrox_w677.egsdat  ncase=3191886        cpu=48464.80   
678 fanfreePhspStyrox_w678.egsdat  ncase=3527874        cpu=48976.10   
679 fanfreePhspStyrox_w679.egsdat  ncase=3191886        cpu=48538.70   
680 fanfreePhspStyrox_w680.egsdat  ncase=3415878        cpu=47994.70   
681 fanfreePhspStyrox_w681.egsdat  ncase=3583872        cpu=48366.10   
682 fanfreePhspStyrox_w682.egsdat  ncase=3247884        cpu=48115.90   
683 fanfreePhspStyrox_w683.egsdat  ncase=3471876        cpu=49321.20   
684 fanfreePhspStyrox_w684.egsdat  ncase=2743902        cpu=49152.60   
685 fanfreePhspStyrox_w685.egsdat  ncase=2911896        cpu=49132.30   
686 fanfreePhspStyrox_w686.egsdat  ncase=2967894        cpu=48417.50   
687 fanfreePhspStyrox_w687.egsdat  ncase=3135888        cpu=48427.60   
688 fanfreePhspStyrox_w688.egsdat  ncase=3583872        cpu=48003.10   
689 fanfreePhspStyrox_w689.egsdat  ncase=3135888        cpu=48396.20   
690 fanfreePhspStyrox_w690.egsdat  ncase=3303882        cpu=47950.30   
691 fanfreePhspStyrox_w691.egsdat  ncase=2631906        cpu=49224.60   
692 fanfreePhspStyrox_w692.egsdat  ncase=3023892        cpu=48307.10   
693 fanfreePhspStyrox_w693.egsdat  ncase=2799900        cpu=48277.90   
694 fanfreePhspStyrox_w694.egsdat  ncase=3079890        cpu=47977.20   
695 fanfreePhspStyrox_w695.egsdat  ncase=3247884        cpu=47896.80   
696 fanfreePhspStyrox_w696.egsdat  ncase=3695868        cpu=48837.90   
697 fanfreePhspStyrox_w697.egsdat  ncase=3751866        cpu=48470.70   
698 fanfreePhspStyrox_w698.egsdat  ncase=3415878        cpu=48558.10   
699 fanfreePhspStyrox_w699.egsdat  ncase=2743902        cpu=48826.60   
700 fanfreePhspStyrox_w700.egsdat  ncase=3583872        cpu=47921.60   
701 fanfreePhspStyrox_w701.egsdat  ncase=3135888        cpu=49247.60   
702 fanfreePhspStyrox_w702.egsdat  ncase=3359880        cpu=48690.10   
703 fanfreePhspStyrox_w703.egsdat  ncase=3135888        cpu=48544.50   
704 fanfreePhspStyrox_w704.egsdat  ncase=3303882        cpu=48299.40   
705 fanfreePhspStyrox_w705.egsdat  ncase=3023892        cpu=48918.10   
706 fanfreePhspStyrox_w706.egsdat  ncase=3807864        cpu=47985.50   
707 fanfreePhspStyrox_w707.egsdat  ncase=3135888        cpu=48763.50   
708 fanfreePhspStyrox_w708.egsdat  ncase=3863862        cpu=47108.50   
709 fanfreePhspStyrox_w709.egsdat  ncase=3639870        cpu=46780.60   
710 fanfreePhspStyrox_w710.egsdat  ncase=3471876        cpu=46604.50   
711 fanfreePhspStyrox_w711.egsdat  ncase=3807864        cpu=46954.40   
712 fanfreePhspStyrox_w712.egsdat  ncase=3695868        cpu=46958.70   
713 fanfreePhspStyrox_w713.egsdat  ncase=3863862        cpu=47607.70   
714 fanfreePhspStyrox_w714.egsdat  ncase=3695868        cpu=47334.90   
715 fanfreePhspStyrox_w715.egsdat  ncase=3863862        cpu=47414.80   
716 fanfreePhspStyrox_w716.egsdat  ncase=3527874        cpu=47412.10   
717 fanfreePhspStyrox_w717.egsdat  ncase=3863862        cpu=47401.40   
718 fanfreePhspStyrox_w718.egsdat  ncase=3359880        cpu=42407.80   
719 fanfreePhspStyrox_w719.egsdat  ncase=3191886        cpu=42029.40   
720 fanfreePhspStyrox_w720.egsdat  ncase=3303882        cpu=42858.10   
721 fanfreePhspStyrox_w721.egsdat  ncase=3303882        cpu=43136.50   
722 fanfreePhspStyrox_w722.egsdat  ncase=3303882        cpu=42247.40   
723 fanfreePhspStyrox_w723.egsdat  ncase=3415878        cpu=42028.60   
724 fanfreePhspStyrox_w724.egsdat  ncase=3695868        cpu=42222.70   
725 fanfreePhspStyrox_w725.egsdat  ncase=3359880        cpu=41827.30   
726 fanfreePhspStyrox_w726.egsdat  ncase=3415878        cpu=42267.40   
727 fanfreePhspStyrox_w727.egsdat  ncase=3639870        cpu=41959.00   
728 fanfreePhspStyrox_w728.egsdat  ncase=2687904        cpu=41973.20   
729 fanfreePhspStyrox_w729.egsdat  ncase=2687904        cpu=42184.70   
730 fanfreePhspStyrox_w730.egsdat  ncase=2687904        cpu=42291.80   
731 fanfreePhspStyrox_w731.egsdat  ncase=2687904        cpu=40878.30   
732 fanfreePhspStyrox_w732.egsdat  ncase=2799900        cpu=41265.10   
733 fanfreePhspStyrox_w733.egsdat  ncase=2631906        cpu=40783.00   
734 fanfreePhspStyrox_w734.egsdat  ncase=2855898        cpu=42080.50   
735 fanfreePhspStyrox_w735.egsdat  ncase=2967894        cpu=41274.10   
736 fanfreePhspStyrox_w736.egsdat  ncase=2687904        cpu=40857.90   
737 fanfreePhspStyrox_w737.egsdat  ncase=2295918        cpu=41170.90   
738 fanfreePhspStyrox_w738.egsdat  ncase=2799900        cpu=40835.00   
739 fanfreePhspStyrox_w739.egsdat  ncase=2799900        cpu=40286.30   
740 fanfreePhspStyrox_w740.egsdat  ncase=2687904        cpu=40325.20   
741 fanfreePhspStyrox_w741.egsdat  ncase=2519910        cpu=40364.50   
742 fanfreePhspStyrox_w742.egsdat  ncase=2799900        cpu=40876.20   
743 fanfreePhspStyrox_w743.egsdat  ncase=2687904        cpu=40214.00   
744 fanfreePhspStyrox_w744.egsdat  ncase=2799900        cpu=40432.40   
745 fanfreePhspStyrox_w745.egsdat  ncase=2799900        cpu=40787.00   
746 fanfreePhspStyrox_w746.egsdat  ncase=2687904        cpu=40097.40   
747 fanfreePhspStyrox_w747.egsdat  ncase=2855898        cpu=36469.90   
748 fanfreePhspStyrox_w748.egsdat  ncase=2855898        cpu=36971.10   
749 fanfreePhspStyrox_w749.egsdat  ncase=3191886        cpu=36622.90   
750 fanfreePhspStyrox_w750.egsdat  ncase=2855898        cpu=36999.50   
751 fanfreePhspStyrox_w751.egsdat  ncase=2743902        cpu=35789.80   
752 fanfreePhspStyrox_w752.egsdat  ncase=2407914        cpu=35566.90   
753 fanfreePhspStyrox_w753.egsdat  ncase=1791936        cpu=28078.60   
754 fanfreePhspStyrox_w754.egsdat  ncase=1679940        cpu=28689.20   
755 fanfreePhspStyrox_w755.egsdat  ncase=1791936        cpu=28463.30   
756 fanfreePhspStyrox_w756.egsdat  ncase=1063962        cpu=16056.60   
757 fanfreePhspStyrox_w757.egsdat  ncase=1063962        cpu=16875.10   
758 fanfreePhspStyrox_w758.egsdat  ncase=1063962        cpu=15873.40   
759 fanfreePhspStyrox_w759.egsdat  ncase=839970         cpu=14795.20   
760 fanfreePhspStyrox_w760.egsdat  ncase=895968         cpu=13784.40   
761 fanfreePhspStyrox_w761.egsdat  ncase=895968         cpu=13798.60   
762 fanfreePhspStyrox_w762.egsdat  ncase=335988         cpu=4330.57    
763 fanfreePhspStyrox_w763.egsdat  ncase=447984         cpu=5017.98    
764 fanfreePhspStyrox_w764.egsdat  ncase=335988         cpu=4319.98    
765 fanfreePhspStyrox_w765.egsdat  ncase=167994         cpu=3767.86    
766 fanfreePhspStyrox_w766.egsdat  ncase=111996         cpu=2652.45    
767 fanfreePhspStyrox_w767.egsdat  ncase=167994         cpu=3332.75    
768 fanfreePhspStyrox_w768.egsdat  ncase=111996         cpu=2730.61    
769 fanfreePhspStyrox_w769.egsdat  ncase=167994         cpu=3114.02    
770 fanfreePhspStyrox_w770.egsdat  ncase=167994         cpu=3496.91    
771 fanfreePhspStyrox_w771.egsdat  ncase=111996         cpu=2933.33    
772 fanfreePhspStyrox_w772.egsdat  ncase=167994         cpu=2999.83    
773 fanfreePhspStyrox_w773.egsdat  ncase=167994         cpu=2881.06    
=======================================================================
                            Total ncase=2799900000     cpu=36727954.65



Finished simulation

Total cpu time for this run:            1.10 (sec.) 0.0003(hours)
CPU time including previous runs:       36727955.75 (sec.) 10202.2099 (hours)
Histories per hour:                     274441        
Number of random numbers used:          303337876123654
Number of electron CH steps:            2.43702e+11   
Number of all electron steps:           8.97498e+13   


 last case = 107678354 Etot = 5.42949e+06


======================================================
 Energy fractions
======================================================
The first and last items in the following list of energy fractions are the reflected and transmitted energy, respectively. These two values are only meaningful if the source is directed in the positive z-direction. The remaining values are the deposited energy fractions in the regions of the geometry, but notice that the identifying index is the region number offset by 1 (ir+1).

ir+1 | Reflected, deposited, or transmitted energy fraction for 107678354 particles:

  0  5.433791e-02 +/- 1.904456e-05  
  1  5.011613e-07 +/- 1.067107e-08  
  2  5.800954e-07 +/- 1.151049e-08  
  3  6.997353e-07 +/- 1.266428e-08  
  4  9.208584e-07 +/- 1.460755e-08  
  5  1.162481e-06 +/- 1.631683e-08  
  6  1.883576e-06 +/- 2.176447e-08  
  7  3.343658e-06 +/- 3.029307e-08  
  8  5.075250e-06 +/- 3.861595e-08  
  9  6.719645e-06 +/- 4.458548e-08  
  10  7.776532e-06 +/- 4.798586e-08  
  11  8.070247e-06 +/- 4.890548e-08  
  12  8.199019e-06 +/- 4.898900e-08  
  13  8.375878e-06 +/- 4.945030e-08  
  14  8.434306e-06 +/- 4.937536e-08  
  15  8.592256e-06 +/- 5.012078e-08  
  16  8.549726e-06 +/- 4.972864e-08  
  17  8.631888e-06 +/- 4.995258e-08  
  18  8.841201e-06 +/- 5.051967e-08  
  19  8.808760e-06 +/- 5.062217e-08  
  20  8.795800e-06 +/- 5.053655e-08  
  21  8.766667e-06 +/- 5.040467e-08  
  22  8.872239e-06 +/- 5.085670e-08  
  23  8.759389e-06 +/- 5.045811e-08  
  24  8.677784e-06 +/- 5.033113e-08  
  25  8.618877e-06 +/- 5.021176e-08  
  26  8.651447e-06 +/- 5.031585e-08  
  27  8.637488e-06 +/- 5.009575e-08  
  28  8.341532e-06 +/- 4.926559e-08  
  29  8.262554e-06 +/- 4.918009e-08  
  30  7.970649e-06 +/- 4.824283e-08  
  31  7.643693e-06 +/- 4.768975e-08  
  32  6.652180e-06 +/- 4.441756e-08  
  33  5.176985e-06 +/- 3.870198e-08  
  34  3.475847e-06 +/- 3.098811e-08  
  35  1.924079e-06 +/- 2.215176e-08  
  36  1.149658e-06 +/- 1.625062e-08  
  37  9.359915e-07 +/- 1.476118e-08  
  38  7.198877e-07 +/- 1.286092e-08  
  39  5.987572e-07 +/- 1.167950e-08  
  40  5.047562e-07 +/- 1.092970e-08  
  41  0.000000e+00 +/- 0.000000e+00  
  42  0.000000e+00 +/- 0.000000e+00  
  43  0.000000e+00 +/- 0.000000e+00  
  44  0.000000e+00 +/- 0.000000e+00  
  45  0.000000e+00 +/- 0.000000e+00  
  46  0.000000e+00 +/- 0.000000e+00  
  47  0.000000e+00 +/- 0.000000e+00  
  48  0.000000e+00 +/- 0.000000e+00  
  49  0.000000e+00 +/- 0.000000e+00  
  50  0.000000e+00 +/- 0.000000e+00  
  51  0.000000e+00 +/- 0.000000e+00  
  52  0.000000e+00 +/- 0.000000e+00  
  53  0.000000e+00 +/- 0.000000e+00  
  54  0.000000e+00 +/- 0.000000e+00  
  55  0.000000e+00 +/- 0.000000e+00  
  56  0.000000e+00 +/- 0.000000e+00  
  57  0.000000e+00 +/- 0.000000e+00  
  58  0.000000e+00 +/- 0.000000e+00  
  59  0.000000e+00 +/- 0.000000e+00  
  60  0.000000e+00 +/- 0.000000e+00  
  61  0.000000e+00 +/- 0.000000e+00  
  62  0.000000e+00 +/- 0.000000e+00  
  63  0.000000e+00 +/- 0.000000e+00  
  64  0.000000e+00 +/- 0.000000e+00  
  65  0.000000e+00 +/- 0.000000e+00  
  66  0.000000e+00 +/- 0.000000e+00  
  67  0.000000e+00 +/- 0.000000e+00  
  68  0.000000e+00 +/- 0.000000e+00  
  69  0.000000e+00 +/- 0.000000e+00  
  70  0.000000e+00 +/- 0.000000e+00  
  71  0.000000e+00 +/- 0.000000e+00  
  72  0.000000e+00 +/- 0.000000e+00  
  73  0.000000e+00 +/- 0.000000e+00  
  74  0.000000e+00 +/- 0.000000e+00  
  75  0.000000e+00 +/- 0.000000e+00  
  76  0.000000e+00 +/- 0.000000e+00  
  77  0.000000e+00 +/- 0.000000e+00  
  78  0.000000e+00 +/- 0.000000e+00  
  79  0.000000e+00 +/- 0.000000e+00  
  80  0.000000e+00 +/- 0.000000e+00  
  81  0.000000e+00 +/- 0.000000e+00  
  82  0.000000e+00 +/- 0.000000e+00  
  83  0.000000e+00 +/- 0.000000e+00  
  84  0.000000e+00 +/- 0.000000e+00  
  85  0.000000e+00 +/- 0.000000e+00  
  86  0.000000e+00 +/- 0.000000e+00  
  87  0.000000e+00 +/- 0.000000e+00  
  88  0.000000e+00 +/- 0.000000e+00  
  89  0.000000e+00 +/- 0.000000e+00  
  90  0.000000e+00 +/- 0.000000e+00  
  91  0.000000e+00 +/- 0.000000e+00  
  92  0.000000e+00 +/- 0.000000e+00  
  93  0.000000e+00 +/- 0.000000e+00  
  94  0.000000e+00 +/- 0.000000e+00  
  95  0.000000e+00 +/- 0.000000e+00  
  96  0.000000e+00 +/- 0.000000e+00  
  97  0.000000e+00 +/- 0.000000e+00  
  98  0.000000e+00 +/- 0.000000e+00  
  99  0.000000e+00 +/- 0.000000e+00  
  100  0.000000e+00 +/- 0.000000e+00  
  101  0.000000e+00 +/- 0.000000e+00  
  102  0.000000e+00 +/- 0.000000e+00  
  103  0.000000e+00 +/- 0.000000e+00  
  104  0.000000e+00 +/- 0.000000e+00  
  105  0.000000e+00 +/- 0.000000e+00  
  106  0.000000e+00 +/- 0.000000e+00  
  107  0.000000e+00 +/- 0.000000e+00  
  108  0.000000e+00 +/- 0.000000e+00  
  109  0.000000e+00 +/- 0.000000e+00  
  110  0.000000e+00 +/- 0.000000e+00  
  111  0.000000e+00 +/- 0.000000e+00  
  112  0.000000e+00 +/- 0.000000e+00  
  113  0.000000e+00 +/- 0.000000e+00  
  114  0.000000e+00 +/- 0.000000e+00  
  115  0.000000e+00 +/- 0.000000e+00  
  116  0.000000e+00 +/- 0.000000e+00  
  117  0.000000e+00 +/- 0.000000e+00  
  118  0.000000e+00 +/- 0.000000e+00  
  119  0.000000e+00 +/- 0.000000e+00  
  120  0.000000e+00 +/- 0.000000e+00  
  121  0.000000e+00 +/- 0.000000e+00  
  122  0.000000e+00 +/- 0.000000e+00  
  123  0.000000e+00 +/- 0.000000e+00  
  124  0.000000e+00 +/- 0.000000e+00  
  125  0.000000e+00 +/- 0.000000e+00  
  126  0.000000e+00 +/- 0.000000e+00  
  127  0.000000e+00 +/- 0.000000e+00  
  128  0.000000e+00 +/- 0.000000e+00  
  129  0.000000e+00 +/- 0.000000e+00  
  130  0.000000e+00 +/- 0.000000e+00  
  131  0.000000e+00 +/- 0.000000e+00  
  132  0.000000e+00 +/- 0.000000e+00  
  133  0.000000e+00 +/- 0.000000e+00  
  134  0.000000e+00 +/- 0.000000e+00  
  135  0.000000e+00 +/- 0.000000e+00  
  136  0.000000e+00 +/- 0.000000e+00  
  137  0.000000e+00 +/- 0.000000e+00  
  138  0.000000e+00 +/- 0.000000e+00  
  139  0.000000e+00 +/- 0.000000e+00  
  140  0.000000e+00 +/- 0.000000e+00  
  141  0.000000e+00 +/- 0.000000e+00  
  142  0.000000e+00 +/- 0.000000e+00  
  143  0.000000e+00 +/- 0.000000e+00  
  144  0.000000e+00 +/- 0.000000e+00  
  145  0.000000e+00 +/- 0.000000e+00  
  146  0.000000e+00 +/- 0.000000e+00  
  147  0.000000e+00 +/- 0.000000e+00  
  148  0.000000e+00 +/- 0.000000e+00  
  149  0.000000e+00 +/- 0.000000e+00  
  150  0.000000e+00 +/- 0.000000e+00  
  151  0.000000e+00 +/- 0.000000e+00  
  152  0.000000e+00 +/- 0.000000e+00  
  153  0.000000e+00 +/- 0.000000e+00  
  154  0.000000e+00 +/- 0.000000e+00  
  155  0.000000e+00 +/- 0.000000e+00  
  156  0.000000e+00 +/- 0.000000e+00  
  157  0.000000e+00 +/- 0.000000e+00  
  158  0.000000e+00 +/- 0.000000e+00  
  159  0.000000e+00 +/- 0.000000e+00  
  160  0.000000e+00 +/- 0.000000e+00  
  161  0.000000e+00 +/- 0.000000e+00  
  162  0.000000e+00 +/- 0.000000e+00  
  163  2.272423e-01 +/- 4.373022e-05  
  164  1.630014e-04 +/- 1.643083e-07  
  165  3.325808e-01 +/- 4.909096e-05  
  166  3.927215e-03 +/- 5.223877e-06  
  167  8.096808e-05 +/- 9.068653e-08  
  168  3.976013e-03 +/- 4.974625e-06  
  169  0.000000e+00 +/- 0.000000e+00  
  170  0.000000e+00 +/- 0.000000e+00  
  171  0.000000e+00 +/- 0.000000e+00  
  172  9.739287e-02 +/- 2.989722e-05  
  173  6.186676e-05 +/- 9.469271e-08  
  174  9.762370e-02 +/- 2.994525e-05  
  175  2.137521e-03 +/- 3.013379e-06  
  176  2.923426e-05 +/- 5.308170e-08  
  177  2.143289e-03 +/- 3.035395e-06  
  178  0.000000e+00 +/- 0.000000e+00  
  179  0.000000e+00 +/- 0.000000e+00  
  180  0.000000e+00 +/- 0.000000e+00  
  181  7.881985e-06 +/- 1.276334e-07  
  182  2.747478e-04 +/- 8.862734e-07  
  183  7.944582e-06 +/- 1.313521e-07  
  184  5.929115e-04 +/- 3.136935e-06  
  185  1.874717e-04 +/- 1.578594e-07  
  186  5.867680e-04 +/- 3.024997e-06  
  187  6.569709e-06 +/- 1.001558e-07  
  188  2.489887e-04 +/- 6.320946e-07  
  189  6.556549e-06 +/- 1.042208e-07  
  190  7.871936e-02 +/- 1.863322e-05  
  191  0.000000e+00 +/- 0.000000e+00  
  192  0.000000e+00 +/- 0.000000e+00  
  193  0.000000e+00 +/- 0.000000e+00  
  194  0.000000e+00 +/- 0.000000e+00  
  195  0.000000e+00 +/- 0.000000e+00  
  196  0.000000e+00 +/- 0.000000e+00  
  197  0.000000e+00 +/- 0.000000e+00  
  198  0.000000e+00 +/- 0.000000e+00  
  199  0.000000e+00 +/- 0.000000e+00  
  200  0.000000e+00 +/- 0.000000e+00  
  201  0.000000e+00 +/- 0.000000e+00  
  202  0.000000e+00 +/- 0.000000e+00  
  203  0.000000e+00 +/- 0.000000e+00  
  204  0.000000e+00 +/- 0.000000e+00  
  205  0.000000e+00 +/- 0.000000e+00  
  206  0.000000e+00 +/- 0.000000e+00  
  207  0.000000e+00 +/- 0.000000e+00  
  208  0.000000e+00 +/- 0.000000e+00  
  209  0.000000e+00 +/- 0.000000e+00  
  210  0.000000e+00 +/- 0.000000e+00  
  211  0.000000e+00 +/- 0.000000e+00  
  212  0.000000e+00 +/- 0.000000e+00  
  213  0.000000e+00 +/- 0.000000e+00  
  214  0.000000e+00 +/- 0.000000e+00  
  215  0.000000e+00 +/- 0.000000e+00  
  216  0.000000e+00 +/- 0.000000e+00  
  217  9.483069e-04 +/- 4.586924e-07  
  218  0.000000e+00 +/- 0.000000e+00  
  219  0.000000e+00 +/- 0.000000e+00  
  220  0.000000e+00 +/- 0.000000e+00  
  221  0.000000e+00 +/- 0.000000e+00  
  222  0.000000e+00 +/- 0.000000e+00  
  223  0.000000e+00 +/- 0.000000e+00  
  224  0.000000e+00 +/- 0.000000e+00  
  225  0.000000e+00 +/- 0.000000e+00  
  226  0.000000e+00 +/- 0.000000e+00  
  227  0.000000e+00 +/- 0.000000e+00  
  228  0.000000e+00 +/- 0.000000e+00  
  229  0.000000e+00 +/- 0.000000e+00  
  230  0.000000e+00 +/- 0.000000e+00  
  231  0.000000e+00 +/- 0.000000e+00  
  232  0.000000e+00 +/- 0.000000e+00  
  233  0.000000e+00 +/- 0.000000e+00  
  234  0.000000e+00 +/- 0.000000e+00  
  235  0.000000e+00 +/- 0.000000e+00  
  236  0.000000e+00 +/- 0.000000e+00  
  237  0.000000e+00 +/- 0.000000e+00  
  238  0.000000e+00 +/- 0.000000e+00  
  239  0.000000e+00 +/- 0.000000e+00  
  240  0.000000e+00 +/- 0.000000e+00  
  241  0.000000e+00 +/- 0.000000e+00  
  242  0.000000e+00 +/- 0.000000e+00  
  243  0.000000e+00 +/- 0.000000e+00  
  244  1.257168e-03 +/- 5.992775e-07  
  245  0.000000e+00 +/- 0.000000e+00  
  246  0.000000e+00 +/- 0.000000e+00  
  247  0.000000e+00 +/- 0.000000e+00  
  248  0.000000e+00 +/- 0.000000e+00  
  249  0.000000e+00 +/- 0.000000e+00  
  250  0.000000e+00 +/- 0.000000e+00  
  251  0.000000e+00 +/- 0.000000e+00  
  252  0.000000e+00 +/- 0.000000e+00  
  253  0.000000e+00 +/- 0.000000e+00  
  254  0.000000e+00 +/- 0.000000e+00  
  255  0.000000e+00 +/- 0.000000e+00  
  256  0.000000e+00 +/- 0.000000e+00  
  257  0.000000e+00 +/- 0.000000e+00  
  258  0.000000e+00 +/- 0.000000e+00  
  259  0.000000e+00 +/- 0.000000e+00  
  260  0.000000e+00 +/- 0.000000e+00  
  261  0.000000e+00 +/- 0.000000e+00  
  262  0.000000e+00 +/- 0.000000e+00  
  263  0.000000e+00 +/- 0.000000e+00  
  264  0.000000e+00 +/- 0.000000e+00  
  265  0.000000e+00 +/- 0.000000e+00  
  266  0.000000e+00 +/- 0.000000e+00  
  267  0.000000e+00 +/- 0.000000e+00  
  268  0.000000e+00 +/- 0.000000e+00  
  269  0.000000e+00 +/- 0.000000e+00  
  270  0.000000e+00 +/- 0.000000e+00  
  271  0.000000e+00 +/- 0.000000e+00  
  272  0.000000e+00 +/- 0.000000e+00  
  273  0.000000e+00 +/- 0.000000e+00  
  274  0.000000e+00 +/- 0.000000e+00  
  275  0.000000e+00 +/- 0.000000e+00  
  276  0.000000e+00 +/- 0.000000e+00  
  277  0.000000e+00 +/- 0.000000e+00  
  278  0.000000e+00 +/- 0.000000e+00  
  279  0.000000e+00 +/- 0.000000e+00  
  280  0.000000e+00 +/- 0.000000e+00  
  281  0.000000e+00 +/- 0.000000e+00  
  282  0.000000e+00 +/- 0.000000e+00  
  283  0.000000e+00 +/- 0.000000e+00  
  284  0.000000e+00 +/- 0.000000e+00  
  285  0.000000e+00 +/- 0.000000e+00  
  286  0.000000e+00 +/- 0.000000e+00  
  287  0.000000e+00 +/- 0.000000e+00  
  288  0.000000e+00 +/- 0.000000e+00  
  289  0.000000e+00 +/- 0.000000e+00  
  290  0.000000e+00 +/- 0.000000e+00  
  291  0.000000e+00 +/- 0.000000e+00  
  292  0.000000e+00 +/- 0.000000e+00  
  293  0.000000e+00 +/- 0.000000e+00  
  294  0.000000e+00 +/- 0.000000e+00  
  295  0.000000e+00 +/- 0.000000e+00  
  296  0.000000e+00 +/- 0.000000e+00  
  297  0.000000e+00 +/- 0.000000e+00  
  298  0.000000e+00 +/- 0.000000e+00  
  299  0.000000e+00 +/- 0.000000e+00  
  300  0.000000e+00 +/- 0.000000e+00  
  301  0.000000e+00 +/- 0.000000e+00  
  302  0.000000e+00 +/- 0.000000e+00  
  303  0.000000e+00 +/- 0.000000e+00  
  304  0.000000e+00 +/- 0.000000e+00  
  305  0.000000e+00 +/- 0.000000e+00  
  306  0.000000e+00 +/- 0.000000e+00  
  307  0.000000e+00 +/- 0.000000e+00  
  308  0.000000e+00 +/- 0.000000e+00  
  309  0.000000e+00 +/- 0.000000e+00  
  310  0.000000e+00 +/- 0.000000e+00  
  311  0.000000e+00 +/- 0.000000e+00  
  312  0.000000e+00 +/- 0.000000e+00  
  313  0.000000e+00 +/- 0.000000e+00  
  314  0.000000e+00 +/- 0.000000e+00  
  315  0.000000e+00 +/- 0.000000e+00  
  316  0.000000e+00 +/- 0.000000e+00  
  317  0.000000e+00 +/- 0.000000e+00  
  318  0.000000e+00 +/- 0.000000e+00  
  319  0.000000e+00 +/- 0.000000e+00  
  320  0.000000e+00 +/- 0.000000e+00  
  321  0.000000e+00 +/- 0.000000e+00  
  322  0.000000e+00 +/- 0.000000e+00  
  323  0.000000e+00 +/- 0.000000e+00  
  324  0.000000e+00 +/- 0.000000e+00  
  325  7.408572e-02 +/- 1.719243e-05  
  326  0.000000e+00 +/- 0.000000e+00  
  327  0.000000e+00 +/- 0.000000e+00  
  328  0.000000e+00 +/- 0.000000e+00  
  329  0.000000e+00 +/- 0.000000e+00  
  330  0.000000e+00 +/- 0.000000e+00  
  331  0.000000e+00 +/- 0.000000e+00  
  332  0.000000e+00 +/- 0.000000e+00  
  333  0.000000e+00 +/- 0.000000e+00  
  334  0.000000e+00 +/- 0.000000e+00  
  335  0.000000e+00 +/- 0.000000e+00  
  336  0.000000e+00 +/- 0.000000e+00  
  337  0.000000e+00 +/- 0.000000e+00  
  338  0.000000e+00 +/- 0.000000e+00  
  339  0.000000e+00 +/- 0.000000e+00  
  340  0.000000e+00 +/- 0.000000e+00  
  341  0.000000e+00 +/- 0.000000e+00  
  342  0.000000e+00 +/- 0.000000e+00  
  343  0.000000e+00 +/- 0.000000e+00  
  344  0.000000e+00 +/- 0.000000e+00  
  345  0.000000e+00 +/- 0.000000e+00  
  346  0.000000e+00 +/- 0.000000e+00  
  347  0.000000e+00 +/- 0.000000e+00  
  348  0.000000e+00 +/- 0.000000e+00  
  349  0.000000e+00 +/- 0.000000e+00  
  350  0.000000e+00 +/- 0.000000e+00  
  351  0.000000e+00 +/- 0.000000e+00  
  352  0.000000e+00 +/- 0.000000e+00  
  353  0.000000e+00 +/- 0.000000e+00  
  354  0.000000e+00 +/- 0.000000e+00  
  355  0.000000e+00 +/- 0.000000e+00  
  356  0.000000e+00 +/- 0.000000e+00  
  357  0.000000e+00 +/- 0.000000e+00  
  358  0.000000e+00 +/- 0.000000e+00  
  359  0.000000e+00 +/- 0.000000e+00  
  360  0.000000e+00 +/- 0.000000e+00  
  361  0.000000e+00 +/- 0.000000e+00  
  362  0.000000e+00 +/- 0.000000e+00  
  363  0.000000e+00 +/- 0.000000e+00  
  364  0.000000e+00 +/- 0.000000e+00  
  365  0.000000e+00 +/- 0.000000e+00  
  366  0.000000e+00 +/- 0.000000e+00  
  367  0.000000e+00 +/- 0.000000e+00  
  368  0.000000e+00 +/- 0.000000e+00  
  369  0.000000e+00 +/- 0.000000e+00  
  370  0.000000e+00 +/- 0.000000e+00  
  371  0.000000e+00 +/- 0.000000e+00  
  372  0.000000e+00 +/- 0.000000e+00  
  373  0.000000e+00 +/- 0.000000e+00  
  374  0.000000e+00 +/- 0.000000e+00  
  375  0.000000e+00 +/- 0.000000e+00  
  376  0.000000e+00 +/- 0.000000e+00  
  377  0.000000e+00 +/- 0.000000e+00  
  378  0.000000e+00 +/- 0.000000e+00  
  379  0.000000e+00 +/- 0.000000e+00  
  380  0.000000e+00 +/- 0.000000e+00  
  381  0.000000e+00 +/- 0.000000e+00  
  382  0.000000e+00 +/- 0.000000e+00  
  383  0.000000e+00 +/- 0.000000e+00  
  384  0.000000e+00 +/- 0.000000e+00  
  385  0.000000e+00 +/- 0.000000e+00  
  386  0.000000e+00 +/- 0.000000e+00  
  387  0.000000e+00 +/- 0.000000e+00  
  388  0.000000e+00 +/- 0.000000e+00  
  389  0.000000e+00 +/- 0.000000e+00  
  390  0.000000e+00 +/- 0.000000e+00  
  391  0.000000e+00 +/- 0.000000e+00  
  392  0.000000e+00 +/- 0.000000e+00  
  393  0.000000e+00 +/- 0.000000e+00  
  394  0.000000e+00 +/- 0.000000e+00  
  395  0.000000e+00 +/- 0.000000e+00  
  396  0.000000e+00 +/- 0.000000e+00  
  397  0.000000e+00 +/- 0.000000e+00  
  398  0.000000e+00 +/- 0.000000e+00  
  399  0.000000e+00 +/- 0.000000e+00  
  400  0.000000e+00 +/- 0.000000e+00  
  401  0.000000e+00 +/- 0.000000e+00  
  402  0.000000e+00 +/- 0.000000e+00  
  403  0.000000e+00 +/- 0.000000e+00  
  404  0.000000e+00 +/- 0.000000e+00  
  405  0.000000e+00 +/- 0.000000e+00  
  406  0.000000e+00 +/- 0.000000e+00  
  407  0.000000e+00 +/- 0.000000e+00  
  408  0.000000e+00 +/- 0.000000e+00  
  409  0.000000e+00 +/- 0.000000e+00  
  410  0.000000e+00 +/- 0.000000e+00  
  411  0.000000e+00 +/- 0.000000e+00  
  412  0.000000e+00 +/- 0.000000e+00  
  413  0.000000e+00 +/- 0.000000e+00  
  414  0.000000e+00 +/- 0.000000e+00  
  415  0.000000e+00 +/- 0.000000e+00  
  416  0.000000e+00 +/- 0.000000e+00  
  417  0.000000e+00 +/- 0.000000e+00  
  418  0.000000e+00 +/- 0.000000e+00  
  419  0.000000e+00 +/- 0.000000e+00  
  420  0.000000e+00 +/- 0.000000e+00  
  421  0.000000e+00 +/- 0.000000e+00  
  422  0.000000e+00 +/- 0.000000e+00  
  423  0.000000e+00 +/- 0.000000e+00  
  424  0.000000e+00 +/- 0.000000e+00  
  425  0.000000e+00 +/- 0.000000e+00  
  426  0.000000e+00 +/- 0.000000e+00  
  427  0.000000e+00 +/- 0.000000e+00  
  428  0.000000e+00 +/- 0.000000e+00  
  429  0.000000e+00 +/- 0.000000e+00  
  430  0.000000e+00 +/- 0.000000e+00  
  431  0.000000e+00 +/- 0.000000e+00  
  432  0.000000e+00 +/- 0.000000e+00  
  433  0.000000e+00 +/- 0.000000e+00  
  434  0.000000e+00 +/- 0.000000e+00  
  435  0.000000e+00 +/- 0.000000e+00  
  436  0.000000e+00 +/- 0.000000e+00  
  437  0.000000e+00 +/- 0.000000e+00  
  438  0.000000e+00 +/- 0.000000e+00  
  439  0.000000e+00 +/- 0.000000e+00  
  440  0.000000e+00 +/- 0.000000e+00  
  441  0.000000e+00 +/- 0.000000e+00  
  442  0.000000e+00 +/- 0.000000e+00  
  443  0.000000e+00 +/- 0.000000e+00  
  444  0.000000e+00 +/- 0.000000e+00  
  445  0.000000e+00 +/- 0.000000e+00  
  446  0.000000e+00 +/- 0.000000e+00  
  447  0.000000e+00 +/- 0.000000e+00  
  448  0.000000e+00 +/- 0.000000e+00  
  449  0.000000e+00 +/- 0.000000e+00  
  450  0.000000e+00 +/- 0.000000e+00  
  451  0.000000e+00 +/- 0.000000e+00  
  452  0.000000e+00 +/- 0.000000e+00  
  453  0.000000e+00 +/- 0.000000e+00  
  454  0.000000e+00 +/- 0.000000e+00  
  455  0.000000e+00 +/- 0.000000e+00  
  456  0.000000e+00 +/- 0.000000e+00  
  457  0.000000e+00 +/- 0.000000e+00  
  458  0.000000e+00 +/- 0.000000e+00  
  459  0.000000e+00 +/- 0.000000e+00  
  460  0.000000e+00 +/- 0.000000e+00  
  461  0.000000e+00 +/- 0.000000e+00  
  462  0.000000e+00 +/- 0.000000e+00  
  463  0.000000e+00 +/- 0.000000e+00  
  464  0.000000e+00 +/- 0.000000e+00  
  465  0.000000e+00 +/- 0.000000e+00  
  466  0.000000e+00 +/- 0.000000e+00  
  467  0.000000e+00 +/- 0.000000e+00  
  468  0.000000e+00 +/- 0.000000e+00  
  469  0.000000e+00 +/- 0.000000e+00  
  470  0.000000e+00 +/- 0.000000e+00  
  471  0.000000e+00 +/- 0.000000e+00  
  472  0.000000e+00 +/- 0.000000e+00  
  473  0.000000e+00 +/- 0.000000e+00  
  474  0.000000e+00 +/- 0.000000e+00  
  475  0.000000e+00 +/- 0.000000e+00  
  476  0.000000e+00 +/- 0.000000e+00  
  477  0.000000e+00 +/- 0.000000e+00  
  478  0.000000e+00 +/- 0.000000e+00  
  479  0.000000e+00 +/- 0.000000e+00  
  480  0.000000e+00 +/- 0.000000e+00  
  481  0.000000e+00 +/- 0.000000e+00  
  482  0.000000e+00 +/- 0.000000e+00  
  483  0.000000e+00 +/- 0.000000e+00  
  484  0.000000e+00 +/- 0.000000e+00  
  485  0.000000e+00 +/- 0.000000e+00  
  486  0.000000e+00 +/- 0.000000e+00  
  487  7.005945e-04 +/- 4.851590e-07  
  488  0.000000e+00 +/- 0.000000e+00  
  489  0.000000e+00 +/- 0.000000e+00  
  490  0.000000e+00 +/- 0.000000e+00  
  491  0.000000e+00 +/- 0.000000e+00  
  492  0.000000e+00 +/- 0.000000e+00  
  493  0.000000e+00 +/- 0.000000e+00  
  494  0.000000e+00 +/- 0.000000e+00  
  495  0.000000e+00 +/- 0.000000e+00  
  496  0.000000e+00 +/- 0.000000e+00  
  497  0.000000e+00 +/- 0.000000e+00  
  498  0.000000e+00 +/- 0.000000e+00  
  499  0.000000e+00 +/- 0.000000e+00  
  500  0.000000e+00 +/- 0.000000e+00  
  501  0.000000e+00 +/- 0.000000e+00  
  502  0.000000e+00 +/- 0.000000e+00  
  503  0.000000e+00 +/- 0.000000e+00  
  504  0.000000e+00 +/- 0.000000e+00  
  505  0.000000e+00 +/- 0.000000e+00  
  506  0.000000e+00 +/- 0.000000e+00  
  507  0.000000e+00 +/- 0.000000e+00  
  508  0.000000e+00 +/- 0.000000e+00  
  509  0.000000e+00 +/- 0.000000e+00  
  510  0.000000e+00 +/- 0.000000e+00  
  511  0.000000e+00 +/- 0.000000e+00  
  512  0.000000e+00 +/- 0.000000e+00  
  513  0.000000e+00 +/- 0.000000e+00  
  514  0.000000e+00 +/- 0.000000e+00  
  515  0.000000e+00 +/- 0.000000e+00  
  516  0.000000e+00 +/- 0.000000e+00  
  517  0.000000e+00 +/- 0.000000e+00  
  518  0.000000e+00 +/- 0.000000e+00  
  519  0.000000e+00 +/- 0.000000e+00  
  520  0.000000e+00 +/- 0.000000e+00  
  521  0.000000e+00 +/- 0.000000e+00  
  522  0.000000e+00 +/- 0.000000e+00  
  523  0.000000e+00 +/- 0.000000e+00  
  524  0.000000e+00 +/- 0.000000e+00  
  525  0.000000e+00 +/- 0.000000e+00  
  526  0.000000e+00 +/- 0.000000e+00  
  527  0.000000e+00 +/- 0.000000e+00  
  528  0.000000e+00 +/- 0.000000e+00  
  529  0.000000e+00 +/- 0.000000e+00  
  530  0.000000e+00 +/- 0.000000e+00  
  531  0.000000e+00 +/- 0.000000e+00  
  532  0.000000e+00 +/- 0.000000e+00  
  533  0.000000e+00 +/- 0.000000e+00  
  534  0.000000e+00 +/- 0.000000e+00  
  535  0.000000e+00 +/- 0.000000e+00  
  536  0.000000e+00 +/- 0.000000e+00  
  537  0.000000e+00 +/- 0.000000e+00  
  538  0.000000e+00 +/- 0.000000e+00  
  539  0.000000e+00 +/- 0.000000e+00  
  540  0.000000e+00 +/- 0.000000e+00  
  541  0.000000e+00 +/- 0.000000e+00  
  542  0.000000e+00 +/- 0.000000e+00  
  543  0.000000e+00 +/- 0.000000e+00  
  544  0.000000e+00 +/- 0.000000e+00  
  545  0.000000e+00 +/- 0.000000e+00  
  546  0.000000e+00 +/- 0.000000e+00  
  547  0.000000e+00 +/- 0.000000e+00  
  548  0.000000e+00 +/- 0.000000e+00  
  549  0.000000e+00 +/- 0.000000e+00  
  550  0.000000e+00 +/- 0.000000e+00  
  551  0.000000e+00 +/- 0.000000e+00  
  552  0.000000e+00 +/- 0.000000e+00  
  553  0.000000e+00 +/- 0.000000e+00  
  554  0.000000e+00 +/- 0.000000e+00  
  555  0.000000e+00 +/- 0.000000e+00  
  556  0.000000e+00 +/- 0.000000e+00  
  557  0.000000e+00 +/- 0.000000e+00  
  558  0.000000e+00 +/- 0.000000e+00  
  559  0.000000e+00 +/- 0.000000e+00  
  560  0.000000e+00 +/- 0.000000e+00  
  561  0.000000e+00 +/- 0.000000e+00  
  562  0.000000e+00 +/- 0.000000e+00  
  563  0.000000e+00 +/- 0.000000e+00  
  564  0.000000e+00 +/- 0.000000e+00  
  565  0.000000e+00 +/- 0.000000e+00  
  566  0.000000e+00 +/- 0.000000e+00  
  567  0.000000e+00 +/- 0.000000e+00  
  568  0.000000e+00 +/- 0.000000e+00  
  569  0.000000e+00 +/- 0.000000e+00  
  570  0.000000e+00 +/- 0.000000e+00  
  571  0.000000e+00 +/- 0.000000e+00  
  572  0.000000e+00 +/- 0.000000e+00  
  573  0.000000e+00 +/- 0.000000e+00  
  574  0.000000e+00 +/- 0.000000e+00  
  575  0.000000e+00 +/- 0.000000e+00  
  576  0.000000e+00 +/- 0.000000e+00  
  577  0.000000e+00 +/- 0.000000e+00  
  578  0.000000e+00 +/- 0.000000e+00  
  579  0.000000e+00 +/- 0.000000e+00  
  580  0.000000e+00 +/- 0.000000e+00  
  581  0.000000e+00 +/- 0.000000e+00  
  582  0.000000e+00 +/- 0.000000e+00  
  583  0.000000e+00 +/- 0.000000e+00  
  584  0.000000e+00 +/- 0.000000e+00  
  585  0.000000e+00 +/- 0.000000e+00  
  586  0.000000e+00 +/- 0.000000e+00  
  587  0.000000e+00 +/- 0.000000e+00  
  588  0.000000e+00 +/- 0.000000e+00  
  589  0.000000e+00 +/- 0.000000e+00  
  590  0.000000e+00 +/- 0.000000e+00  
  591  0.000000e+00 +/- 0.000000e+00  
  592  0.000000e+00 +/- 0.000000e+00  
  593  0.000000e+00 +/- 0.000000e+00  
  594  0.000000e+00 +/- 0.000000e+00  
  595  0.000000e+00 +/- 0.000000e+00  
  596  0.000000e+00 +/- 0.000000e+00  
  597  0.000000e+00 +/- 0.000000e+00  
  598  0.000000e+00 +/- 0.000000e+00  
  599  0.000000e+00 +/- 0.000000e+00  
  600  0.000000e+00 +/- 0.000000e+00  
  601  0.000000e+00 +/- 0.000000e+00  
  602  0.000000e+00 +/- 0.000000e+00  
  603  0.000000e+00 +/- 0.000000e+00  
  604  0.000000e+00 +/- 0.000000e+00  
  605  0.000000e+00 +/- 0.000000e+00  
  606  0.000000e+00 +/- 0.000000e+00  
  607  0.000000e+00 +/- 0.000000e+00  
  608  0.000000e+00 +/- 0.000000e+00  
  609  0.000000e+00 +/- 0.000000e+00  
  610  0.000000e+00 +/- 0.000000e+00  
  611  0.000000e+00 +/- 0.000000e+00  
  612  0.000000e+00 +/- 0.000000e+00  
  613  0.000000e+00 +/- 0.000000e+00  
  614  0.000000e+00 +/- 0.000000e+00  
  615  0.000000e+00 +/- 0.000000e+00  
  616  0.000000e+00 +/- 0.000000e+00  
  617  0.000000e+00 +/- 0.000000e+00  
  618  0.000000e+00 +/- 0.000000e+00  
  619  0.000000e+00 +/- 0.000000e+00  
  620  0.000000e+00 +/- 0.000000e+00  
  621  0.000000e+00 +/- 0.000000e+00  
  622  0.000000e+00 +/- 0.000000e+00  
  623  0.000000e+00 +/- 0.000000e+00  
  624  0.000000e+00 +/- 0.000000e+00  
  625  0.000000e+00 +/- 0.000000e+00  
  626  0.000000e+00 +/- 0.000000e+00  
  627  0.000000e+00 +/- 0.000000e+00  
  628  0.000000e+00 +/- 0.000000e+00  
  629  0.000000e+00 +/- 0.000000e+00  
  630  0.000000e+00 +/- 0.000000e+00  
  631  0.000000e+00 +/- 0.000000e+00  
  632  0.000000e+00 +/- 0.000000e+00  
  633  0.000000e+00 +/- 0.000000e+00  
  634  0.000000e+00 +/- 0.000000e+00  
  635  0.000000e+00 +/- 0.000000e+00  
  636  0.000000e+00 +/- 0.000000e+00  
  637  0.000000e+00 +/- 0.000000e+00  
  638  0.000000e+00 +/- 0.000000e+00  
  639  0.000000e+00 +/- 0.000000e+00  
  640  0.000000e+00 +/- 0.000000e+00  
  641  0.000000e+00 +/- 0.000000e+00  
  642  0.000000e+00 +/- 0.000000e+00  
  643  0.000000e+00 +/- 0.000000e+00  
  644  0.000000e+00 +/- 0.000000e+00  
  645  0.000000e+00 +/- 0.000000e+00  
  646  0.000000e+00 +/- 0.000000e+00  
  647  0.000000e+00 +/- 0.000000e+00  
  648  0.000000e+00 +/- 0.000000e+00  
  649  2.044400e-02 +/- 6.039462e-06  

======================================================
Dose Scoring Object(profilexFilm)
======================================================
=> last case = 107678354 fluence = 1.36393e+12

==> Summary of region dosimetry (per fluence)
 ir medium       rho/[g/cm3]  V/cm3    Edep/[MeV*cm2]            D/[Gy*cm2]         
------------------------------------------------------------------------------------
  0 water         0.998     1.0000 1.9950e-12 +/- 2.129  % 3.2024e-22 +/- 2.129  %
  1 water         0.998     1.0000 2.3092e-12 +/- 1.984  % 3.7068e-22 +/- 1.984  %
  2 water         0.998     1.0000 2.7855e-12 +/- 1.810  % 4.4713e-22 +/- 1.810  %
  3 water         0.998     1.0000 3.6657e-12 +/- 1.586  % 5.8843e-22 +/- 1.586  %
  4 water         0.998     1.0000 4.6276e-12 +/- 1.404  % 7.4282e-22 +/- 1.404  %
  5 water         0.998     1.0000 7.4981e-12 +/- 1.155  % 1.2036e-21 +/- 1.155  %
  6 water         0.998     1.0000 1.3310e-11 +/- 0.906  % 2.1366e-21 +/- 0.906  %
  7 water         0.998     1.0000 2.0203e-11 +/- 0.761  % 3.2431e-21 +/- 0.761  %
  8 water         0.998     1.0000 2.6749e-11 +/- 0.664  % 4.2938e-21 +/- 0.664  %
  9 water         0.998     1.0000 3.0957e-11 +/- 0.617  % 4.9692e-21 +/- 0.617  %
 10 water         0.998     1.0000 3.2126e-11 +/- 0.606  % 5.1569e-21 +/- 0.606  %
 11 water         0.998     1.0000 3.2638e-11 +/- 0.597  % 5.2392e-21 +/- 0.597  %
 12 water         0.998     1.0000 3.3342e-11 +/- 0.590  % 5.3522e-21 +/- 0.590  %
 13 water         0.998     1.0000 3.3575e-11 +/- 0.585  % 5.3895e-21 +/- 0.585  %
 14 water         0.998     1.0000 3.4204e-11 +/- 0.583  % 5.4904e-21 +/- 0.583  %
 15 water         0.998     1.0000 3.4035e-11 +/- 0.582  % 5.4633e-21 +/- 0.582  %
 16 water         0.998     1.0000 3.4362e-11 +/- 0.579  % 5.5158e-21 +/- 0.579  %
 17 water         0.998     1.0000 3.5195e-11 +/- 0.571  % 5.6495e-21 +/- 0.571  %
 18 water         0.998     1.0000 3.5066e-11 +/- 0.575  % 5.6288e-21 +/- 0.575  %
 19 water         0.998     1.0000 3.5014e-11 +/- 0.575  % 5.6205e-21 +/- 0.575  %
 20 water         0.998     1.0000 3.4898e-11 +/- 0.575  % 5.6019e-21 +/- 0.575  %
 21 water         0.998     1.0000 3.5318e-11 +/- 0.573  % 5.6693e-21 +/- 0.573  %
 22 water         0.998     1.0000 3.4869e-11 +/- 0.576  % 5.5972e-21 +/- 0.576  %
 23 water         0.998     1.0000 3.4544e-11 +/- 0.580  % 5.5451e-21 +/- 0.580  %
 24 water         0.998     1.0000 3.4310e-11 +/- 0.583  % 5.5074e-21 +/- 0.583  %
 25 water         0.998     1.0000 3.4439e-11 +/- 0.582  % 5.5283e-21 +/- 0.582  %
 26 water         0.998     1.0000 3.4384e-11 +/- 0.580  % 5.5193e-21 +/- 0.580  %
 27 water         0.998     1.0000 3.3206e-11 +/- 0.591  % 5.3302e-21 +/- 0.591  %
 28 water         0.998     1.0000 3.2891e-11 +/- 0.595  % 5.2798e-21 +/- 0.595  %
 29 water         0.998     1.0000 3.1729e-11 +/- 0.605  % 5.0932e-21 +/- 0.605  %
 30 water         0.998     1.0000 3.0428e-11 +/- 0.624  % 4.8843e-21 +/- 0.624  %
 31 water         0.998     1.0000 2.6481e-11 +/- 0.668  % 4.2507e-21 +/- 0.668  %
 32 water         0.998     1.0000 2.0608e-11 +/- 0.748  % 3.3081e-21 +/- 0.748  %
 33 water         0.998     1.0000 1.3837e-11 +/- 0.892  % 2.2211e-21 +/- 0.892  %
 34 water         0.998     1.0000 7.6593e-12 +/- 1.151  % 1.2295e-21 +/- 1.151  %
 35 water         0.998     1.0000 4.5765e-12 +/- 1.414  % 7.3463e-22 +/- 1.414  %
 36 water         0.998     1.0000 3.7260e-12 +/- 1.577  % 5.9810e-22 +/- 1.577  %
 37 water         0.998     1.0000 2.8657e-12 +/- 1.787  % 4.6001e-22 +/- 1.787  %
 38 water         0.998     1.0000 2.3835e-12 +/- 1.951  % 3.8260e-22 +/- 1.951  %
 39 water         0.998     1.0000 2.0093e-12 +/- 2.165  % 3.2254e-22 +/- 2.165  %
162 pb           11.350     1.0000 9.0460e-07 +/- 0.019  % 1.2768e-17 +/- 0.019  %
163 air           0.001     1.0000 6.4887e-10 +/- 0.101  % 8.6280e-17 +/- 0.101  %
164 pb           11.350     1.0000 1.3239e-06 +/- 0.015  % 1.8687e-17 +/- 0.015  %
165 steel         8.060     1.0000 1.5633e-08 +/- 0.133  % 3.1073e-19 +/- 0.133  %
166 air           0.001     1.0000 3.2232e-10 +/- 0.112  % 4.2858e-17 +/- 0.112  %
167 steel         8.060     1.0000 1.5828e-08 +/- 0.125  % 3.1459e-19 +/- 0.125  %
171 pb           11.350     1.0000 3.8770e-07 +/- 0.031  % 5.4722e-18 +/- 0.031  %
172 air           0.001     1.0000 2.4628e-10 +/- 0.153  % 3.2747e-17 +/- 0.153  %
173 pb           11.350     1.0000 3.8862e-07 +/- 0.031  % 5.4852e-18 +/- 0.031  %
174 steel         8.060     1.0000 8.5090e-09 +/- 0.141  % 1.6912e-19 +/- 0.141  %
175 air           0.001     1.0000 1.1637e-10 +/- 0.182  % 1.5474e-17 +/- 0.182  %
176 steel         8.060     1.0000 8.5319e-09 +/- 0.142  % 1.6958e-19 +/- 0.142  %
180 steel         8.060     1.0000 3.1376e-11 +/- 1.619  % 6.2364e-22 +/- 1.619  %
181 steel         8.060     1.0000 1.0937e-09 +/- 0.323  % 2.1738e-20 +/- 0.323  %
182 steel         8.060     1.0000 3.1626e-11 +/- 1.653  % 6.2859e-22 +/- 1.653  %
183 steel         8.060     1.0000 2.3602e-09 +/- 0.529  % 4.6912e-20 +/- 0.529  %
184 air           0.001     1.0000 7.4628e-10 +/- 0.084  % 9.9233e-17 +/- 0.084  %
185 steel         8.060     1.0000 2.3358e-09 +/- 0.516  % 4.6426e-20 +/- 0.516  %
186 steel         8.060     1.0000 2.6153e-11 +/- 1.525  % 5.1981e-22 +/- 1.525  %
187 steel         8.060     1.0000 9.9117e-10 +/- 0.254  % 1.9700e-20 +/- 0.254  %
188 steel         8.060     1.0000 2.6100e-11 +/- 1.590  % 5.1876e-22 +/- 1.590  %
189 titanium      4.540     1.0000 3.1336e-07 +/- 0.024  % 1.1057e-17 +/- 0.024  %
216 carbonate     1.200     1.0000 3.7750e-09 +/- 0.048  % 5.0396e-19 +/- 0.048  %
243 air           0.001     1.0000 5.0045e-09 +/- 0.048  % 6.6544e-16 +/- 0.048  %
324 polystyrene   1.060     1.0000 2.9492e-07 +/- 0.023  % 4.4572e-17 +/- 0.023  %
486 air           0.001     1.0000 2.7889e-09 +/- 0.069  % 3.7084e-16 +/- 0.069  %
------------------------------------------------------------------------------------

 EGS_DoseScoring: Writing dose data for EGS_XYZGeometry profilex... 
 Output file name: /home/rsmina/EGSnrc/egs_home/TB/profilexFilm.3ddose

======================================================


================================================================================
Finished simulation

  Elapsed time:                   20.3 s (  0.006 h)
  CPU time:                        3.8 s (  0.001 h)
  Ratio:                          5.353


End of run                                             Mon Nov  7 17:17:39 2022
================================================================================
finishSimulation(TB) 0
