In EGS_Application::initSimulation()
 phsp size = 13245241688
================================================================================
EGSnrc version 4 for x86_64-unknown-linux-gnu          Thu Nov 23 20:04:04 2023
================================================================================
configuration...............................................linux
configuration time..........................................unknown
app compile time............................................2023-04-17 09:57:37 UTC
git commit hash.............................................e2cef22
application.................................................TB
pegs file...................................................
using host..................................................narvi.cc.tut.fi
input file..................................................phspBladesXrayWindow
output file(s)..............................................phspBladesXrayWindow
================================================================================

               ***************************************************
               *                                                 *
               *                  TB                       *
               *                                                 *
               ***************************************************

This is TB   based on
      EGS_AdvancedApplication  

In initCrossSections(): spin effects = 1
Property Photon cross-sections output: 0
Property Photonuclear attenuation: 0
Property Bound Compton scattering: 1
Property Radiative Compton corrections: 1
Property Rayleigh scattering: 1
Property Atomic relaxations: 1
Property Photoelectron angular sampling: 1
Property Spin effects: 1
Property Triplet production: 1
Property Brems cross sections: 2
Property Brems angular sampling: 1
Property Pair cross sections: 1
Property Pair angular sampling: 2
Property Electron-step algorithm: 2
Property Boundary crossing algorithm: 0
 ===> Photonuclear flag:   0
 RAYLEIGH OPTION REQUESTED FOR MEDIUM NUMBER  1

 RAYLEIGH OPTION REQUESTED FOR MEDIUM NUMBER  2

 RAYLEIGH OPTION REQUESTED FOR MEDIUM NUMBER  3

 RAYLEIGH OPTION REQUESTED FOR MEDIUM NUMBER  4

 RAYLEIGH OPTION REQUESTED FOR MEDIUM NUMBER  5

  PEGSLESS INPUT.  CALCULATING ELECTRON CROSS-SECTIONS.
  density_file lead                                                                                                                                                                                                                                                            
  density_file steel_stainless_type302                                                                                                                                                                                                                                         
  density_file air_dry_nearsealevel                                                                                                                                                                                                                                            
  density_file polystyrene                                                                                                                                                                                                                                                     
  density_file radiochromicdyefilm_nylonbase                                                                                                                                                                                                                                   

  Medium data: 

 AE =    5.12000E-01 MeV,  UE =    1.51100E+00 MeV
 AP =    1.00000E-03 MeV,  UP =    1.00000E+00 MeV

  No material data file supplied.  Material data obtained from
  .egsinp file or density correction file.

   Medium: pb                      
 Sterncid: pb                      
     rho:    1.13500E+01 g/cm^3
 Elements: PB  
    rhoz:    1.00000E+00
      pz:    4.82649E-03
  iunrst:     0
  iaprim:     1
    gasp:    0.00000E+00 atm.
  density correction file: /home/rsmina/EGSnrc/HEN_HOUSE/pegs4/density_corrections/elements/lead.density

   Medium: steel                   
 Sterncid: steel                   
     rho:    8.06000E+00 g/cm^3
 Elements: C   SI  CR  MN  FE  NI  
    rhoz:    1.00000E-03   7.00000E-03   1.80000E-01   1.00000E-02   7.12000E-01   9.00000E-02
      pz:    8.32560E-05   2.49217E-04   3.46167E-03   1.82023E-04   1.27491E-02   1.53296E-03
  iunrst:     0
  iaprim:     1
    gasp:    0.00000E+00 atm.
  density correction file: /home/rsmina/EGSnrc/HEN_HOUSE/pegs4/density_corrections/compounds/steel_stainless_type302.density

   Medium: air                     
 Sterncid: air                     
     rho:    1.20479E-03 g/cm^3
 Elements: C   N   O   AR  
    rhoz:    1.24000E-04   7.55267E-01   2.31781E-01   1.28270E-02
      pz:    1.03237E-05   5.39218E-02   1.44869E-02   3.21092E-04
  iunrst:     0
  iaprim:     1
    gasp:    0.00000E+00 atm.
  density correction file: /home/rsmina/EGSnrc/HEN_HOUSE/pegs4/density_corrections/compounds/air_dry_nearsealevel.density

   Medium: polystyrene             
 Sterncid: polystyrene             
     rho:    1.06000E+00 g/cm^3
 Elements: H   C   
    rhoz:    7.74180E-02   9.22582E-01
      pz:    7.68059E-02   7.68105E-02
  iunrst:     0
  iaprim:     1
    gasp:    0.00000E+00 atm.
  density correction file: /home/rsmina/EGSnrc/HEN_HOUSE/pegs4/density_corrections/compounds/polystyrene.density

   Medium: film                    
 Sterncid: film                    
     rho:    1.14000E+00 g/cm^3
 Elements: H   C   N   O   
    rhoz:    1.05000E-01   6.56000E-01   1.11000E-01   1.28000E-01
      pz:    1.04170E-01   5.46159E-02   7.92478E-03   8.00030E-03
  iunrst:     0
  iaprim:     1
    gasp:    0.00000E+00 atm.
  density correction file: /home/rsmina/EGSnrc/HEN_HOUSE/pegs4/density_corrections/compounds/radiochromicdyefilm_nylonbase.density


(Re)-initializing photon cross sections with files from the series: xcom

 Compton cross sections: default
 Using Compton cross sections from /home/rsmina/EGSnrc/HEN_HOUSE/data/compton_sigma.data

 Reading renormalized photoelectric cross sections ...... done

 Working on medium   1 ... 
  ->  100 atomic ff values computed!
      preparing data for Rayleigh sampling ... done

OK
 Working on medium   2 ... 
  ->  100 atomic ff values computed!
      preparing data for Rayleigh sampling ... done

OK
 Working on medium   3 ... 
  ->  100 atomic ff values computed!
      preparing data for Rayleigh sampling ... done

OK
 Working on medium   4 ... 
  ->  100 atomic ff values computed!
      preparing data for Rayleigh sampling ... done

OK
 Working on medium   5 ... 
  ->  100 atomic ff values computed!
      preparing data for Rayleigh sampling ... done

OK

Reading screened Rutherford MS data ...............  done 


Reading spin data base from /home/rsmina/EGSnrc/HEN_HOUSE/data/spinms.data
EGSnrc spin data, version 2.0   
Data generated on a machine with 1234 endianess
The endianess of this CPU is 1234
Ranges:      1.00   100.00  0.30054  1.00000


  medium    1 .....................  done
  medium    2 .....................  done
  medium    3 .....................  done
  medium    4 .....................  done
  medium    5 .....................  done
  
  Medium            1  sige =    172.75604562338430        235.60337980532134       monotone =  F F
  Medium            2  sige =    123.18338032147462        151.05228366131078       monotone =  F F
  Medium            3  sige =    89.591859601344183        103.21541676401796       monotone =  F F
  Medium            4  sige =    85.799574936291847        98.126563048670249       monotone =  F F
  Medium            5  sige =    84.596696459844324        96.521242628028816       monotone =  F F
  
  Initializing tmxs for estepe =   0.25000000000000000       and ximax =   0.50000000000000000     
  
  
 Radiative Compton corrections requested:
    Reading radiative Compton data ...  OK
    Modifying cross sections and branching ratios ... OK

Bound Compton scattering requested, reading data ......  Done

 Initializing Bound Compton scattering ......
 Medium   1 has  23 shells: 
   1 1054   1  0.02439 0.121E+01    88.004
   2 1055   2  0.02439 0.430E+01    15.861
   3 1056   3  0.02439 0.210E+01    15.200
   4 1057   4  0.04878 0.238E+01    13.035
   5 1058   5  0.02439 0.944E+01     3.851
   6 1059   6  0.02439 0.552E+01     3.554
   7 1060   7  0.04878 0.600E+01     3.066
   8 1061   8  0.04878 0.388E+01     2.586
   9 1062   9  0.07317 0.397E+01     2.484
  10 1063  10  0.02439 0.193E+02     0.894
  11 1064  11  0.02439 0.121E+02     0.764
  12 1065  12  0.04878 0.131E+02     0.645
  13 1066  13  0.04878 0.984E+01     0.434
  14 1067  14  0.07317 0.101E+02     0.412
  15 1068  15  0.02439 0.445E+02     0.148
  16 1069  16  0.02439 0.295E+02     0.105
  17 1070  17  0.04878 0.325E+02     0.086
  18 1071  18  0.07317 0.830E+01     0.141
  19 1072  19  0.09756 0.841E+01     0.136
  20 1073  20  0.04878 0.303E+02     0.020
  21 1074  21  0.07317 0.311E+02     0.018
  22 1075  22  0.02439 0.142E+03     0.007
  23 1076  23  0.02439 0.111E+03     0.007
 Medium   2 has  45 shells: 
   1   10   1  0.00036 0.210E+02     0.285
   2   11   2  0.00036 0.110E+03     0.011
   3   12   3  0.00036 0.669E+02     0.011
   4   45   1  0.00107 0.870E+01     1.839
   5   46   2  0.00107 0.377E+02     0.149
   6   47   3  0.00107 0.204E+02     0.100
   7   48   4  0.00214 0.204E+02     0.099
   8   49   5  0.00107 0.142E+03     0.008
   9   50   6  0.00107 0.102E+03     0.008
  10  120   1  0.01486 0.500E+01     5.989
  11  121   2  0.01486 0.192E+02     0.698
  12  122   3  0.01486 0.981E+01     0.585
  13  123   4  0.02971 0.981E+01     0.576
  14  124   5  0.01486 0.545E+02     0.075
  15  125   6  0.01486 0.347E+02     0.043
  16  126   7  0.02971 0.347E+02     0.043
  17  127   8  0.02971 0.721E+02     0.007
  18  128   9  0.01486 0.721E+02     0.007
  19  129   1  0.00078 0.480E+01     6.539
  20  130   2  0.00078 0.182E+02     0.769
  21  131   3  0.00078 0.933E+01     0.651
  22  132   4  0.00156 0.933E+01     0.639
  23  133   5  0.00078 0.511E+02     0.082
  24  134   6  0.00078 0.322E+02     0.047
  25  135   7  0.00156 0.322E+02     0.047
  26  136   8  0.00156 0.833E+02     0.007
  27  137   9  0.00117 0.833E+02     0.007
  28  138   1  0.05471 0.460E+01     7.112
  29  139   2  0.05471 0.174E+02     0.848
  30  140   3  0.05471 0.891E+01     0.721
  31  141   4  0.10943 0.891E+01     0.708
  32  142   5  0.05471 0.486E+02     0.092
  33  143   6  0.05471 0.306E+02     0.053
  34  144   7  0.10943 0.306E+02     0.053
  35  145   8  0.10943 0.737E+02     0.008
  36  146   9  0.10943 0.737E+02     0.008
  37  156   1  0.00658 0.426E+01     8.333
  38  157   2  0.00658 0.160E+02     1.008
  39  158   3  0.00658 0.815E+01     0.871
  40  159   4  0.01316 0.815E+01     0.854
  41  160   5  0.00658 0.445E+02     0.111
  42  161   6  0.00658 0.277E+02     0.067
  43  162   7  0.01316 0.277E+02     0.067
  44  163   8  0.01316 0.599E+02     0.008
  45  164   9  0.01974 0.599E+02     0.008
 Medium   3 has  18 shells: 
   1   10   1  0.00004 0.210E+02     0.285
   2   11   2  0.00004 0.110E+03     0.011
   3   12   3  0.00004 0.669E+02     0.011
   4   13   1  0.21604 0.178E+02     0.410
   5   14   2  0.21604 0.921E+02     0.015
   6   15   3  0.21604 0.558E+02     0.014
   7   16   4  0.10802 0.558E+02     0.014
   8   17   1  0.05804 0.155E+02     0.543
   9   18   2  0.05804 0.793E+02     0.024
  10   19   3  0.05804 0.479E+02     0.014
  11   20   4  0.05804 0.479E+02     0.014
  12   72   1  0.00129 0.671E+01     3.203
  13   73   2  0.00129 0.271E+02     0.326
  14   74   3  0.00129 0.142E+02     0.251
  15   75   4  0.00257 0.142E+02     0.249
  16   76   5  0.00129 0.889E+02     0.029
  17   77   6  0.00129 0.606E+02     0.016
  18   78   7  0.00257 0.606E+02     0.016
 Medium   4 has   4 shells: 
   1    1   1  0.14285 0.116E+03     0.014
   2   10   1  0.28572 0.210E+02     0.285
   3   11   2  0.28572 0.110E+03     0.011
   4   12   3  0.28572 0.669E+02     0.011
 Medium   5 has  12 shells: 
   1    1   1  0.18894 0.116E+03     0.014
   2   10   1  0.19812 0.210E+02     0.285
   3   11   2  0.19812 0.110E+03     0.011
   4   12   3  0.19812 0.669E+02     0.011
   5   13   1  0.02875 0.178E+02     0.410
   6   14   2  0.02875 0.921E+02     0.015
   7   15   3  0.02875 0.558E+02     0.014
   8   16   4  0.01437 0.558E+02     0.014
   9   17   1  0.02902 0.155E+02     0.543
  10   18   2  0.02902 0.793E+02     0.024
  11   19   3  0.02902 0.479E+02     0.014
  12   20   4  0.02902 0.479E+02     0.014
 ...... Done.

Output from subroutine EDGSET:
==============================
 Atomic relaxations requested! 

 Reading simplified photo-absorption data ..... Done

 Reading simplified relaxation data ..... Done

 Reading parametrized XCOM photo cross section data ..... Done

 Reading EADL relaxation data ......
  Z =  82 has 24 shells
  Z =   6 has  4 shells
  Z =  14 has  7 shells
  Z =  24 has 10 shells
  Z =  25 has 10 shells
  Z =  26 has 10 shells
  Z =  28 has 10 shells
  Z =   7 has  4 shells
  Z =   8 has  4 shells
  Z =  18 has  7 shells
  Z =   1 has  1 shells
 ...... Done.

  
 Using NRC brems cross sections! 
  
  Initializing brems data for medium            1 ...
  Max. new cross sections per energy loss:    172.71375768187906        235.60728196646150     
  Initializing brems data for medium            2 ...
  Max. new cross sections per energy loss:    123.18746932258490        151.05333992476235     
  Initializing brems data for medium            3 ...
  Max. new cross sections per energy loss:    89.603753795943703        103.21767115908033     
  Initializing brems data for medium            4 ...
  Max. new cross sections per energy loss:    85.809486150447540        98.128639733994149     
  Initializing brems data for medium            5 ...
  Max. new cross sections per energy loss:    84.606352682595968        96.523228134703402     
  
  


Reading NRC pair data base from /home/rsmina/EGSnrc/HEN_HOUSE/data/pair_nrc1.data
Data generated on a machine with 1234 endianess
The endianess of this CPU is 1234
Energy range of the data:     2.010  168.603
  medium    1 .....................  done
  medium    2 .....................  done
  medium    3 .....................  done
  medium    4 .....................  done
  medium    5 .....................  done
  
  
 eii_init: minimum threshold energy found:    1.0000000000000000E-003
 eii_init: number of shells to simulate EII:           11


Opened EII data file /home/rsmina/EGSnrc/HEN_HOUSE/data/eii_ik.data
 eii_init: reading EII data ...   OK 
  
 eii_init: for medium            1  adjusted sige =    172.18788716669485       monotone =  F
 eii_init: for medium            2  adjusted sige =    114.81674165871627       monotone =  F
 eii_init: for medium            3  adjusted sige =    89.567863404624333       monotone =  F
 init_triplet: reading triplet data ...  OK
   Preparing triplet fraction data for medium   1 ...  OK
   Preparing triplet fraction data for medium   2 ...  OK
   Preparing triplet fraction data for medium   3 ...  OK
   Preparing triplet fraction data for medium   4 ...  OK
   Preparing triplet fraction data for medium   5 ...  OK
EGSnrc SUCCESSFULLY 'HATCHED' FOR     5 MEDIA.


The following media are defined:
================================

  0  pb                       AE= 0.5120 AP= 0.0010 0
  1  steel                    AE= 0.5120 AP= 0.0010 1
  2  air                      AE= 0.5120 AP= 0.0010 2
  3  polystyrene              AE= 0.5120 AP= 0.0010 3
  4  film                     AE= 0.5120 AP= 0.0010 4


Transport parameter and cross section options:
==============================================
Photon cross sections                             mcdf-xcom       
Compton cross sections                            default         
Global Pcut                                       0.001
Pair cross sections                               NRC
Pair angular sampling                             KM
Triplet production                                On
Bound Compton scattering                          On
Radiative Compton corrections                     On
Rayleigh scattering                               On
Atomic relaxations                                eadl
Photoelectron angular sampling                    On
Photonuclear attenuation                          Off
Photonuclear cross sections                       default         

Global Ecut                                       0.512
Brems cross sections                              NRC
Brems angular sampling                            KM
Spin effects                                      On
Electron Impact Ionization                        ik              
Global Smax                                       1e+10
ESTEPE                                            0.25
Ximax                                             0.5
Boundary crossing algorithm                       Exact
Skin depth for BCA                                3
Electron-step algorithm                           EGSnrc
==============================================

initScoring(): you must provide both, 'regions' and 'bins' input


======================== geometry =====================
 type = EGS_UnionGeometry
 name = obi_system
 number of regions = 800
 geometries:
   profilex (type EGS_XYZGeometry)
   obi (type EGS_UnionGeometry)
   styrox (type EGS_XYZGeometry)
   air_prim_to_detector (type EGS_XYZGeometry)
=======================================================


The simulation uses the following source:
=========================================
 IAEA phase space source from anodeXRayWPbPortCombined.1


Random number generator:
============================================
  type                = ranmar
  high resolution     = no
  initial seeds       = 33 97
  numbers used so far = 0


Run Control Object (RCO):
=========================
  type = simple


The following ausgab objects are included in the simulation
===========================================================


Particle Track Scoring (tracks)
======================================================
 - Scoring photon tracks       = YES
 - Scoring electron tracks     = NO
 - Scoring positron tracks     = NO
 - First event to score        = 0
 - Last event to score         = 10000
 - Track buffer size           = 1024
 - Output file name            = /home/rsmina/EGSnrc/egs_home/TB/phspBladesXrayWindow.ptracks


===========================================
Radiative splitting Object (my_splitting)
===========================================

 - Splitting radiative events in 1000


===========================================


*******************************************
Dose Scoring Object (profilexFilm)
*******************************************

 - Regions in dose calculator :800


--------------------------------------
medium       rho/[g/cm**3]
--------------------------------------
pb          11.35
steel        8.06
air          0.00
polystyrene  1.06
film         1.14
--------------------------------------

*******************************************


 Will output dose to file:
 EGS_XYZGeometry: profilex
 file format:  3ddose
 file name: /home/rsmina/EGSnrc/egs_home/TB/profilexFilm.3ddose



Combine results only

calling combineResults()

                      Suming the following .egsdat files:
=======================================================================
 1 phspBladesXrayWindow_w1.egsdat ncase=20800000       cpu=3877.69    
 2 phspBladesXrayWindow_w2.egsdat ncase=22100000       cpu=4118.38    
 3 phspBladesXrayWindow_w3.egsdat ncase=22100000       cpu=4141.69    
 4 phspBladesXrayWindow_w4.egsdat ncase=22100000       cpu=4117.41    
 5 phspBladesXrayWindow_w5.egsdat ncase=22100000       cpu=4116.36    
 6 phspBladesXrayWindow_w6.egsdat ncase=22100000       cpu=4101.97    
 7 phspBladesXrayWindow_w7.egsdat ncase=22100000       cpu=4093.76    
 8 phspBladesXrayWindow_w8.egsdat ncase=22100000       cpu=4099.84    
 9 phspBladesXrayWindow_w9.egsdat ncase=22100000       cpu=4107.88    
10 phspBladesXrayWindow_w10.egsdat ncase=22100000       cpu=4099.23    
11 phspBladesXrayWindow_w11.egsdat ncase=22100000       cpu=4110.47    
12 phspBladesXrayWindow_w12.egsdat ncase=22100000       cpu=4107.96    
13 phspBladesXrayWindow_w13.egsdat ncase=22100000       cpu=4090.78    
14 phspBladesXrayWindow_w14.egsdat ncase=22100000       cpu=4095.96    
15 phspBladesXrayWindow_w15.egsdat ncase=20800000       cpu=3976.23    
16 phspBladesXrayWindow_w16.egsdat ncase=22100000       cpu=4092.30    
17 phspBladesXrayWindow_w17.egsdat ncase=22100000       cpu=4092.83    
18 phspBladesXrayWindow_w18.egsdat ncase=22100000       cpu=4084.92    
19 phspBladesXrayWindow_w19.egsdat ncase=22100000       cpu=4109.38    
20 phspBladesXrayWindow_w20.egsdat ncase=22100000       cpu=4087.54    
21 phspBladesXrayWindow_w21.egsdat ncase=22100000       cpu=4097.97    
22 phspBladesXrayWindow_w22.egsdat ncase=22100000       cpu=4086.43    
23 phspBladesXrayWindow_w23.egsdat ncase=22100000       cpu=4103.81    
24 phspBladesXrayWindow_w24.egsdat ncase=22100000       cpu=4098.30    
25 phspBladesXrayWindow_w25.egsdat ncase=22100000       cpu=4078.35    
26 phspBladesXrayWindow_w26.egsdat ncase=22100000       cpu=4079.68    
27 phspBladesXrayWindow_w27.egsdat ncase=22100000       cpu=4085.87    
28 phspBladesXrayWindow_w28.egsdat ncase=22100000       cpu=4085.09    
29 phspBladesXrayWindow_w29.egsdat ncase=18200000       cpu=4164.53    
30 phspBladesXrayWindow_w30.egsdat ncase=18200000       cpu=4162.87    
31 phspBladesXrayWindow_w31.egsdat ncase=18200000       cpu=4163.02    
32 phspBladesXrayWindow_w32.egsdat ncase=18200000       cpu=4186.16    
33 phspBladesXrayWindow_w33.egsdat ncase=18200000       cpu=4165.41    
34 phspBladesXrayWindow_w34.egsdat ncase=18200000       cpu=4176.92    
35 phspBladesXrayWindow_w35.egsdat ncase=18200000       cpu=4182.45    
36 phspBladesXrayWindow_w36.egsdat ncase=18200000       cpu=4179.34    
37 phspBladesXrayWindow_w37.egsdat ncase=18200000       cpu=4173.26    
38 phspBladesXrayWindow_w38.egsdat ncase=18200000       cpu=4167.11    
39 phspBladesXrayWindow_w39.egsdat ncase=16900000       cpu=3909.62    
40 phspBladesXrayWindow_w40.egsdat ncase=18200000       cpu=4170.46    
41 phspBladesXrayWindow_w41.egsdat ncase=18200000       cpu=4174.38    
42 phspBladesXrayWindow_w42.egsdat ncase=18200000       cpu=4167.12    
43 phspBladesXrayWindow_w43.egsdat ncase=18200000       cpu=4175.82    
44 phspBladesXrayWindow_w44.egsdat ncase=16900000       cpu=3942.23    
45 phspBladesXrayWindow_w45.egsdat ncase=18200000       cpu=4167.11    
46 phspBladesXrayWindow_w46.egsdat ncase=18200000       cpu=4181.76    
47 phspBladesXrayWindow_w47.egsdat ncase=16900000       cpu=3903.24    
48 phspBladesXrayWindow_w48.egsdat ncase=18200000       cpu=4185.83    
49 phspBladesXrayWindow_w49.egsdat ncase=18200000       cpu=4163.59    
50 phspBladesXrayWindow_w50.egsdat ncase=18200000       cpu=4156.87    
51 phspBladesXrayWindow_w51.egsdat ncase=18200000       cpu=4172.40    
52 phspBladesXrayWindow_w52.egsdat ncase=18200000       cpu=4177.13    
53 phspBladesXrayWindow_w53.egsdat ncase=18200000       cpu=4180.55    
54 phspBladesXrayWindow_w54.egsdat ncase=18200000       cpu=4171.69    
55 phspBladesXrayWindow_w55.egsdat ncase=18200000       cpu=4175.71    
56 phspBladesXrayWindow_w56.egsdat ncase=16900000       cpu=3892.09    
57 phspBladesXrayWindow_w57.egsdat ncase=18200000       cpu=4169.48    
58 phspBladesXrayWindow_w58.egsdat ncase=18200000       cpu=4175.57    
59 phspBladesXrayWindow_w59.egsdat ncase=18200000       cpu=4163.57    
60 phspBladesXrayWindow_w60.egsdat ncase=18200000       cpu=4167.23    
61 phspBladesXrayWindow_w61.egsdat ncase=18200000       cpu=4172.33    
62 phspBladesXrayWindow_w62.egsdat ncase=16900000       cpu=3878.56    
63 phspBladesXrayWindow_w63.egsdat ncase=18200000       cpu=4166.18    
64 phspBladesXrayWindow_w64.egsdat ncase=16900000       cpu=3881.43    
65 phspBladesXrayWindow_w65.egsdat ncase=18200000       cpu=4168.08    
66 phspBladesXrayWindow_w66.egsdat ncase=16900000       cpu=3873.99    
67 phspBladesXrayWindow_w67.egsdat ncase=16900000       cpu=3890.74    
68 phspBladesXrayWindow_w68.egsdat ncase=16900000       cpu=3874.47    
69 phspBladesXrayWindow_w69.egsdat ncase=16900000       cpu=3874.16    
70 phspBladesXrayWindow_w70.egsdat ncase=16900000       cpu=3880.95    
71 phspBladesXrayWindow_w71.egsdat ncase=18200000       cpu=4161.82    
72 phspBladesXrayWindow_w72.egsdat ncase=18200000       cpu=4161.69    
73 phspBladesXrayWindow_w73.egsdat ncase=16900000       cpu=3929.65    
74 phspBladesXrayWindow_w74.egsdat ncase=16900000       cpu=3896.11    
75 phspBladesXrayWindow_w75.egsdat ncase=16900000       cpu=3879.81    
76 phspBladesXrayWindow_w76.egsdat ncase=16900000       cpu=3867.34    
77 phspBladesXrayWindow_w77.egsdat ncase=16900000       cpu=3884.62    
78 phspBladesXrayWindow_w78.egsdat ncase=18200000       cpu=4152.56    
79 phspBladesXrayWindow_w79.egsdat ncase=14300000       cpu=3993.89    
80 phspBladesXrayWindow_w80.egsdat ncase=14300000       cpu=4021.89    
81 phspBladesXrayWindow_w81.egsdat ncase=14300000       cpu=4002.30    
82 phspBladesXrayWindow_w82.egsdat ncase=14300000       cpu=3996.81    
83 phspBladesXrayWindow_w83.egsdat ncase=14300000       cpu=3981.07    
84 phspBladesXrayWindow_w84.egsdat ncase=14300000       cpu=4014.84    
85 phspBladesXrayWindow_w85.egsdat ncase=14300000       cpu=4028.20    
86 phspBladesXrayWindow_w86.egsdat ncase=14300000       cpu=3994.05    
87 phspBladesXrayWindow_w87.egsdat ncase=14300000       cpu=4097.11    
88 phspBladesXrayWindow_w88.egsdat ncase=14300000       cpu=4011.38    
89 phspBladesXrayWindow_w89.egsdat ncase=14300000       cpu=4096.58    
90 phspBladesXrayWindow_w90.egsdat ncase=14300000       cpu=4002.24    
91 phspBladesXrayWindow_w91.egsdat ncase=14300000       cpu=3973.84    
92 phspBladesXrayWindow_w92.egsdat ncase=14300000       cpu=4049.46    
93 phspBladesXrayWindow_w93.egsdat ncase=14300000       cpu=4009.50    
94 phspBladesXrayWindow_w94.egsdat ncase=14300000       cpu=4039.66    
95 phspBladesXrayWindow_w95.egsdat ncase=14300000       cpu=3955.18    
96 phspBladesXrayWindow_w96.egsdat ncase=14300000       cpu=3984.92    
97 phspBladesXrayWindow_w97.egsdat ncase=14300000       cpu=4003.70    
98 phspBladesXrayWindow_w98.egsdat ncase=14300000       cpu=4010.77    
99 phspBladesXrayWindow_w99.egsdat ncase=15600000       cpu=4139.52    
100 phspBladesXrayWindow_w100.egsdat ncase=15600000       cpu=4089.59    
101 phspBladesXrayWindow_w101.egsdat ncase=15600000       cpu=4079.32    
102 phspBladesXrayWindow_w102.egsdat ncase=14300000       cpu=3871.98    
103 phspBladesXrayWindow_w103.egsdat ncase=15600000       cpu=4132.53    
104 phspBladesXrayWindow_w104.egsdat ncase=15600000       cpu=4098.49    
105 phspBladesXrayWindow_w105.egsdat ncase=15600000       cpu=4108.19    
106 phspBladesXrayWindow_w106.egsdat ncase=15600000       cpu=4103.19    
107 phspBladesXrayWindow_w107.egsdat ncase=14300000       cpu=3834.01    
108 phspBladesXrayWindow_w108.egsdat ncase=15600000       cpu=4129.66    
109 phspBladesXrayWindow_w109.egsdat ncase=15600000       cpu=4113.34    
110 phspBladesXrayWindow_w110.egsdat ncase=15600000       cpu=4099.02    
111 phspBladesXrayWindow_w111.egsdat ncase=15600000       cpu=4087.19    
112 phspBladesXrayWindow_w112.egsdat ncase=15600000       cpu=4097.35    
113 phspBladesXrayWindow_w113.egsdat ncase=15600000       cpu=4058.25    
114 phspBladesXrayWindow_w114.egsdat ncase=15600000       cpu=4078.29    
115 phspBladesXrayWindow_w115.egsdat ncase=15600000       cpu=4073.71    
116 phspBladesXrayWindow_w116.egsdat ncase=15600000       cpu=4118.03    
117 phspBladesXrayWindow_w117.egsdat ncase=15600000       cpu=4105.22    
118 phspBladesXrayWindow_w118.egsdat ncase=15600000       cpu=4110.70    
119 phspBladesXrayWindow_w119.egsdat ncase=13000000       cpu=4090.07    
120 phspBladesXrayWindow_w120.egsdat ncase=13000000       cpu=4120.95    
121 phspBladesXrayWindow_w121.egsdat ncase=13000000       cpu=4108.55    
122 phspBladesXrayWindow_w122.egsdat ncase=13000000       cpu=4113.70    
123 phspBladesXrayWindow_w123.egsdat ncase=13000000       cpu=4127.81    
124 phspBladesXrayWindow_w124.egsdat ncase=13000000       cpu=4102.71    
125 phspBladesXrayWindow_w125.egsdat ncase=13000000       cpu=4131.21    
126 phspBladesXrayWindow_w126.egsdat ncase=13000000       cpu=4095.81    
127 phspBladesXrayWindow_w127.egsdat ncase=13000000       cpu=4107.15    
128 phspBladesXrayWindow_w128.egsdat ncase=13000000       cpu=4103.75    
129 phspBladesXrayWindow_w129.egsdat ncase=13000000       cpu=4089.01    
130 phspBladesXrayWindow_w130.egsdat ncase=13000000       cpu=4129.02    
131 phspBladesXrayWindow_w131.egsdat ncase=13000000       cpu=3782.81    
132 phspBladesXrayWindow_w132.egsdat ncase=13000000       cpu=3661.27    
133 phspBladesXrayWindow_w133.egsdat ncase=13000000       cpu=3641.74    
134 phspBladesXrayWindow_w134.egsdat ncase=13000000       cpu=3841.26    
135 phspBladesXrayWindow_w135.egsdat ncase=13000000       cpu=3701.88    
136 phspBladesXrayWindow_w136.egsdat ncase=13000000       cpu=3672.37    
137 phspBladesXrayWindow_w137.egsdat ncase=13000000       cpu=3695.42    
138 phspBladesXrayWindow_w138.egsdat ncase=13000000       cpu=3730.03    
139 phspBladesXrayWindow_w139.egsdat ncase=13000000       cpu=3718.21    
140 phspBladesXrayWindow_w140.egsdat ncase=13000000       cpu=3955.15    
141 phspBladesXrayWindow_w141.egsdat ncase=13000000       cpu=3668.95    
142 phspBladesXrayWindow_w142.egsdat ncase=13000000       cpu=3683.83    
143 phspBladesXrayWindow_w143.egsdat ncase=13000000       cpu=3653.73    
144 phspBladesXrayWindow_w144.egsdat ncase=13000000       cpu=3682.29    
145 phspBladesXrayWindow_w145.egsdat ncase=13000000       cpu=3681.64    
146 phspBladesXrayWindow_w146.egsdat ncase=13000000       cpu=3702.17    
147 phspBladesXrayWindow_w147.egsdat ncase=13000000       cpu=3687.68    
148 phspBladesXrayWindow_w148.egsdat ncase=13000000       cpu=3729.14    
149 phspBladesXrayWindow_w149.egsdat ncase=13000000       cpu=3686.39    
150 phspBladesXrayWindow_w150.egsdat ncase=13000000       cpu=3652.79    
151 phspBladesXrayWindow_w151.egsdat ncase=13000000       cpu=3633.83    
152 phspBladesXrayWindow_w152.egsdat ncase=13000000       cpu=3645.68    
153 phspBladesXrayWindow_w153.egsdat ncase=13000000       cpu=3698.76    
154 phspBladesXrayWindow_w154.egsdat ncase=13000000       cpu=3658.07    
155 phspBladesXrayWindow_w155.egsdat ncase=13000000       cpu=3663.33    
156 phspBladesXrayWindow_w156.egsdat ncase=13000000       cpu=3675.21    
157 phspBladesXrayWindow_w157.egsdat ncase=13000000       cpu=3667.38    
158 phspBladesXrayWindow_w158.egsdat ncase=13000000       cpu=3645.29    
159 phspBladesXrayWindow_w159.egsdat ncase=13000000       cpu=3651.13    
160 phspBladesXrayWindow_w160.egsdat ncase=13000000       cpu=3657.97    
161 phspBladesXrayWindow_w161.egsdat ncase=13000000       cpu=3645.79    
162 phspBladesXrayWindow_w162.egsdat ncase=13000000       cpu=3631.23    
163 phspBladesXrayWindow_w163.egsdat ncase=13000000       cpu=3636.78    
164 phspBladesXrayWindow_w164.egsdat ncase=14300000       cpu=3921.85    
165 phspBladesXrayWindow_w165.egsdat ncase=13000000       cpu=3641.95    
166 phspBladesXrayWindow_w166.egsdat ncase=13000000       cpu=3716.87    
167 phspBladesXrayWindow_w167.egsdat ncase=13000000       cpu=3635.07    
168 phspBladesXrayWindow_w168.egsdat ncase=13000000       cpu=3640.74    
169 phspBladesXrayWindow_w169.egsdat ncase=14300000       cpu=3922.04    
170 phspBladesXrayWindow_w170.egsdat ncase=13000000       cpu=3652.81    
171 phspBladesXrayWindow_w171.egsdat ncase=13000000       cpu=3638.07    
172 phspBladesXrayWindow_w172.egsdat ncase=13000000       cpu=3650.06    
173 phspBladesXrayWindow_w173.egsdat ncase=13000000       cpu=3639.31    
174 phspBladesXrayWindow_w174.egsdat ncase=13000000       cpu=3650.14    
175 phspBladesXrayWindow_w175.egsdat ncase=13000000       cpu=3625.15    
176 phspBladesXrayWindow_w176.egsdat ncase=13000000       cpu=3643.98    
177 phspBladesXrayWindow_w177.egsdat ncase=13000000       cpu=3634.56    
178 phspBladesXrayWindow_w178.egsdat ncase=13000000       cpu=3681.49    
179 phspBladesXrayWindow_w179.egsdat ncase=13000000       cpu=3676.69    
180 phspBladesXrayWindow_w180.egsdat ncase=13000000       cpu=3681.82    
181 phspBladesXrayWindow_w181.egsdat ncase=13000000       cpu=3628.25    
182 phspBladesXrayWindow_w182.egsdat ncase=13000000       cpu=3681.86    
183 phspBladesXrayWindow_w183.egsdat ncase=13000000       cpu=3715.57    
184 phspBladesXrayWindow_w184.egsdat ncase=13000000       cpu=3661.18    
185 phspBladesXrayWindow_w185.egsdat ncase=13000000       cpu=3661.84    
186 phspBladesXrayWindow_w186.egsdat ncase=13000000       cpu=3653.21    
187 phspBladesXrayWindow_w187.egsdat ncase=13000000       cpu=3673.75    
188 phspBladesXrayWindow_w188.egsdat ncase=13000000       cpu=3651.05    
189 phspBladesXrayWindow_w189.egsdat ncase=13000000       cpu=3654.98    
190 phspBladesXrayWindow_w190.egsdat ncase=13000000       cpu=3627.47    
191 phspBladesXrayWindow_w191.egsdat ncase=13000000       cpu=3602.20    
192 phspBladesXrayWindow_w192.egsdat ncase=13000000       cpu=3627.63    
193 phspBladesXrayWindow_w193.egsdat ncase=13000000       cpu=3586.60    
194 phspBladesXrayWindow_w194.egsdat ncase=13000000       cpu=3585.46    
195 phspBladesXrayWindow_w195.egsdat ncase=13000000       cpu=3614.43    
196 phspBladesXrayWindow_w196.egsdat ncase=13000000       cpu=3606.30    
197 phspBladesXrayWindow_w197.egsdat ncase=13000000       cpu=3622.86    
198 phspBladesXrayWindow_w198.egsdat ncase=13000000       cpu=3590.24    
199 phspBladesXrayWindow_w199.egsdat ncase=13000000       cpu=3598.05    
200 phspBladesXrayWindow_w200.egsdat ncase=13000000       cpu=3649.96    
201 phspBladesXrayWindow_w201.egsdat ncase=13000000       cpu=3623.81    
202 phspBladesXrayWindow_w202.egsdat ncase=14300000       cpu=3874.26    
203 phspBladesXrayWindow_w203.egsdat ncase=13000000       cpu=3616.70    
204 phspBladesXrayWindow_w204.egsdat ncase=14300000       cpu=3875.39    
205 phspBladesXrayWindow_w205.egsdat ncase=13000000       cpu=3600.17    
206 phspBladesXrayWindow_w206.egsdat ncase=13000000       cpu=3598.87    
207 phspBladesXrayWindow_w207.egsdat ncase=14300000       cpu=3871.07    
208 phspBladesXrayWindow_w208.egsdat ncase=13000000       cpu=3589.37    
209 phspBladesXrayWindow_w209.egsdat ncase=13000000       cpu=3573.42    
210 phspBladesXrayWindow_w210.egsdat ncase=13000000       cpu=3634.05    
211 phspBladesXrayWindow_w211.egsdat ncase=9100000        cpu=2555.41    
212 phspBladesXrayWindow_w212.egsdat ncase=9100000        cpu=2580.63    
213 phspBladesXrayWindow_w213.egsdat ncase=9100000        cpu=2595.15    
214 phspBladesXrayWindow_w214.egsdat ncase=9100000        cpu=2543.73    
215 phspBladesXrayWindow_w215.egsdat ncase=9100000        cpu=2553.28    
216 phspBladesXrayWindow_w216.egsdat ncase=9100000        cpu=2553.67    
217 phspBladesXrayWindow_w217.egsdat ncase=9100000        cpu=2561.59    
218 phspBladesXrayWindow_w218.egsdat ncase=9100000        cpu=2556.36    
219 phspBladesXrayWindow_w219.egsdat ncase=9100000        cpu=2576.53    
220 phspBladesXrayWindow_w220.egsdat ncase=9100000        cpu=2564.93    
221 phspBladesXrayWindow_w221.egsdat ncase=9100000        cpu=2546.17    
222 phspBladesXrayWindow_w222.egsdat ncase=9100000        cpu=2580.11    
223 phspBladesXrayWindow_w223.egsdat ncase=9100000        cpu=2571.30    
224 phspBladesXrayWindow_w224.egsdat ncase=9100000        cpu=2563.98    
225 phspBladesXrayWindow_w225.egsdat ncase=9100000        cpu=2637.97    
226 phspBladesXrayWindow_w226.egsdat ncase=9100000        cpu=2596.76    
227 phspBladesXrayWindow_w227.egsdat ncase=9100000        cpu=2642.45    
228 phspBladesXrayWindow_w228.egsdat ncase=9100000        cpu=2597.36    
229 phspBladesXrayWindow_w229.egsdat ncase=9100000        cpu=2600.05    
230 phspBladesXrayWindow_w230.egsdat ncase=9100000        cpu=2588.51    
231 phspBladesXrayWindow_w231.egsdat ncase=9100000        cpu=2584.57    
232 phspBladesXrayWindow_w232.egsdat ncase=9100000        cpu=2574.84    
233 phspBladesXrayWindow_w233.egsdat ncase=9100000        cpu=2599.12    
234 phspBladesXrayWindow_w234.egsdat ncase=9100000        cpu=2593.34    
235 phspBladesXrayWindow_w235.egsdat ncase=9100000        cpu=2582.70    
236 phspBladesXrayWindow_w236.egsdat ncase=9100000        cpu=2602.16    
237 phspBladesXrayWindow_w237.egsdat ncase=9100000        cpu=2619.21    
238 phspBladesXrayWindow_w238.egsdat ncase=9100000        cpu=2593.63    
239 phspBladesXrayWindow_w239.egsdat ncase=9100000        cpu=2588.03    
240 phspBladesXrayWindow_w240.egsdat ncase=9100000        cpu=2579.81    
241 phspBladesXrayWindow_w241.egsdat ncase=9100000        cpu=2595.60    
242 phspBladesXrayWindow_w242.egsdat ncase=9100000        cpu=2578.16    
243 phspBladesXrayWindow_w243.egsdat ncase=9100000        cpu=2598.85    
244 phspBladesXrayWindow_w244.egsdat ncase=9100000        cpu=2596.41    
245 phspBladesXrayWindow_w245.egsdat ncase=7800000        cpu=2299.81    
246 phspBladesXrayWindow_w246.egsdat ncase=7800000        cpu=2296.91    
247 phspBladesXrayWindow_w247.egsdat ncase=7800000        cpu=2273.82    
248 phspBladesXrayWindow_w248.egsdat ncase=7800000        cpu=2272.26    
249 phspBladesXrayWindow_w249.egsdat ncase=7800000        cpu=2274.68    
250 phspBladesXrayWindow_w250.egsdat ncase=7800000        cpu=2262.05    
251 phspBladesXrayWindow_w251.egsdat ncase=13000000       cpu=3623.76    
252 phspBladesXrayWindow_w252.egsdat ncase=13000000       cpu=3622.86    
253 phspBladesXrayWindow_w253.egsdat ncase=13000000       cpu=3649.20    
254 phspBladesXrayWindow_w254.egsdat ncase=13000000       cpu=3623.25    
255 phspBladesXrayWindow_w255.egsdat ncase=13000000       cpu=3663.81    
256 phspBladesXrayWindow_w256.egsdat ncase=13000000       cpu=3630.45    
257 phspBladesXrayWindow_w257.egsdat ncase=13000000       cpu=3615.34    
258 phspBladesXrayWindow_w258.egsdat ncase=13000000       cpu=3603.04    
259 phspBladesXrayWindow_w259.egsdat ncase=13000000       cpu=3627.65    
260 phspBladesXrayWindow_w260.egsdat ncase=13000000       cpu=3640.91    
261 phspBladesXrayWindow_w261.egsdat ncase=13000000       cpu=3631.13    
262 phspBladesXrayWindow_w262.egsdat ncase=13000000       cpu=3682.02    
263 phspBladesXrayWindow_w263.egsdat ncase=13000000       cpu=3629.50    
264 phspBladesXrayWindow_w264.egsdat ncase=13000000       cpu=3628.85    
265 phspBladesXrayWindow_w265.egsdat ncase=13000000       cpu=3650.32    
266 phspBladesXrayWindow_w266.egsdat ncase=13000000       cpu=3622.61    
267 phspBladesXrayWindow_w267.egsdat ncase=13000000       cpu=3647.33    
268 phspBladesXrayWindow_w268.egsdat ncase=13000000       cpu=3641.33    
269 phspBladesXrayWindow_w269.egsdat ncase=13000000       cpu=3610.77    
270 phspBladesXrayWindow_w270.egsdat ncase=13000000       cpu=3617.18    
271 phspBladesXrayWindow_w271.egsdat ncase=13000000       cpu=3658.94    
272 phspBladesXrayWindow_w272.egsdat ncase=13000000       cpu=3733.69    
273 phspBladesXrayWindow_w273.egsdat ncase=13000000       cpu=3590.69    
274 phspBladesXrayWindow_w274.egsdat ncase=13000000       cpu=3706.48    
275 phspBladesXrayWindow_w275.egsdat ncase=13000000       cpu=3645.26    
276 phspBladesXrayWindow_w276.egsdat ncase=13000000       cpu=3683.24    
277 phspBladesXrayWindow_w277.egsdat ncase=13000000       cpu=3651.88    
278 phspBladesXrayWindow_w278.egsdat ncase=13000000       cpu=3632.45    
279 phspBladesXrayWindow_w279.egsdat ncase=13000000       cpu=3653.64    
280 phspBladesXrayWindow_w280.egsdat ncase=13000000       cpu=3652.17    
281 phspBladesXrayWindow_w281.egsdat ncase=13000000       cpu=3611.97    
282 phspBladesXrayWindow_w282.egsdat ncase=13000000       cpu=3637.18    
283 phspBladesXrayWindow_w283.egsdat ncase=13000000       cpu=3610.89    
284 phspBladesXrayWindow_w284.egsdat ncase=13000000       cpu=3632.65    
285 phspBladesXrayWindow_w285.egsdat ncase=13000000       cpu=3628.31    
286 phspBladesXrayWindow_w286.egsdat ncase=13000000       cpu=3632.31    
287 phspBladesXrayWindow_w287.egsdat ncase=13000000       cpu=3635.07    
288 phspBladesXrayWindow_w288.egsdat ncase=13000000       cpu=3584.93    
289 phspBladesXrayWindow_w289.egsdat ncase=13000000       cpu=3601.01    
290 phspBladesXrayWindow_w290.egsdat ncase=13000000       cpu=3640.80    
291 phspBladesXrayWindow_w291.egsdat ncase=13000000       cpu=3629.39    
292 phspBladesXrayWindow_w292.egsdat ncase=13000000       cpu=3605.58    
293 phspBladesXrayWindow_w293.egsdat ncase=13000000       cpu=3638.62    
294 phspBladesXrayWindow_w294.egsdat ncase=13000000       cpu=3612.88    
295 phspBladesXrayWindow_w295.egsdat ncase=13000000       cpu=3614.75    
296 phspBladesXrayWindow_w296.egsdat ncase=13000000       cpu=3598.03    
297 phspBladesXrayWindow_w297.egsdat ncase=13000000       cpu=3613.09    
298 phspBladesXrayWindow_w298.egsdat ncase=13000000       cpu=3602.14    
299 phspBladesXrayWindow_w299.egsdat ncase=13000000       cpu=3615.22    
300 phspBladesXrayWindow_w300.egsdat ncase=13000000       cpu=3640.64    
301 phspBladesXrayWindow_w301.egsdat ncase=13000000       cpu=3608.11    
302 phspBladesXrayWindow_w302.egsdat ncase=13000000       cpu=3603.24    
303 phspBladesXrayWindow_w303.egsdat ncase=13000000       cpu=3630.82    
304 phspBladesXrayWindow_w304.egsdat ncase=13000000       cpu=3603.90    
305 phspBladesXrayWindow_w305.egsdat ncase=13000000       cpu=3609.77    
306 phspBladesXrayWindow_w306.egsdat ncase=13000000       cpu=3633.70    
307 phspBladesXrayWindow_w307.egsdat ncase=13000000       cpu=3644.73    
308 phspBladesXrayWindow_w308.egsdat ncase=13000000       cpu=3617.30    
309 phspBladesXrayWindow_w309.egsdat ncase=13000000       cpu=3692.82    
310 phspBladesXrayWindow_w310.egsdat ncase=13000000       cpu=3669.06    
311 phspBladesXrayWindow_w311.egsdat ncase=13000000       cpu=3617.08    
312 phspBladesXrayWindow_w312.egsdat ncase=13000000       cpu=3634.46    
313 phspBladesXrayWindow_w313.egsdat ncase=13000000       cpu=3606.62    
314 phspBladesXrayWindow_w314.egsdat ncase=13000000       cpu=3634.57    
315 phspBladesXrayWindow_w315.egsdat ncase=13000000       cpu=3604.06    
316 phspBladesXrayWindow_w316.egsdat ncase=13000000       cpu=3606.89    
317 phspBladesXrayWindow_w317.egsdat ncase=13000000       cpu=3603.27    
318 phspBladesXrayWindow_w318.egsdat ncase=13000000       cpu=3632.81    
319 phspBladesXrayWindow_w319.egsdat ncase=13000000       cpu=3642.64    
320 phspBladesXrayWindow_w320.egsdat ncase=13000000       cpu=3608.17    
321 phspBladesXrayWindow_w321.egsdat ncase=13000000       cpu=3584.08    
322 phspBladesXrayWindow_w322.egsdat ncase=13000000       cpu=3594.02    
323 phspBladesXrayWindow_w323.egsdat ncase=13000000       cpu=3681.98    
324 phspBladesXrayWindow_w324.egsdat ncase=13000000       cpu=3599.90    
325 phspBladesXrayWindow_w325.egsdat ncase=13000000       cpu=3622.89    
326 phspBladesXrayWindow_w326.egsdat ncase=13000000       cpu=3613.59    
327 phspBladesXrayWindow_w327.egsdat ncase=13000000       cpu=3608.28    
328 phspBladesXrayWindow_w328.egsdat ncase=13000000       cpu=3574.63    
329 phspBladesXrayWindow_w329.egsdat ncase=13000000       cpu=3599.11    
330 phspBladesXrayWindow_w330.egsdat ncase=13000000       cpu=3601.05    
331 phspBladesXrayWindow_w331.egsdat ncase=7800000        cpu=2281.87    
332 phspBladesXrayWindow_w332.egsdat ncase=7800000        cpu=2280.36    
333 phspBladesXrayWindow_w333.egsdat ncase=7800000        cpu=2281.47    
334 phspBladesXrayWindow_w334.egsdat ncase=7800000        cpu=2307.18    
335 phspBladesXrayWindow_w335.egsdat ncase=7800000        cpu=2286.23    
336 phspBladesXrayWindow_w336.egsdat ncase=7800000        cpu=2263.19    
337 phspBladesXrayWindow_w337.egsdat ncase=7800000        cpu=2289.28    
338 phspBladesXrayWindow_w338.egsdat ncase=7800000        cpu=2299.68    
339 phspBladesXrayWindow_w339.egsdat ncase=7800000        cpu=2268.69    
340 phspBladesXrayWindow_w340.egsdat ncase=7800000        cpu=2261.40    
341 phspBladesXrayWindow_w341.egsdat ncase=7800000        cpu=2268.63    
342 phspBladesXrayWindow_w342.egsdat ncase=7800000        cpu=2293.48    
343 phspBladesXrayWindow_w343.egsdat ncase=7800000        cpu=2279.47    
344 phspBladesXrayWindow_w344.egsdat ncase=7800000        cpu=2272.56    
345 phspBladesXrayWindow_w345.egsdat ncase=7800000        cpu=2416.77    
346 phspBladesXrayWindow_w346.egsdat ncase=7800000        cpu=2228.47    
347 phspBladesXrayWindow_w347.egsdat ncase=7800000        cpu=2202.72    
348 phspBladesXrayWindow_w348.egsdat ncase=7800000        cpu=2207.90    
349 phspBladesXrayWindow_w349.egsdat ncase=7800000        cpu=2218.82    
350 phspBladesXrayWindow_w350.egsdat ncase=7800000        cpu=2220.07    
351 phspBladesXrayWindow_w351.egsdat ncase=7800000        cpu=2214.33    
352 phspBladesXrayWindow_w352.egsdat ncase=7800000        cpu=2206.05    
353 phspBladesXrayWindow_w353.egsdat ncase=9100000        cpu=2526.31    
354 phspBladesXrayWindow_w354.egsdat ncase=9100000        cpu=2525.53    
355 phspBladesXrayWindow_w355.egsdat ncase=7800000        cpu=2214.41    
356 phspBladesXrayWindow_w356.egsdat ncase=7800000        cpu=2212.07    
357 phspBladesXrayWindow_w357.egsdat ncase=7800000        cpu=2234.25    
358 phspBladesXrayWindow_w358.egsdat ncase=9100000        cpu=2522.28    
359 phspBladesXrayWindow_w359.egsdat ncase=7800000        cpu=2207.84    
360 phspBladesXrayWindow_w360.egsdat ncase=7800000        cpu=2242.69    
361 phspBladesXrayWindow_w361.egsdat ncase=9100000        cpu=2518.48    
362 phspBladesXrayWindow_w362.egsdat ncase=7800000        cpu=2222.00    
363 phspBladesXrayWindow_w363.egsdat ncase=7800000        cpu=2216.36    
364 phspBladesXrayWindow_w364.egsdat ncase=7800000        cpu=2240.22    
365 phspBladesXrayWindow_w365.egsdat ncase=9100000        cpu=2295.77    
366 phspBladesXrayWindow_w366.egsdat ncase=9100000        cpu=2280.10    
367 phspBladesXrayWindow_w367.egsdat ncase=9100000        cpu=2292.54    
368 phspBladesXrayWindow_w368.egsdat ncase=9100000        cpu=2291.83    
369 phspBladesXrayWindow_w369.egsdat ncase=9100000        cpu=2307.15    
370 phspBladesXrayWindow_w370.egsdat ncase=9100000        cpu=2284.37    
371 phspBladesXrayWindow_w371.egsdat ncase=10400000       cpu=3464.56    
372 phspBladesXrayWindow_w372.egsdat ncase=10400000       cpu=3298.83    
373 phspBladesXrayWindow_w373.egsdat ncase=10400000       cpu=3286.34    
374 phspBladesXrayWindow_w374.egsdat ncase=10400000       cpu=3264.19    
375 phspBladesXrayWindow_w375.egsdat ncase=10400000       cpu=3269.22    
376 phspBladesXrayWindow_w376.egsdat ncase=10400000       cpu=3281.95    
377 phspBladesXrayWindow_w377.egsdat ncase=10400000       cpu=3267.42    
378 phspBladesXrayWindow_w378.egsdat ncase=10400000       cpu=3311.48    
379 phspBladesXrayWindow_w379.egsdat ncase=10400000       cpu=3268.93    
380 phspBladesXrayWindow_w380.egsdat ncase=10400000       cpu=3319.02    
381 phspBladesXrayWindow_w381.egsdat ncase=10400000       cpu=3321.54    
382 phspBladesXrayWindow_w382.egsdat ncase=10400000       cpu=3291.61    
383 phspBladesXrayWindow_w383.egsdat ncase=10400000       cpu=3294.98    
384 phspBladesXrayWindow_w384.egsdat ncase=10400000       cpu=3268.66    
385 phspBladesXrayWindow_w385.egsdat ncase=10400000       cpu=3287.76    
386 phspBladesXrayWindow_w386.egsdat ncase=10400000       cpu=3336.00    
387 phspBladesXrayWindow_w387.egsdat ncase=10400000       cpu=3277.59    
388 phspBladesXrayWindow_w388.egsdat ncase=10400000       cpu=3269.35    
389 phspBladesXrayWindow_w389.egsdat ncase=10400000       cpu=3278.83    
390 phspBladesXrayWindow_w390.egsdat ncase=10400000       cpu=3324.57    
391 phspBladesXrayWindow_w391.egsdat ncase=10400000       cpu=3306.94    
392 phspBladesXrayWindow_w392.egsdat ncase=10400000       cpu=3253.93    
393 phspBladesXrayWindow_w393.egsdat ncase=10400000       cpu=3328.14    
394 phspBladesXrayWindow_w394.egsdat ncase=10400000       cpu=3287.82    
395 phspBladesXrayWindow_w395.egsdat ncase=10400000       cpu=3359.36    
396 phspBladesXrayWindow_w396.egsdat ncase=10400000       cpu=3320.41    
397 phspBladesXrayWindow_w397.egsdat ncase=10400000       cpu=3359.72    
398 phspBladesXrayWindow_w398.egsdat ncase=10400000       cpu=3342.11    
399 phspBladesXrayWindow_w399.egsdat ncase=10400000       cpu=3341.41    
400 phspBladesXrayWindow_w400.egsdat ncase=10400000       cpu=3313.57    
401 phspBladesXrayWindow_w401.egsdat ncase=10400000       cpu=3346.76    
402 phspBladesXrayWindow_w402.egsdat ncase=10400000       cpu=3320.26    
403 phspBladesXrayWindow_w403.egsdat ncase=10400000       cpu=3338.69    
404 phspBladesXrayWindow_w404.egsdat ncase=10400000       cpu=3318.37    
405 phspBladesXrayWindow_w405.egsdat ncase=10400000       cpu=3378.75    
406 phspBladesXrayWindow_w406.egsdat ncase=10400000       cpu=3356.37    
407 phspBladesXrayWindow_w407.egsdat ncase=10400000       cpu=3288.98    
408 phspBladesXrayWindow_w408.egsdat ncase=11700000       cpu=3670.87    
409 phspBladesXrayWindow_w409.egsdat ncase=11700000       cpu=3685.62    
410 phspBladesXrayWindow_w410.egsdat ncase=10400000       cpu=3304.69    
411 phspBladesXrayWindow_w411.egsdat ncase=11700000       cpu=3653.52    
412 phspBladesXrayWindow_w412.egsdat ncase=11700000       cpu=3689.43    
413 phspBladesXrayWindow_w413.egsdat ncase=11700000       cpu=3689.86    
414 phspBladesXrayWindow_w414.egsdat ncase=11700000       cpu=3662.38    
415 phspBladesXrayWindow_w415.egsdat ncase=11700000       cpu=3669.82    
416 phspBladesXrayWindow_w416.egsdat ncase=11700000       cpu=3710.49    
417 phspBladesXrayWindow_w417.egsdat ncase=11700000       cpu=3663.01    
418 phspBladesXrayWindow_w418.egsdat ncase=11700000       cpu=3704.95    
419 phspBladesXrayWindow_w419.egsdat ncase=10400000       cpu=3266.81    
420 phspBladesXrayWindow_w420.egsdat ncase=10400000       cpu=3298.25    
421 phspBladesXrayWindow_w421.egsdat ncase=10400000       cpu=3298.19    
422 phspBladesXrayWindow_w422.egsdat ncase=10400000       cpu=3272.99    
423 phspBladesXrayWindow_w423.egsdat ncase=10400000       cpu=3292.48    
424 phspBladesXrayWindow_w424.egsdat ncase=10400000       cpu=3317.79    
425 phspBladesXrayWindow_w425.egsdat ncase=10400000       cpu=3274.13    
426 phspBladesXrayWindow_w426.egsdat ncase=10400000       cpu=3307.30    
427 phspBladesXrayWindow_w427.egsdat ncase=10400000       cpu=3308.37    
428 phspBladesXrayWindow_w428.egsdat ncase=10400000       cpu=3271.43    
429 phspBladesXrayWindow_w429.egsdat ncase=10400000       cpu=3294.08    
430 phspBladesXrayWindow_w430.egsdat ncase=10400000       cpu=3284.19    
431 phspBladesXrayWindow_w431.egsdat ncase=10400000       cpu=3317.04    
432 phspBladesXrayWindow_w432.egsdat ncase=10400000       cpu=3295.19    
433 phspBladesXrayWindow_w433.egsdat ncase=10400000       cpu=3263.47    
434 phspBladesXrayWindow_w434.egsdat ncase=10400000       cpu=3259.36    
435 phspBladesXrayWindow_w435.egsdat ncase=10400000       cpu=3313.78    
436 phspBladesXrayWindow_w436.egsdat ncase=10400000       cpu=3279.75    
437 phspBladesXrayWindow_w437.egsdat ncase=10400000       cpu=3331.15    
438 phspBladesXrayWindow_w438.egsdat ncase=10400000       cpu=3264.10    
439 phspBladesXrayWindow_w439.egsdat ncase=10400000       cpu=3279.63    
440 phspBladesXrayWindow_w440.egsdat ncase=10400000       cpu=3269.22    
441 phspBladesXrayWindow_w441.egsdat ncase=10400000       cpu=3288.61    
442 phspBladesXrayWindow_w442.egsdat ncase=10400000       cpu=3295.86    
443 phspBladesXrayWindow_w443.egsdat ncase=10400000       cpu=3344.83    
444 phspBladesXrayWindow_w444.egsdat ncase=10400000       cpu=3309.44    
445 phspBladesXrayWindow_w445.egsdat ncase=10400000       cpu=3537.01    
446 phspBladesXrayWindow_w446.egsdat ncase=10400000       cpu=3317.78    
447 phspBladesXrayWindow_w447.egsdat ncase=10400000       cpu=3301.38    
448 phspBladesXrayWindow_w448.egsdat ncase=10400000       cpu=3332.84    
449 phspBladesXrayWindow_w449.egsdat ncase=10400000       cpu=3289.79    
450 phspBladesXrayWindow_w450.egsdat ncase=10400000       cpu=3297.11    
451 phspBladesXrayWindow_w451.egsdat ncase=11700000       cpu=3647.88    
452 phspBladesXrayWindow_w452.egsdat ncase=10400000       cpu=3332.92    
453 phspBladesXrayWindow_w453.egsdat ncase=10400000       cpu=3285.33    
454 phspBladesXrayWindow_w454.egsdat ncase=10400000       cpu=3327.20    
455 phspBladesXrayWindow_w455.egsdat ncase=10400000       cpu=3336.88    
456 phspBladesXrayWindow_w456.egsdat ncase=10400000       cpu=3286.24    
457 phspBladesXrayWindow_w457.egsdat ncase=10400000       cpu=3298.88    
458 phspBladesXrayWindow_w458.egsdat ncase=10400000       cpu=3281.54    
459 phspBladesXrayWindow_w459.egsdat ncase=10400000       cpu=3298.26    
460 phspBladesXrayWindow_w460.egsdat ncase=11700000       cpu=3659.85    
461 phspBladesXrayWindow_w461.egsdat ncase=10400000       cpu=3324.18    
462 phspBladesXrayWindow_w462.egsdat ncase=10400000       cpu=3306.70    
463 phspBladesXrayWindow_w463.egsdat ncase=11700000       cpu=3657.53    
464 phspBladesXrayWindow_w464.egsdat ncase=10400000       cpu=3287.85    
465 phspBladesXrayWindow_w465.egsdat ncase=11700000       cpu=3664.93    
466 phspBladesXrayWindow_w466.egsdat ncase=10400000       cpu=3289.33    
467 phspBladesXrayWindow_w467.egsdat ncase=18200000       cpu=3382.43    
468 phspBladesXrayWindow_w468.egsdat ncase=18200000       cpu=3375.92    
469 phspBladesXrayWindow_w469.egsdat ncase=18200000       cpu=3385.93    
470 phspBladesXrayWindow_w470.egsdat ncase=18200000       cpu=3385.33    
471 phspBladesXrayWindow_w471.egsdat ncase=18200000       cpu=3384.95    
472 phspBladesXrayWindow_w472.egsdat ncase=18200000       cpu=3376.31    
473 phspBladesXrayWindow_w473.egsdat ncase=18200000       cpu=3413.17    
474 phspBladesXrayWindow_w474.egsdat ncase=18200000       cpu=3391.84    
475 phspBladesXrayWindow_w475.egsdat ncase=18200000       cpu=3382.14    
476 phspBladesXrayWindow_w476.egsdat ncase=18200000       cpu=3386.95    
477 phspBladesXrayWindow_w477.egsdat ncase=18200000       cpu=3383.60    
478 phspBladesXrayWindow_w478.egsdat ncase=18200000       cpu=3377.45    
479 phspBladesXrayWindow_w479.egsdat ncase=18200000       cpu=3399.36    
480 phspBladesXrayWindow_w480.egsdat ncase=18200000       cpu=3402.24    
481 phspBladesXrayWindow_w481.egsdat ncase=18200000       cpu=3385.19    
482 phspBladesXrayWindow_w482.egsdat ncase=18200000       cpu=3380.12    
483 phspBladesXrayWindow_w483.egsdat ncase=18200000       cpu=3362.75    
484 phspBladesXrayWindow_w484.egsdat ncase=18200000       cpu=3393.01    
485 phspBladesXrayWindow_w485.egsdat ncase=18200000       cpu=3352.26    
486 phspBladesXrayWindow_w486.egsdat ncase=16900000       cpu=3251.40    
487 phspBladesXrayWindow_w487.egsdat ncase=18200000       cpu=3359.85    
488 phspBladesXrayWindow_w488.egsdat ncase=18200000       cpu=3405.46    
489 phspBladesXrayWindow_w489.egsdat ncase=18200000       cpu=3368.02    
490 phspBladesXrayWindow_w490.egsdat ncase=16900000       cpu=3200.09    
491 phspBladesXrayWindow_w491.egsdat ncase=18200000       cpu=3349.58    
492 phspBladesXrayWindow_w492.egsdat ncase=18200000       cpu=3412.73    
493 phspBladesXrayWindow_w493.egsdat ncase=16900000       cpu=3213.56    
494 phspBladesXrayWindow_w494.egsdat ncase=18200000       cpu=3364.33    
495 phspBladesXrayWindow_w495.egsdat ncase=18200000       cpu=3368.77    
496 phspBladesXrayWindow_w496.egsdat ncase=18200000       cpu=3366.54    
497 phspBladesXrayWindow_w497.egsdat ncase=18200000       cpu=3362.04    
498 phspBladesXrayWindow_w498.egsdat ncase=18200000       cpu=3366.61    
499 phspBladesXrayWindow_w499.egsdat ncase=18200000       cpu=3382.34    
500 phspBladesXrayWindow_w500.egsdat ncase=18200000       cpu=3375.67    
501 phspBladesXrayWindow_w501.egsdat ncase=18200000       cpu=3384.24    
502 phspBladesXrayWindow_w502.egsdat ncase=18200000       cpu=3375.31    
503 phspBladesXrayWindow_w503.egsdat ncase=16900000       cpu=3214.12    
504 phspBladesXrayWindow_w504.egsdat ncase=18200000       cpu=3378.83    
505 phspBladesXrayWindow_w505.egsdat ncase=18200000       cpu=3385.81    
506 phspBladesXrayWindow_w506.egsdat ncase=18200000       cpu=3374.55    
507 phspBladesXrayWindow_w507.egsdat ncase=18200000       cpu=3377.13    
508 phspBladesXrayWindow_w508.egsdat ncase=18200000       cpu=3373.13    
509 phspBladesXrayWindow_w509.egsdat ncase=16900000       cpu=3200.18    
510 phspBladesXrayWindow_w510.egsdat ncase=16900000       cpu=3176.05    
511 phspBladesXrayWindow_w511.egsdat ncase=18200000       cpu=3374.08    
512 phspBladesXrayWindow_w512.egsdat ncase=18200000       cpu=3381.72    
513 phspBladesXrayWindow_w513.egsdat ncase=18200000       cpu=3368.80    
514 phspBladesXrayWindow_w514.egsdat ncase=18200000       cpu=3370.05    
515 phspBladesXrayWindow_w515.egsdat ncase=18200000       cpu=3357.76    
516 phspBladesXrayWindow_w516.egsdat ncase=18200000       cpu=3365.89    
517 phspBladesXrayWindow_w517.egsdat ncase=18200000       cpu=3363.99    
518 phspBladesXrayWindow_w518.egsdat ncase=18200000       cpu=3348.47    
519 phspBladesXrayWindow_w519.egsdat ncase=18200000       cpu=3353.29    
520 phspBladesXrayWindow_w520.egsdat ncase=18200000       cpu=3361.51    
521 phspBladesXrayWindow_w521.egsdat ncase=18200000       cpu=3369.72    
522 phspBladesXrayWindow_w522.egsdat ncase=18200000       cpu=3364.38    
523 phspBladesXrayWindow_w523.egsdat ncase=16900000       cpu=3194.12    
524 phspBladesXrayWindow_w524.egsdat ncase=18200000       cpu=3355.80    
525 phspBladesXrayWindow_w525.egsdat ncase=18200000       cpu=3358.31    
526 phspBladesXrayWindow_w526.egsdat ncase=18200000       cpu=3353.40    
527 phspBladesXrayWindow_w527.egsdat ncase=18200000       cpu=3389.64    
528 phspBladesXrayWindow_w528.egsdat ncase=18200000       cpu=3368.94    
529 phspBladesXrayWindow_w529.egsdat ncase=18200000       cpu=3371.14    
530 phspBladesXrayWindow_w530.egsdat ncase=18200000       cpu=3361.44    
531 phspBladesXrayWindow_w531.egsdat ncase=16900000       cpu=3128.32    
532 phspBladesXrayWindow_w532.egsdat ncase=18200000       cpu=3361.39    
533 phspBladesXrayWindow_w533.egsdat ncase=18200000       cpu=3365.07    
534 phspBladesXrayWindow_w534.egsdat ncase=16900000       cpu=3138.66    
535 phspBladesXrayWindow_w535.egsdat ncase=16900000       cpu=3146.27    
536 phspBladesXrayWindow_w536.egsdat ncase=16900000       cpu=3143.12    
537 phspBladesXrayWindow_w537.egsdat ncase=18200000       cpu=3367.79    
538 phspBladesXrayWindow_w538.egsdat ncase=18200000       cpu=3371.32    
539 phspBladesXrayWindow_w539.egsdat ncase=16900000       cpu=3147.74    
540 phspBladesXrayWindow_w540.egsdat ncase=16900000       cpu=3141.17    
541 phspBladesXrayWindow_w541.egsdat ncase=16900000       cpu=3138.09    
542 phspBladesXrayWindow_w542.egsdat ncase=18200000       cpu=3367.23    
543 phspBladesXrayWindow_w543.egsdat ncase=16900000       cpu=3167.45    
544 phspBladesXrayWindow_w544.egsdat ncase=16900000       cpu=3142.89    
545 phspBladesXrayWindow_w545.egsdat ncase=16900000       cpu=3165.47    
546 phspBladesXrayWindow_w546.egsdat ncase=18200000       cpu=3360.94    
547 phspBladesXrayWindow_w547.egsdat ncase=18200000       cpu=3361.46    
548 phspBladesXrayWindow_w548.egsdat ncase=16900000       cpu=3155.12    
549 phspBladesXrayWindow_w549.egsdat ncase=16900000       cpu=3152.56    
550 phspBladesXrayWindow_w550.egsdat ncase=16900000       cpu=3140.29    
551 phspBladesXrayWindow_w551.egsdat ncase=18200000       cpu=3366.38    
552 phspBladesXrayWindow_w552.egsdat ncase=16900000       cpu=3133.32    
553 phspBladesXrayWindow_w553.egsdat ncase=16900000       cpu=3147.67    
554 phspBladesXrayWindow_w554.egsdat ncase=16900000       cpu=3243.81    
555 phspBladesXrayWindow_w555.egsdat ncase=18200000       cpu=3369.16    
556 phspBladesXrayWindow_w556.egsdat ncase=16900000       cpu=3135.90    
557 phspBladesXrayWindow_w557.egsdat ncase=18200000       cpu=3362.22    
558 phspBladesXrayWindow_w558.egsdat ncase=16900000       cpu=3129.83    
559 phspBladesXrayWindow_w559.egsdat ncase=18200000       cpu=3360.28    
560 phspBladesXrayWindow_w560.egsdat ncase=16900000       cpu=3152.55    
561 phspBladesXrayWindow_w561.egsdat ncase=18200000       cpu=3361.63    
562 phspBladesXrayWindow_w562.egsdat ncase=18200000       cpu=3367.06    
563 phspBladesXrayWindow_w563.egsdat ncase=14300000       cpu=3380.37    
564 phspBladesXrayWindow_w564.egsdat ncase=14300000       cpu=3371.66    
565 phspBladesXrayWindow_w565.egsdat ncase=14300000       cpu=3376.41    
566 phspBladesXrayWindow_w566.egsdat ncase=14300000       cpu=3371.93    
567 phspBladesXrayWindow_w567.egsdat ncase=14300000       cpu=3382.42    
568 phspBladesXrayWindow_w568.egsdat ncase=14300000       cpu=3409.34    
569 phspBladesXrayWindow_w569.egsdat ncase=14300000       cpu=3366.39    
570 phspBladesXrayWindow_w570.egsdat ncase=14300000       cpu=3386.53    
571 phspBladesXrayWindow_w571.egsdat ncase=14300000       cpu=3374.55    
572 phspBladesXrayWindow_w572.egsdat ncase=14300000       cpu=3359.67    
573 phspBladesXrayWindow_w573.egsdat ncase=13000000       cpu=3165.94    
574 phspBladesXrayWindow_w574.egsdat ncase=14300000       cpu=3371.95    
575 phspBladesXrayWindow_w575.egsdat ncase=14300000       cpu=3368.73    
576 phspBladesXrayWindow_w576.egsdat ncase=14300000       cpu=3366.23    
577 phspBladesXrayWindow_w577.egsdat ncase=14300000       cpu=3369.83    
578 phspBladesXrayWindow_w578.egsdat ncase=14300000       cpu=3383.69    
579 phspBladesXrayWindow_w579.egsdat ncase=14300000       cpu=3408.16    
580 phspBladesXrayWindow_w580.egsdat ncase=14300000       cpu=3367.32    
581 phspBladesXrayWindow_w581.egsdat ncase=14300000       cpu=3376.10    
582 phspBladesXrayWindow_w582.egsdat ncase=14300000       cpu=3378.15    
583 phspBladesXrayWindow_w583.egsdat ncase=14300000       cpu=3398.99    
584 phspBladesXrayWindow_w584.egsdat ncase=14300000       cpu=3364.70    
585 phspBladesXrayWindow_w585.egsdat ncase=14300000       cpu=3327.07    
586 phspBladesXrayWindow_w586.egsdat ncase=14300000       cpu=3329.16    
587 phspBladesXrayWindow_w587.egsdat ncase=14300000       cpu=3334.00    
588 phspBladesXrayWindow_w588.egsdat ncase=14300000       cpu=3354.37    
589 phspBladesXrayWindow_w589.egsdat ncase=14300000       cpu=3338.95    
590 phspBladesXrayWindow_w590.egsdat ncase=14300000       cpu=3325.58    
591 phspBladesXrayWindow_w591.egsdat ncase=14300000       cpu=3337.41    
592 phspBladesXrayWindow_w592.egsdat ncase=14300000       cpu=3333.97    
593 phspBladesXrayWindow_w593.egsdat ncase=14300000       cpu=3322.25    
594 phspBladesXrayWindow_w594.egsdat ncase=14300000       cpu=3326.84    
595 phspBladesXrayWindow_w595.egsdat ncase=14300000       cpu=3339.99    
596 phspBladesXrayWindow_w596.egsdat ncase=14300000       cpu=3330.97    
597 phspBladesXrayWindow_w597.egsdat ncase=14300000       cpu=3333.24    
598 phspBladesXrayWindow_w598.egsdat ncase=14300000       cpu=3330.44    
599 phspBladesXrayWindow_w599.egsdat ncase=14300000       cpu=3352.16    
600 phspBladesXrayWindow_w600.egsdat ncase=14300000       cpu=3326.63    
601 phspBladesXrayWindow_w601.egsdat ncase=14300000       cpu=3343.34    
602 phspBladesXrayWindow_w602.egsdat ncase=14300000       cpu=3333.35    
603 phspBladesXrayWindow_w603.egsdat ncase=14300000       cpu=3336.48    
604 phspBladesXrayWindow_w604.egsdat ncase=14300000       cpu=3333.73    
605 phspBladesXrayWindow_w605.egsdat ncase=14300000       cpu=3338.97    
606 phspBladesXrayWindow_w606.egsdat ncase=14300000       cpu=3333.18    
607 phspBladesXrayWindow_w607.egsdat ncase=14300000       cpu=3336.92    
608 phspBladesXrayWindow_w608.egsdat ncase=14300000       cpu=3332.66    
609 phspBladesXrayWindow_w609.egsdat ncase=14300000       cpu=3319.23    
610 phspBladesXrayWindow_w610.egsdat ncase=14300000       cpu=3319.06    
611 phspBladesXrayWindow_w611.egsdat ncase=14300000       cpu=3328.92    
612 phspBladesXrayWindow_w612.egsdat ncase=14300000       cpu=3329.63    
613 phspBladesXrayWindow_w613.egsdat ncase=14300000       cpu=3322.14    
614 phspBladesXrayWindow_w614.egsdat ncase=14300000       cpu=3335.14    
615 phspBladesXrayWindow_w615.egsdat ncase=14300000       cpu=3327.84    
616 phspBladesXrayWindow_w616.egsdat ncase=14300000       cpu=3337.72    
617 phspBladesXrayWindow_w617.egsdat ncase=13000000       cpu=3126.43    
618 phspBladesXrayWindow_w618.egsdat ncase=13000000       cpu=3124.20    
619 phspBladesXrayWindow_w619.egsdat ncase=13000000       cpu=3128.71    
620 phspBladesXrayWindow_w620.egsdat ncase=13000000       cpu=3128.25    
621 phspBladesXrayWindow_w621.egsdat ncase=13000000       cpu=3131.83    
622 phspBladesXrayWindow_w622.egsdat ncase=13000000       cpu=3123.55    
623 phspBladesXrayWindow_w623.egsdat ncase=13000000       cpu=3149.17    
624 phspBladesXrayWindow_w624.egsdat ncase=13000000       cpu=3130.73    
625 phspBladesXrayWindow_w625.egsdat ncase=13000000       cpu=3121.93    
626 phspBladesXrayWindow_w626.egsdat ncase=13000000       cpu=3126.36    
627 phspBladesXrayWindow_w627.egsdat ncase=13000000       cpu=3163.53    
628 phspBladesXrayWindow_w628.egsdat ncase=13000000       cpu=3127.88    
629 phspBladesXrayWindow_w629.egsdat ncase=13000000       cpu=3135.44    
630 phspBladesXrayWindow_w630.egsdat ncase=13000000       cpu=3124.40    
631 phspBladesXrayWindow_w631.egsdat ncase=13000000       cpu=3129.80    
632 phspBladesXrayWindow_w632.egsdat ncase=13000000       cpu=3128.62    
633 phspBladesXrayWindow_w633.egsdat ncase=13000000       cpu=3126.31    
634 phspBladesXrayWindow_w634.egsdat ncase=13000000       cpu=3144.91    
635 phspBladesXrayWindow_w635.egsdat ncase=13000000       cpu=3124.04    
636 phspBladesXrayWindow_w636.egsdat ncase=13000000       cpu=3129.77    
637 phspBladesXrayWindow_w637.egsdat ncase=13000000       cpu=3129.12    
638 phspBladesXrayWindow_w638.egsdat ncase=13000000       cpu=3131.63    
639 phspBladesXrayWindow_w639.egsdat ncase=13000000       cpu=3137.70    
640 phspBladesXrayWindow_w640.egsdat ncase=13000000       cpu=3128.66    
641 phspBladesXrayWindow_w641.egsdat ncase=13000000       cpu=3127.74    
642 phspBladesXrayWindow_w642.egsdat ncase=13000000       cpu=3127.09    
643 phspBladesXrayWindow_w643.egsdat ncase=13000000       cpu=3127.54    
644 phspBladesXrayWindow_w644.egsdat ncase=13000000       cpu=3129.65    
645 phspBladesXrayWindow_w645.egsdat ncase=13000000       cpu=3131.16    
646 phspBladesXrayWindow_w646.egsdat ncase=13000000       cpu=3123.21    
647 phspBladesXrayWindow_w647.egsdat ncase=13000000       cpu=3127.15    
648 phspBladesXrayWindow_w648.egsdat ncase=13000000       cpu=3120.48    
649 phspBladesXrayWindow_w649.egsdat ncase=13000000       cpu=3147.55    
650 phspBladesXrayWindow_w650.egsdat ncase=13000000       cpu=3149.34    
651 phspBladesXrayWindow_w651.egsdat ncase=13000000       cpu=3149.09    
652 phspBladesXrayWindow_w652.egsdat ncase=13000000       cpu=3187.57    
653 phspBladesXrayWindow_w653.egsdat ncase=13000000       cpu=3155.79    
654 phspBladesXrayWindow_w654.egsdat ncase=13000000       cpu=3148.65    
655 phspBladesXrayWindow_w655.egsdat ncase=13000000       cpu=3155.73    
656 phspBladesXrayWindow_w656.egsdat ncase=13000000       cpu=3187.64    
657 phspBladesXrayWindow_w657.egsdat ncase=13000000       cpu=3146.44    
658 phspBladesXrayWindow_w658.egsdat ncase=13000000       cpu=3161.29    
659 phspBladesXrayWindow_w659.egsdat ncase=13000000       cpu=3149.94    
660 phspBladesXrayWindow_w660.egsdat ncase=13000000       cpu=3153.86    
661 phspBladesXrayWindow_w661.egsdat ncase=13000000       cpu=3151.27    
662 phspBladesXrayWindow_w662.egsdat ncase=13000000       cpu=3166.40    
663 phspBladesXrayWindow_w663.egsdat ncase=13000000       cpu=3145.22    
664 phspBladesXrayWindow_w664.egsdat ncase=13000000       cpu=3148.21    
665 phspBladesXrayWindow_w665.egsdat ncase=13000000       cpu=3148.83    
666 phspBladesXrayWindow_w666.egsdat ncase=13000000       cpu=3166.60    
667 phspBladesXrayWindow_w667.egsdat ncase=13000000       cpu=3155.30    
668 phspBladesXrayWindow_w668.egsdat ncase=13000000       cpu=3161.06    
669 phspBladesXrayWindow_w669.egsdat ncase=13000000       cpu=3153.09    
670 phspBladesXrayWindow_w670.egsdat ncase=13000000       cpu=3155.77    
671 phspBladesXrayWindow_w671.egsdat ncase=13000000       cpu=3152.29    
672 phspBladesXrayWindow_w672.egsdat ncase=13000000       cpu=3142.67    
673 phspBladesXrayWindow_w673.egsdat ncase=13000000       cpu=3202.22    
674 phspBladesXrayWindow_w674.egsdat ncase=13000000       cpu=3170.13    
675 phspBladesXrayWindow_w675.egsdat ncase=13000000       cpu=3148.96    
676 phspBladesXrayWindow_w676.egsdat ncase=13000000       cpu=3147.07    
677 phspBladesXrayWindow_w677.egsdat ncase=13000000       cpu=3152.78    
678 phspBladesXrayWindow_w678.egsdat ncase=13000000       cpu=3184.73    
679 phspBladesXrayWindow_w679.egsdat ncase=13000000       cpu=3147.19    
680 phspBladesXrayWindow_w680.egsdat ncase=13000000       cpu=3150.51    
681 phspBladesXrayWindow_w681.egsdat ncase=13000000       cpu=3131.52    
682 phspBladesXrayWindow_w682.egsdat ncase=13000000       cpu=3130.60    
683 phspBladesXrayWindow_w683.egsdat ncase=13000000       cpu=3139.78    
684 phspBladesXrayWindow_w684.egsdat ncase=13000000       cpu=3145.50    
685 phspBladesXrayWindow_w685.egsdat ncase=13000000       cpu=3134.31    
686 phspBladesXrayWindow_w686.egsdat ncase=13000000       cpu=3126.90    
687 phspBladesXrayWindow_w687.egsdat ncase=13000000       cpu=3132.49    
688 phspBladesXrayWindow_w688.egsdat ncase=13000000       cpu=3134.63    
689 phspBladesXrayWindow_w689.egsdat ncase=13000000       cpu=3147.37    
690 phspBladesXrayWindow_w690.egsdat ncase=13000000       cpu=3147.22    
691 phspBladesXrayWindow_w691.egsdat ncase=13000000       cpu=3128.22    
692 phspBladesXrayWindow_w692.egsdat ncase=13000000       cpu=3130.47    
693 phspBladesXrayWindow_w693.egsdat ncase=13000000       cpu=3130.87    
694 phspBladesXrayWindow_w694.egsdat ncase=13000000       cpu=3129.72    
695 phspBladesXrayWindow_w695.egsdat ncase=13000000       cpu=3133.22    
696 phspBladesXrayWindow_w696.egsdat ncase=13000000       cpu=3131.03    
697 phspBladesXrayWindow_w697.egsdat ncase=13000000       cpu=3133.79    
698 phspBladesXrayWindow_w698.egsdat ncase=13000000       cpu=3149.06    
699 phspBladesXrayWindow_w699.egsdat ncase=13000000       cpu=3132.26    
700 phspBladesXrayWindow_w700.egsdat ncase=13000000       cpu=3133.73    
701 phspBladesXrayWindow_w701.egsdat ncase=13000000       cpu=3129.14    
702 phspBladesXrayWindow_w702.egsdat ncase=13000000       cpu=3128.22    
703 phspBladesXrayWindow_w703.egsdat ncase=13000000       cpu=3146.46    
704 phspBladesXrayWindow_w704.egsdat ncase=13000000       cpu=3133.75    
705 phspBladesXrayWindow_w705.egsdat ncase=13000000       cpu=3148.60    
706 phspBladesXrayWindow_w706.egsdat ncase=13000000       cpu=3127.10    
707 phspBladesXrayWindow_w707.egsdat ncase=13000000       cpu=3213.84    
708 phspBladesXrayWindow_w708.egsdat ncase=13000000       cpu=3137.50    
709 phspBladesXrayWindow_w709.egsdat ncase=13000000       cpu=3134.16    
710 phspBladesXrayWindow_w710.egsdat ncase=13000000       cpu=3130.19    
711 phspBladesXrayWindow_w711.egsdat ncase=13000000       cpu=3125.67    
712 phspBladesXrayWindow_w712.egsdat ncase=13000000       cpu=3131.33    
713 phspBladesXrayWindow_w713.egsdat ncase=13000000       cpu=3186.34    
714 phspBladesXrayWindow_w714.egsdat ncase=13000000       cpu=3177.08    
715 phspBladesXrayWindow_w715.egsdat ncase=13000000       cpu=3188.89    
716 phspBladesXrayWindow_w716.egsdat ncase=13000000       cpu=3188.41    
717 phspBladesXrayWindow_w717.egsdat ncase=13000000       cpu=3196.54    
718 phspBladesXrayWindow_w718.egsdat ncase=13000000       cpu=3187.29    
719 phspBladesXrayWindow_w719.egsdat ncase=13000000       cpu=3181.94    
720 phspBladesXrayWindow_w720.egsdat ncase=13000000       cpu=3176.81    
721 phspBladesXrayWindow_w721.egsdat ncase=13000000       cpu=3174.49    
722 phspBladesXrayWindow_w722.egsdat ncase=13000000       cpu=3190.17    
723 phspBladesXrayWindow_w723.egsdat ncase=13000000       cpu=3178.87    
724 phspBladesXrayWindow_w724.egsdat ncase=13000000       cpu=3249.59    
725 phspBladesXrayWindow_w725.egsdat ncase=13000000       cpu=3183.47    
726 phspBladesXrayWindow_w726.egsdat ncase=13000000       cpu=3208.07    
727 phspBladesXrayWindow_w727.egsdat ncase=13000000       cpu=3177.76    
728 phspBladesXrayWindow_w728.egsdat ncase=13000000       cpu=3193.30    
729 phspBladesXrayWindow_w729.egsdat ncase=13000000       cpu=3180.69    
730 phspBladesXrayWindow_w730.egsdat ncase=13000000       cpu=3177.33    
731 phspBladesXrayWindow_w731.egsdat ncase=13000000       cpu=3195.44    
732 phspBladesXrayWindow_w732.egsdat ncase=13000000       cpu=3265.35    
733 phspBladesXrayWindow_w733.egsdat ncase=13000000       cpu=3181.56    
734 phspBladesXrayWindow_w734.egsdat ncase=13000000       cpu=3177.41    
735 phspBladesXrayWindow_w735.egsdat ncase=13000000       cpu=3198.67    
736 phspBladesXrayWindow_w736.egsdat ncase=13000000       cpu=3216.60    
737 phspBladesXrayWindow_w737.egsdat ncase=13000000       cpu=3188.99    
738 phspBladesXrayWindow_w738.egsdat ncase=13000000       cpu=3174.31    
739 phspBladesXrayWindow_w739.egsdat ncase=13000000       cpu=3178.50    
740 phspBladesXrayWindow_w740.egsdat ncase=13000000       cpu=3183.96    
741 phspBladesXrayWindow_w741.egsdat ncase=13000000       cpu=3192.42    
742 phspBladesXrayWindow_w742.egsdat ncase=13000000       cpu=3184.35    
743 phspBladesXrayWindow_w743.egsdat ncase=13000000       cpu=3180.85    
744 phspBladesXrayWindow_w744.egsdat ncase=13000000       cpu=3189.58    
745 phspBladesXrayWindow_w745.egsdat ncase=11700000       cpu=3316.58    
746 phspBladesXrayWindow_w746.egsdat ncase=11700000       cpu=3343.21    
747 phspBladesXrayWindow_w747.egsdat ncase=11700000       cpu=3328.28    
748 phspBladesXrayWindow_w748.egsdat ncase=11700000       cpu=3340.32    
749 phspBladesXrayWindow_w749.egsdat ncase=11700000       cpu=3307.57    
750 phspBladesXrayWindow_w750.egsdat ncase=11700000       cpu=3301.51    
751 phspBladesXrayWindow_w751.egsdat ncase=11700000       cpu=3321.17    
752 phspBladesXrayWindow_w752.egsdat ncase=11700000       cpu=3313.67    
753 phspBladesXrayWindow_w753.egsdat ncase=10400000       cpu=3037.87    
754 phspBladesXrayWindow_w754.egsdat ncase=11700000       cpu=3296.02    
755 phspBladesXrayWindow_w755.egsdat ncase=11700000       cpu=3284.05    
756 phspBladesXrayWindow_w756.egsdat ncase=11700000       cpu=3320.19    
757 phspBladesXrayWindow_w757.egsdat ncase=10400000       cpu=3021.20    
758 phspBladesXrayWindow_w758.egsdat ncase=10400000       cpu=3028.18    
759 phspBladesXrayWindow_w759.egsdat ncase=11700000       cpu=3297.02    
760 phspBladesXrayWindow_w760.egsdat ncase=11700000       cpu=3325.55    
761 phspBladesXrayWindow_w761.egsdat ncase=10400000       cpu=3008.39    
762 phspBladesXrayWindow_w762.egsdat ncase=11700000       cpu=3308.51    
763 phspBladesXrayWindow_w763.egsdat ncase=11700000       cpu=3294.41    
764 phspBladesXrayWindow_w764.egsdat ncase=11700000       cpu=3292.32    
765 phspBladesXrayWindow_w765.egsdat ncase=11700000       cpu=3277.72    
766 phspBladesXrayWindow_w766.egsdat ncase=11700000       cpu=3231.84    
767 phspBladesXrayWindow_w767.egsdat ncase=11700000       cpu=3257.27    
768 phspBladesXrayWindow_w768.egsdat ncase=11700000       cpu=3233.14    
769 phspBladesXrayWindow_w769.egsdat ncase=11700000       cpu=3271.39    
770 phspBladesXrayWindow_w770.egsdat ncase=11700000       cpu=3262.81    
771 phspBladesXrayWindow_w771.egsdat ncase=11700000       cpu=3270.45    
772 phspBladesXrayWindow_w772.egsdat ncase=11700000       cpu=3246.01    
773 phspBladesXrayWindow_w773.egsdat ncase=11700000       cpu=3225.15    
774 phspBladesXrayWindow_w774.egsdat ncase=11700000       cpu=3256.61    
775 phspBladesXrayWindow_w775.egsdat ncase=11700000       cpu=3257.27    
776 phspBladesXrayWindow_w776.egsdat ncase=11700000       cpu=3254.37    
777 phspBladesXrayWindow_w777.egsdat ncase=11700000       cpu=3324.05    
778 phspBladesXrayWindow_w778.egsdat ncase=11700000       cpu=3235.20    
779 phspBladesXrayWindow_w779.egsdat ncase=11700000       cpu=3237.38    
780 phspBladesXrayWindow_w780.egsdat ncase=11700000       cpu=3262.63    
781 phspBladesXrayWindow_w781.egsdat ncase=11700000       cpu=3284.64    
782 phspBladesXrayWindow_w782.egsdat ncase=11700000       cpu=3241.60    
783 phspBladesXrayWindow_w783.egsdat ncase=11700000       cpu=3226.79    
784 phspBladesXrayWindow_w784.egsdat ncase=11700000       cpu=3254.08    
785 phspBladesXrayWindow_w785.egsdat ncase=10400000       cpu=2969.17    
786 phspBladesXrayWindow_w786.egsdat ncase=10400000       cpu=3011.65    
787 phspBladesXrayWindow_w787.egsdat ncase=11700000       cpu=3252.24    
788 phspBladesXrayWindow_w788.egsdat ncase=10400000       cpu=3004.29    
789 phspBladesXrayWindow_w789.egsdat ncase=11700000       cpu=3248.19    
790 phspBladesXrayWindow_w790.egsdat ncase=10400000       cpu=3061.14    
791 phspBladesXrayWindow_w791.egsdat ncase=10400000       cpu=2996.90    
792 phspBladesXrayWindow_w792.egsdat ncase=10400000       cpu=2955.23    
793 phspBladesXrayWindow_w793.egsdat ncase=10400000       cpu=2955.38    
794 phspBladesXrayWindow_w794.egsdat ncase=11700000       cpu=3251.70    
795 phspBladesXrayWindow_w795.egsdat ncase=10400000       cpu=2981.88    
796 phspBladesXrayWindow_w796.egsdat ncase=10400000       cpu=2975.26    
797 phspBladesXrayWindow_w797.egsdat ncase=10400000       cpu=2973.58    
798 phspBladesXrayWindow_w798.egsdat ncase=10400000       cpu=2971.35    
799 phspBladesXrayWindow_w799.egsdat ncase=10400000       cpu=2957.12    
800 phspBladesXrayWindow_w800.egsdat ncase=10400000       cpu=2953.38    
801 phspBladesXrayWindow_w801.egsdat ncase=11700000       cpu=3258.38    
802 phspBladesXrayWindow_w802.egsdat ncase=10400000       cpu=2969.65    
803 phspBladesXrayWindow_w803.egsdat ncase=10400000       cpu=2985.12    
804 phspBladesXrayWindow_w804.egsdat ncase=10400000       cpu=2981.71    
805 phspBladesXrayWindow_w805.egsdat ncase=10400000       cpu=2960.62    
806 phspBladesXrayWindow_w806.egsdat ncase=11700000       cpu=3256.12    
807 phspBladesXrayWindow_w807.egsdat ncase=11700000       cpu=3260.58    
808 phspBladesXrayWindow_w808.egsdat ncase=11700000       cpu=3233.74    
809 phspBladesXrayWindow_w809.egsdat ncase=11700000       cpu=3248.33    
810 phspBladesXrayWindow_w810.egsdat ncase=11700000       cpu=3275.91    
811 phspBladesXrayWindow_w811.egsdat ncase=11700000       cpu=3222.83    
812 phspBladesXrayWindow_w812.egsdat ncase=11700000       cpu=3249.05    
813 phspBladesXrayWindow_w813.egsdat ncase=11700000       cpu=3222.52    
814 phspBladesXrayWindow_w814.egsdat ncase=11700000       cpu=3233.21    
815 phspBladesXrayWindow_w815.egsdat ncase=10400000       cpu=2974.97    
816 phspBladesXrayWindow_w816.egsdat ncase=11700000       cpu=3266.28    
817 phspBladesXrayWindow_w817.egsdat ncase=11700000       cpu=3252.28    
818 phspBladesXrayWindow_w818.egsdat ncase=11700000       cpu=3245.13    
819 phspBladesXrayWindow_w819.egsdat ncase=11700000       cpu=3262.18    
820 phspBladesXrayWindow_w820.egsdat ncase=11700000       cpu=3280.23    
821 phspBladesXrayWindow_w821.egsdat ncase=11700000       cpu=3242.93    
822 phspBladesXrayWindow_w822.egsdat ncase=11700000       cpu=3238.10    
823 phspBladesXrayWindow_w823.egsdat ncase=11700000       cpu=3272.11    
824 phspBladesXrayWindow_w824.egsdat ncase=11700000       cpu=3269.76    
825 phspBladesXrayWindow_w825.egsdat ncase=10400000       cpu=2953.10    
826 phspBladesXrayWindow_w826.egsdat ncase=10400000       cpu=2957.62    
827 phspBladesXrayWindow_w827.egsdat ncase=10400000       cpu=2952.86    
828 phspBladesXrayWindow_w828.egsdat ncase=10400000       cpu=2959.46    
829 phspBladesXrayWindow_w829.egsdat ncase=10400000       cpu=2944.81    
830 phspBladesXrayWindow_w830.egsdat ncase=10400000       cpu=2939.37    
831 phspBladesXrayWindow_w831.egsdat ncase=10400000       cpu=2951.22    
832 phspBladesXrayWindow_w832.egsdat ncase=10400000       cpu=2957.83    
833 phspBladesXrayWindow_w833.egsdat ncase=10400000       cpu=2948.52    
834 phspBladesXrayWindow_w834.egsdat ncase=10400000       cpu=2933.70    
835 phspBladesXrayWindow_w835.egsdat ncase=10400000       cpu=2946.84    
836 phspBladesXrayWindow_w836.egsdat ncase=10400000       cpu=2949.43    
837 phspBladesXrayWindow_w837.egsdat ncase=10400000       cpu=2932.81    
838 phspBladesXrayWindow_w838.egsdat ncase=10400000       cpu=2945.59    
839 phspBladesXrayWindow_w839.egsdat ncase=10400000       cpu=2934.09    
840 phspBladesXrayWindow_w840.egsdat ncase=10400000       cpu=2980.63    
841 phspBladesXrayWindow_w841.egsdat ncase=10400000       cpu=2944.12    
842 phspBladesXrayWindow_w842.egsdat ncase=10400000       cpu=2950.90    
843 phspBladesXrayWindow_w843.egsdat ncase=10400000       cpu=2937.24    
844 phspBladesXrayWindow_w844.egsdat ncase=10400000       cpu=2967.72    
845 phspBladesXrayWindow_w845.egsdat ncase=11700000       cpu=3220.88    
846 phspBladesXrayWindow_w846.egsdat ncase=10400000       cpu=2948.03    
847 phspBladesXrayWindow_w847.egsdat ncase=11700000       cpu=3225.99    
848 phspBladesXrayWindow_w848.egsdat ncase=11700000       cpu=3221.18    
849 phspBladesXrayWindow_w849.egsdat ncase=11700000       cpu=3237.03    
850 phspBladesXrayWindow_w850.egsdat ncase=11700000       cpu=3207.78    
851 phspBladesXrayWindow_w851.egsdat ncase=11700000       cpu=3200.42    
852 phspBladesXrayWindow_w852.egsdat ncase=11700000       cpu=3209.11    
853 phspBladesXrayWindow_w853.egsdat ncase=11700000       cpu=3217.17    
854 phspBladesXrayWindow_w854.egsdat ncase=11700000       cpu=3201.50    
855 phspBladesXrayWindow_w855.egsdat ncase=11700000       cpu=3240.39    
856 phspBladesXrayWindow_w856.egsdat ncase=11700000       cpu=3237.05    
857 phspBladesXrayWindow_w857.egsdat ncase=11700000       cpu=3237.46    
858 phspBladesXrayWindow_w858.egsdat ncase=10400000       cpu=2929.66    
859 phspBladesXrayWindow_w859.egsdat ncase=11700000       cpu=3220.19    
860 phspBladesXrayWindow_w860.egsdat ncase=10400000       cpu=2910.20    
861 phspBladesXrayWindow_w861.egsdat ncase=10400000       cpu=2944.47    
862 phspBladesXrayWindow_w862.egsdat ncase=11700000       cpu=3209.03    
863 phspBladesXrayWindow_w863.egsdat ncase=13000000       cpu=3080.59    
864 phspBladesXrayWindow_w864.egsdat ncase=13000000       cpu=3079.25    
865 phspBladesXrayWindow_w865.egsdat ncase=13000000       cpu=3072.92    
866 phspBladesXrayWindow_w866.egsdat ncase=13000000       cpu=3065.23    
867 phspBladesXrayWindow_w867.egsdat ncase=13000000       cpu=3069.30    
868 phspBladesXrayWindow_w868.egsdat ncase=13000000       cpu=3066.12    
869 phspBladesXrayWindow_w869.egsdat ncase=13000000       cpu=3090.22    
870 phspBladesXrayWindow_w870.egsdat ncase=13000000       cpu=3062.21    
871 phspBladesXrayWindow_w871.egsdat ncase=13000000       cpu=3056.07    
872 phspBladesXrayWindow_w872.egsdat ncase=13000000       cpu=3113.02    
873 phspBladesXrayWindow_w873.egsdat ncase=11700000       cpu=3198.71    
874 phspBladesXrayWindow_w874.egsdat ncase=11700000       cpu=3235.27    
875 phspBladesXrayWindow_w875.egsdat ncase=10400000       cpu=2899.27    
876 phspBladesXrayWindow_w876.egsdat ncase=10400000       cpu=2955.39    
877 phspBladesXrayWindow_w877.egsdat ncase=10400000       cpu=2889.23    
878 phspBladesXrayWindow_w878.egsdat ncase=10400000       cpu=2870.29    
879 phspBladesXrayWindow_w879.egsdat ncase=10400000       cpu=2926.56    
880 phspBladesXrayWindow_w880.egsdat ncase=10400000       cpu=2869.68    
881 phspBladesXrayWindow_w881.egsdat ncase=11700000       cpu=3161.01    
882 phspBladesXrayWindow_w882.egsdat ncase=11700000       cpu=3163.39    
883 phspBladesXrayWindow_w883.egsdat ncase=10400000       cpu=2868.68    
884 phspBladesXrayWindow_w884.egsdat ncase=10400000       cpu=2865.32    
885 phspBladesXrayWindow_w885.egsdat ncase=10400000       cpu=2862.35    
886 phspBladesXrayWindow_w886.egsdat ncase=11700000       cpu=3162.32    
887 phspBladesXrayWindow_w887.egsdat ncase=11700000       cpu=3165.77    
888 phspBladesXrayWindow_w888.egsdat ncase=10400000       cpu=2861.61    
889 phspBladesXrayWindow_w889.egsdat ncase=10400000       cpu=2878.00    
890 phspBladesXrayWindow_w890.egsdat ncase=10400000       cpu=2874.61    
891 phspBladesXrayWindow_w891.egsdat ncase=11700000       cpu=3166.49    
892 phspBladesXrayWindow_w892.egsdat ncase=10400000       cpu=2923.16    
893 phspBladesXrayWindow_w893.egsdat ncase=11700000       cpu=3148.36    
894 phspBladesXrayWindow_w894.egsdat ncase=10400000       cpu=2885.61    
895 phspBladesXrayWindow_w895.egsdat ncase=10400000       cpu=2890.77    
896 phspBladesXrayWindow_w896.egsdat ncase=10400000       cpu=2864.97    
897 phspBladesXrayWindow_w897.egsdat ncase=10400000       cpu=2861.20    
898 phspBladesXrayWindow_w898.egsdat ncase=10400000       cpu=2887.74    
899 phspBladesXrayWindow_w899.egsdat ncase=10400000       cpu=2886.29    
900 phspBladesXrayWindow_w900.egsdat ncase=10400000       cpu=2863.38    
901 phspBladesXrayWindow_w901.egsdat ncase=10400000       cpu=2864.27    
902 phspBladesXrayWindow_w902.egsdat ncase=10400000       cpu=2881.67    
903 phspBladesXrayWindow_w903.egsdat ncase=10400000       cpu=2957.86    
904 phspBladesXrayWindow_w904.egsdat ncase=10400000       cpu=2873.79    
905 phspBladesXrayWindow_w905.egsdat ncase=11700000       cpu=3152.89    
906 phspBladesXrayWindow_w906.egsdat ncase=10400000       cpu=2902.85    
907 phspBladesXrayWindow_w907.egsdat ncase=10400000       cpu=2862.11    
908 phspBladesXrayWindow_w908.egsdat ncase=10400000       cpu=2884.43    
909 phspBladesXrayWindow_w909.egsdat ncase=10400000       cpu=2868.77    
910 phspBladesXrayWindow_w910.egsdat ncase=10400000       cpu=2874.84    
911 phspBladesXrayWindow_w911.egsdat ncase=10400000       cpu=2939.26    
912 phspBladesXrayWindow_w912.egsdat ncase=10400000       cpu=2889.50    
913 phspBladesXrayWindow_w913.egsdat ncase=11700000       cpu=3158.60    
914 phspBladesXrayWindow_w914.egsdat ncase=11700000       cpu=3158.46    
915 phspBladesXrayWindow_w915.egsdat ncase=10400000       cpu=2900.98    
916 phspBladesXrayWindow_w916.egsdat ncase=10400000       cpu=2854.62    
917 phspBladesXrayWindow_w917.egsdat ncase=10400000       cpu=2861.73    
918 phspBladesXrayWindow_w918.egsdat ncase=10400000       cpu=2880.62    
919 phspBladesXrayWindow_w919.egsdat ncase=10400000       cpu=2890.17    
920 phspBladesXrayWindow_w920.egsdat ncase=10400000       cpu=2869.45    
921 phspBladesXrayWindow_w921.egsdat ncase=10400000       cpu=2903.22    
922 phspBladesXrayWindow_w922.egsdat ncase=10400000       cpu=2865.51    
923 phspBladesXrayWindow_w923.egsdat ncase=10400000       cpu=2895.38    
924 phspBladesXrayWindow_w924.egsdat ncase=10400000       cpu=2862.71    
925 phspBladesXrayWindow_w925.egsdat ncase=10400000       cpu=2858.45    
926 phspBladesXrayWindow_w926.egsdat ncase=10400000       cpu=2865.00    
927 phspBladesXrayWindow_w927.egsdat ncase=10400000       cpu=2878.70    
928 phspBladesXrayWindow_w928.egsdat ncase=10400000       cpu=2891.00    
929 phspBladesXrayWindow_w929.egsdat ncase=10400000       cpu=2915.22    
930 phspBladesXrayWindow_w930.egsdat ncase=10400000       cpu=2859.04    
931 phspBladesXrayWindow_w931.egsdat ncase=10400000       cpu=2913.52    
932 phspBladesXrayWindow_w932.egsdat ncase=10400000       cpu=2894.63    
933 phspBladesXrayWindow_w933.egsdat ncase=10400000       cpu=2857.87    
934 phspBladesXrayWindow_w934.egsdat ncase=10400000       cpu=2871.57    
935 phspBladesXrayWindow_w935.egsdat ncase=11700000       cpu=3119.73    
936 phspBladesXrayWindow_w936.egsdat ncase=11700000       cpu=3121.63    
937 phspBladesXrayWindow_w937.egsdat ncase=11700000       cpu=3143.55    
938 phspBladesXrayWindow_w938.egsdat ncase=10400000       cpu=3032.07    
939 phspBladesXrayWindow_w939.egsdat ncase=10400000       cpu=2842.82    
940 phspBladesXrayWindow_w940.egsdat ncase=10400000       cpu=2829.74    
941 phspBladesXrayWindow_w941.egsdat ncase=11700000       cpu=3138.94    
942 phspBladesXrayWindow_w942.egsdat ncase=11700000       cpu=3132.47    
943 phspBladesXrayWindow_w943.egsdat ncase=10400000       cpu=2845.84    
944 phspBladesXrayWindow_w944.egsdat ncase=11700000       cpu=3120.92    
945 phspBladesXrayWindow_w945.egsdat ncase=11700000       cpu=3119.41    
946 phspBladesXrayWindow_w946.egsdat ncase=11700000       cpu=3128.76    
947 phspBladesXrayWindow_w947.egsdat ncase=10400000       cpu=2840.01    
948 phspBladesXrayWindow_w948.egsdat ncase=11700000       cpu=3131.53    
949 phspBladesXrayWindow_w949.egsdat ncase=11700000       cpu=3113.25    
950 phspBladesXrayWindow_w950.egsdat ncase=10400000       cpu=2833.84    
951 phspBladesXrayWindow_w951.egsdat ncase=10400000       cpu=2835.46    
952 phspBladesXrayWindow_w952.egsdat ncase=10400000       cpu=2834.64    
953 phspBladesXrayWindow_w953.egsdat ncase=10400000       cpu=2835.66    
954 phspBladesXrayWindow_w954.egsdat ncase=11700000       cpu=3115.82    
955 phspBladesXrayWindow_w955.egsdat ncase=10400000       cpu=2876.50    
956 phspBladesXrayWindow_w956.egsdat ncase=10400000       cpu=2918.14    
957 phspBladesXrayWindow_w957.egsdat ncase=10400000       cpu=2870.54    
958 phspBladesXrayWindow_w958.egsdat ncase=10400000       cpu=2867.02    
959 phspBladesXrayWindow_w959.egsdat ncase=10400000       cpu=2881.52    
960 phspBladesXrayWindow_w960.egsdat ncase=10400000       cpu=2850.16    
961 phspBladesXrayWindow_w961.egsdat ncase=10400000       cpu=2874.41    
962 phspBladesXrayWindow_w962.egsdat ncase=10400000       cpu=2857.82    
963 phspBladesXrayWindow_w963.egsdat ncase=10400000       cpu=2867.22    
964 phspBladesXrayWindow_w964.egsdat ncase=10400000       cpu=2889.22    
965 phspBladesXrayWindow_w965.egsdat ncase=10400000       cpu=2901.61    
966 phspBladesXrayWindow_w966.egsdat ncase=10400000       cpu=2859.95    
967 phspBladesXrayWindow_w967.egsdat ncase=10400000       cpu=2892.46    
968 phspBladesXrayWindow_w968.egsdat ncase=10400000       cpu=2883.59    
969 phspBladesXrayWindow_w969.egsdat ncase=10400000       cpu=2894.55    
970 phspBladesXrayWindow_w970.egsdat ncase=10400000       cpu=2890.74    
971 phspBladesXrayWindow_w971.egsdat ncase=10400000       cpu=2868.77    
972 phspBladesXrayWindow_w972.egsdat ncase=10400000       cpu=2890.22    
973 phspBladesXrayWindow_w973.egsdat ncase=10400000       cpu=2881.86    
974 phspBladesXrayWindow_w974.egsdat ncase=10400000       cpu=2886.44    
975 phspBladesXrayWindow_w975.egsdat ncase=10400000       cpu=2855.27    
976 phspBladesXrayWindow_w976.egsdat ncase=10400000       cpu=2869.45    
977 phspBladesXrayWindow_w977.egsdat ncase=10400000       cpu=2890.61    
978 phspBladesXrayWindow_w978.egsdat ncase=10400000       cpu=2871.31    
979 phspBladesXrayWindow_w979.egsdat ncase=10400000       cpu=2904.45    
980 phspBladesXrayWindow_w980.egsdat ncase=10400000       cpu=2869.94    
981 phspBladesXrayWindow_w981.egsdat ncase=10400000       cpu=2868.02    
982 phspBladesXrayWindow_w982.egsdat ncase=10400000       cpu=2867.02    
983 phspBladesXrayWindow_w983.egsdat ncase=10400000       cpu=2859.00    
984 phspBladesXrayWindow_w984.egsdat ncase=10400000       cpu=2867.74    
985 phspBladesXrayWindow_w985.egsdat ncase=10400000       cpu=2871.70    
986 phspBladesXrayWindow_w986.egsdat ncase=10400000       cpu=2887.64    
987 phspBladesXrayWindow_w987.egsdat ncase=10400000       cpu=2859.90    
988 phspBladesXrayWindow_w988.egsdat ncase=10400000       cpu=2876.35    
989 phspBladesXrayWindow_w989.egsdat ncase=10400000       cpu=2864.10    
990 phspBladesXrayWindow_w990.egsdat ncase=10400000       cpu=2871.26    
991 phspBladesXrayWindow_w991.egsdat ncase=10400000       cpu=2890.28    
992 phspBladesXrayWindow_w992.egsdat ncase=10400000       cpu=2908.08    
993 phspBladesXrayWindow_w993.egsdat ncase=10400000       cpu=2854.27    
994 phspBladesXrayWindow_w994.egsdat ncase=10400000       cpu=2898.36    
995 phspBladesXrayWindow_w995.egsdat ncase=10400000       cpu=2874.68    
996 phspBladesXrayWindow_w996.egsdat ncase=10400000       cpu=2896.70    
997 phspBladesXrayWindow_w997.egsdat ncase=10400000       cpu=2901.75    
998 phspBladesXrayWindow_w998.egsdat ncase=10400000       cpu=2884.77    
999 phspBladesXrayWindow_w999.egsdat ncase=10400000       cpu=2890.99    
1000 phspBladesXrayWindow_w1000.egsdat ncase=10400000       cpu=2887.56    
=======================================================================
                            Total ncase=13000000000    cpu=3308722.25 



Finished simulation

Total cpu time for this run:            2.52 (sec.) 0.0007(hours)
CPU time including previous runs:       3308724.77 (sec.) 919.0902 (hours)
Histories per hour:                     1.41444e+07   
Number of random numbers used:          38122126215908
Number of electron CH steps:            2.65606e+11   
Number of all electron steps:           8.48576e+12   


 last case = -2128976407 Etot = 1.08622e+08


======================================================
 Energy fractions
======================================================
The first and last items in the following list of energy fractions are the reflected and transmitted energy, respectively. These two values are only meaningful if the source is directed in the positive z-direction. The remaining values are the deposited energy fractions in the regions of the geometry, but notice that the identifying index is the region number offset by 1 (ir+1).

ir+1 | Reflected, deposited, or transmitted energy fraction for 2165990889 particles:

  0  5.753572e-02 +/- 4.154442e-06  
  1  1.385830e-08 +/- 8.693326e-10  
  2  1.624470e-08 +/- 1.116171e-09  
  3  1.710664e-08 +/- 1.140511e-09  
  4  2.181112e-08 +/- 1.422235e-09  
  5  2.119468e-08 +/- 1.272601e-09  
  6  1.770407e-08 +/- 1.060473e-09  
  7  1.995482e-08 +/- 9.669350e-10  
  8  2.331790e-08 +/- 9.891960e-10  
  9  2.234651e-08 +/- 1.052353e-09  
  10  2.335695e-08 +/- 9.732498e-10  
  11  2.495663e-08 +/- 1.324167e-09  
  12  2.670075e-08 +/- 1.133067e-09  
  13  2.526209e-08 +/- 1.051624e-09  
  14  3.041535e-08 +/- 1.166200e-09  
  15  3.228816e-08 +/- 1.133984e-09  
  16  3.032387e-08 +/- 1.269379e-09  
  17  3.317160e-08 +/- 1.341001e-09  
  18  3.387571e-08 +/- 1.187561e-09  
  19  3.361933e-08 +/- 1.148515e-09  
  20  3.670488e-08 +/- 1.522966e-09  
  21  3.708089e-08 +/- 1.223728e-09  
  22  3.696539e-08 +/- 1.209502e-09  
  23  4.047445e-08 +/- 1.331112e-09  
  24  4.120887e-08 +/- 1.372736e-09  
  25  4.930050e-08 +/- 1.770939e-09  
  26  4.916540e-08 +/- 1.483019e-09  
  27  5.157235e-08 +/- 1.441492e-09  
  28  5.121454e-08 +/- 1.434291e-09  
  29  5.867557e-08 +/- 1.658335e-09  
  30  6.957935e-08 +/- 1.724985e-09  
  31  9.005288e-08 +/- 1.927321e-09  
  32  1.030664e-07 +/- 2.133620e-09  
  33  1.228279e-07 +/- 2.285417e-09  
  34  1.623427e-07 +/- 2.505665e-09  
  35  1.830194e-07 +/- 2.786139e-09  
  36  2.314990e-07 +/- 3.125378e-09  
  37  2.589517e-07 +/- 3.249410e-09  
  38  2.746556e-07 +/- 3.353868e-09  
  39  3.303429e-07 +/- 3.687305e-09  
  40  3.509663e-07 +/- 3.827676e-09  
  41  3.653283e-07 +/- 3.869243e-09  
  42  3.674240e-07 +/- 3.869817e-09  
  43  3.753962e-07 +/- 3.903831e-09  
  44  3.860182e-07 +/- 3.949653e-09  
  45  3.998368e-07 +/- 3.954858e-09  
  46  4.001329e-07 +/- 3.987758e-09  
  47  3.969586e-07 +/- 3.976455e-09  
  48  4.085461e-07 +/- 4.050959e-09  
  49  3.760912e-07 +/- 3.935248e-09  
  50  4.024931e-07 +/- 4.032482e-09  
  51  3.852685e-07 +/- 3.987159e-09  
  52  3.930246e-07 +/- 3.987110e-09  
  53  3.930783e-07 +/- 3.961230e-09  
  54  3.918379e-07 +/- 3.970032e-09  
  55  4.101443e-07 +/- 4.119858e-09  
  56  3.928727e-07 +/- 3.980139e-09  
  57  3.791218e-07 +/- 3.979708e-09  
  58  4.329481e-07 +/- 4.205782e-09  
  59  4.030379e-07 +/- 4.051179e-09  
  60  3.852846e-07 +/- 3.970545e-09  
  61  4.126802e-07 +/- 4.078869e-09  
  62  4.146694e-07 +/- 4.093177e-09  
  63  4.050896e-07 +/- 4.103521e-09  
  64  4.018991e-07 +/- 4.000939e-09  
  65  3.925639e-07 +/- 4.025296e-09  
  66  4.063423e-07 +/- 4.033556e-09  
  67  4.143515e-07 +/- 4.063377e-09  
  68  4.136605e-07 +/- 4.124343e-09  
  69  4.028948e-07 +/- 4.085590e-09  
  70  4.060362e-07 +/- 4.047507e-09  
  71  4.448400e-07 +/- 4.217536e-09  
  72  3.912638e-07 +/- 3.944567e-09  
  73  4.013264e-07 +/- 4.050839e-09  
  74  4.068423e-07 +/- 4.022766e-09  
  75  4.323932e-07 +/- 4.242810e-09  
  76  4.085745e-07 +/- 4.066289e-09  
  77  4.090241e-07 +/- 4.038646e-09  
  78  3.897356e-07 +/- 3.966276e-09  
  79  4.194510e-07 +/- 4.128052e-09  
  80  4.187250e-07 +/- 4.042186e-09  
  81  4.517361e-07 +/- 4.247940e-09  
  82  4.228873e-07 +/- 4.178509e-09  
  83  3.812631e-07 +/- 3.912010e-09  
  84  4.178841e-07 +/- 4.109294e-09  
  85  3.915744e-07 +/- 4.012565e-09  
  86  4.234321e-07 +/- 4.129933e-09  
  87  4.296957e-07 +/- 4.107564e-09  
  88  4.137597e-07 +/- 4.055968e-09  
  89  3.998002e-07 +/- 4.071376e-09  
  90  4.446848e-07 +/- 4.265077e-09  
  91  4.172161e-07 +/- 4.099555e-09  
  92  4.368545e-07 +/- 4.219835e-09  
  93  4.470549e-07 +/- 4.243848e-09  
  94  4.273992e-07 +/- 4.227121e-09  
  95  4.126931e-07 +/- 4.151816e-09  
  96  4.159480e-07 +/- 4.069233e-09  
  97  4.280498e-07 +/- 4.133298e-09  
  98  4.291142e-07 +/- 4.223159e-09  
  99  3.929540e-07 +/- 3.972001e-09  
  100  4.095938e-07 +/- 4.018051e-09  
  101  4.258240e-07 +/- 4.241286e-09  
  102  4.084894e-07 +/- 4.105385e-09  
  103  4.266582e-07 +/- 4.154312e-09  
  104  4.341380e-07 +/- 4.201938e-09  
  105  4.244238e-07 +/- 4.093705e-09  
  106  4.229954e-07 +/- 4.200821e-09  
  107  4.069887e-07 +/- 4.083539e-09  
  108  4.090913e-07 +/- 4.042969e-09  
  109  3.925481e-07 +/- 4.089000e-09  
  110  4.516244e-07 +/- 4.228720e-09  
  111  4.372927e-07 +/- 4.218986e-09  
  112  4.309599e-07 +/- 4.137965e-09  
  113  3.761330e-07 +/- 3.882775e-09  
  114  4.163262e-07 +/- 4.082055e-09  
  115  4.018507e-07 +/- 4.103998e-09  
  116  4.172981e-07 +/- 4.211198e-09  
  117  4.355739e-07 +/- 4.270356e-09  
  118  3.902821e-07 +/- 4.090414e-09  
  119  4.019681e-07 +/- 4.060046e-09  
  120  4.026815e-07 +/- 4.032957e-09  
  121  4.336294e-07 +/- 4.275947e-09  
  122  3.929212e-07 +/- 4.033481e-09  
  123  4.299786e-07 +/- 4.258236e-09  
  124  4.060839e-07 +/- 4.042131e-09  
  125  4.191251e-07 +/- 4.129855e-09  
  126  4.230777e-07 +/- 4.149619e-09  
  127  4.330479e-07 +/- 4.207786e-09  
  128  4.361010e-07 +/- 4.203515e-09  
  129  3.955278e-07 +/- 3.987793e-09  
  130  4.061166e-07 +/- 4.075421e-09  
  131  4.025554e-07 +/- 4.016560e-09  
  132  3.799541e-07 +/- 4.002954e-09  
  133  4.213799e-07 +/- 4.148908e-09  
  134  4.294166e-07 +/- 4.148344e-09  
  135  3.986091e-07 +/- 3.982807e-09  
  136  3.952800e-07 +/- 4.028426e-09  
  137  3.775549e-07 +/- 3.893952e-09  
  138  4.312339e-07 +/- 4.187676e-09  
  139  3.921179e-07 +/- 3.934162e-09  
  140  4.178673e-07 +/- 4.078871e-09  
  141  3.931691e-07 +/- 3.977671e-09  
  142  4.240523e-07 +/- 4.152983e-09  
  143  3.817803e-07 +/- 3.956917e-09  
  144  4.192496e-07 +/- 4.130479e-09  
  145  4.017274e-07 +/- 4.054814e-09  
  146  4.111597e-07 +/- 4.035756e-09  
  147  3.817611e-07 +/- 3.931722e-09  
  148  3.747578e-07 +/- 3.879711e-09  
  149  3.939400e-07 +/- 4.021551e-09  
  150  4.109772e-07 +/- 4.100938e-09  
  151  3.683221e-07 +/- 3.812795e-09  
  152  3.971447e-07 +/- 3.945086e-09  
  153  3.763117e-07 +/- 3.853490e-09  
  154  3.817387e-07 +/- 3.921019e-09  
  155  3.872253e-07 +/- 3.986405e-09  
  156  3.621105e-07 +/- 3.926445e-09  
  157  4.036951e-07 +/- 4.049944e-09  
  158  3.675224e-07 +/- 3.807633e-09  
  159  3.602329e-07 +/- 3.762678e-09  
  160  3.603752e-07 +/- 3.833436e-09  
  161  3.443438e-07 +/- 3.777184e-09  
  162  3.196998e-07 +/- 3.591463e-09  
  163  3.110262e-07 +/- 3.589124e-09  
  164  2.423441e-07 +/- 3.204311e-09  
  165  2.484715e-07 +/- 3.254031e-09  
  166  1.935754e-07 +/- 2.795037e-09  
  167  1.653594e-07 +/- 2.535831e-09  
  168  1.397803e-07 +/- 2.504442e-09  
  169  1.078757e-07 +/- 2.116819e-09  
  170  8.236029e-08 +/- 1.850457e-09  
  171  6.532393e-08 +/- 1.698621e-09  
  172  5.971961e-08 +/- 1.546980e-09  
  173  5.836434e-08 +/- 1.661436e-09  
  174  5.217403e-08 +/- 1.622545e-09  
  175  4.588008e-08 +/- 1.347129e-09  
  176  4.934029e-08 +/- 1.527507e-09  
  177  4.288892e-08 +/- 1.393932e-09  
  178  4.267248e-08 +/- 1.461153e-09  
  179  4.041847e-08 +/- 1.471780e-09  
  180  3.517803e-08 +/- 1.289057e-09  
  181  3.826798e-08 +/- 1.314277e-09  
  182  3.385378e-08 +/- 1.223623e-09  
  183  3.231739e-08 +/- 1.409196e-09  
  184  2.992084e-08 +/- 1.171838e-09  
  185  2.982876e-08 +/- 1.070295e-09  
  186  2.513783e-08 +/- 1.084849e-09  
  187  2.900607e-08 +/- 1.314111e-09  
  188  3.488467e-08 +/- 1.398545e-09  
  189  2.857867e-08 +/- 1.171858e-09  
  190  2.494129e-08 +/- 1.095356e-09  
  191  2.402837e-08 +/- 1.131704e-09  
  192  2.353593e-08 +/- 1.212636e-09  
  193  2.033187e-08 +/- 1.135247e-09  
  194  1.939276e-08 +/- 1.000413e-09  
  195  2.275738e-08 +/- 1.395720e-09  
  196  1.964381e-08 +/- 1.332624e-09  
  197  2.114419e-08 +/- 9.821434e-10  
  198  1.907391e-08 +/- 1.238797e-09  
  199  1.792366e-08 +/- 1.256623e-09  
  200  1.595768e-08 +/- 1.149409e-09  
  201  2.237039e-01 +/- 9.606872e-06  
  202  1.397625e-04 +/- 5.739194e-08  
  203  3.850132e-01 +/- 1.112496e-05  
  204  3.035115e-03 +/- 9.293863e-07  
  205  6.843543e-05 +/- 3.454424e-08  
  206  3.090468e-03 +/- 9.324443e-07  
  207  0.000000e+00 +/- 0.000000e+00  
  208  0.000000e+00 +/- 0.000000e+00  
  209  0.000000e+00 +/- 0.000000e+00  
  210  8.858050e-02 +/- 6.354827e-06  
  211  4.154614e-05 +/- 3.102930e-08  
  212  8.888472e-02 +/- 6.365801e-06  
  213  1.079570e-03 +/- 5.527260e-07  
  214  1.883453e-05 +/- 1.821571e-08  
  215  1.087541e-03 +/- 5.547542e-07  
  216  0.000000e+00 +/- 0.000000e+00  
  217  0.000000e+00 +/- 0.000000e+00  
  218  0.000000e+00 +/- 0.000000e+00  
  219  3.368599e-06 +/- 2.040688e-08  
  220  7.353119e-05 +/- 8.214616e-08  
  221  3.329813e-06 +/- 1.956968e-08  
  222  1.047395e-02 +/- 2.151777e-06  
  223  1.552763e-04 +/- 6.111977e-08  
  224  1.053580e-02 +/- 2.145853e-06  
  225  3.424235e-06 +/- 2.026002e-08  
  226  7.386344e-05 +/- 8.258961e-08  
  227  3.395974e-06 +/- 2.001455e-08  
  228  1.435236e-03 +/- 2.879532e-07  
  229  0.000000e+00 +/- 0.000000e+00  
  230  0.000000e+00 +/- 0.000000e+00  
  231  0.000000e+00 +/- 0.000000e+00  
  232  0.000000e+00 +/- 0.000000e+00  
  233  0.000000e+00 +/- 0.000000e+00  
  234  0.000000e+00 +/- 0.000000e+00  
  235  0.000000e+00 +/- 0.000000e+00  
  236  0.000000e+00 +/- 0.000000e+00  
  237  0.000000e+00 +/- 0.000000e+00  
  238  0.000000e+00 +/- 0.000000e+00  
  239  0.000000e+00 +/- 0.000000e+00  
  240  0.000000e+00 +/- 0.000000e+00  
  241  0.000000e+00 +/- 0.000000e+00  
  242  0.000000e+00 +/- 0.000000e+00  
  243  0.000000e+00 +/- 0.000000e+00  
  244  0.000000e+00 +/- 0.000000e+00  
  245  0.000000e+00 +/- 0.000000e+00  
  246  0.000000e+00 +/- 0.000000e+00  
  247  0.000000e+00 +/- 0.000000e+00  
  248  0.000000e+00 +/- 0.000000e+00  
  249  0.000000e+00 +/- 0.000000e+00  
  250  0.000000e+00 +/- 0.000000e+00  
  251  0.000000e+00 +/- 0.000000e+00  
  252  0.000000e+00 +/- 0.000000e+00  
  253  0.000000e+00 +/- 0.000000e+00  
  254  0.000000e+00 +/- 0.000000e+00  
  255  8.516096e-04 +/- 1.416309e-07  
  256  0.000000e+00 +/- 0.000000e+00  
  257  0.000000e+00 +/- 0.000000e+00  
  258  0.000000e+00 +/- 0.000000e+00  
  259  0.000000e+00 +/- 0.000000e+00  
  260  0.000000e+00 +/- 0.000000e+00  
  261  0.000000e+00 +/- 0.000000e+00  
  262  0.000000e+00 +/- 0.000000e+00  
  263  0.000000e+00 +/- 0.000000e+00  
  264  0.000000e+00 +/- 0.000000e+00  
  265  0.000000e+00 +/- 0.000000e+00  
  266  0.000000e+00 +/- 0.000000e+00  
  267  0.000000e+00 +/- 0.000000e+00  
  268  0.000000e+00 +/- 0.000000e+00  
  269  0.000000e+00 +/- 0.000000e+00  
  270  0.000000e+00 +/- 0.000000e+00  
  271  0.000000e+00 +/- 0.000000e+00  
  272  0.000000e+00 +/- 0.000000e+00  
  273  0.000000e+00 +/- 0.000000e+00  
  274  0.000000e+00 +/- 0.000000e+00  
  275  0.000000e+00 +/- 0.000000e+00  
  276  0.000000e+00 +/- 0.000000e+00  
  277  0.000000e+00 +/- 0.000000e+00  
  278  0.000000e+00 +/- 0.000000e+00  
  279  0.000000e+00 +/- 0.000000e+00  
  280  0.000000e+00 +/- 0.000000e+00  
  281  0.000000e+00 +/- 0.000000e+00  
  282  0.000000e+00 +/- 0.000000e+00  
  283  0.000000e+00 +/- 0.000000e+00  
  284  0.000000e+00 +/- 0.000000e+00  
  285  0.000000e+00 +/- 0.000000e+00  
  286  0.000000e+00 +/- 0.000000e+00  
  287  0.000000e+00 +/- 0.000000e+00  
  288  0.000000e+00 +/- 0.000000e+00  
  289  0.000000e+00 +/- 0.000000e+00  
  290  0.000000e+00 +/- 0.000000e+00  
  291  0.000000e+00 +/- 0.000000e+00  
  292  0.000000e+00 +/- 0.000000e+00  
  293  0.000000e+00 +/- 0.000000e+00  
  294  0.000000e+00 +/- 0.000000e+00  
  295  0.000000e+00 +/- 0.000000e+00  
  296  0.000000e+00 +/- 0.000000e+00  
  297  0.000000e+00 +/- 0.000000e+00  
  298  0.000000e+00 +/- 0.000000e+00  
  299  0.000000e+00 +/- 0.000000e+00  
  300  0.000000e+00 +/- 0.000000e+00  
  301  0.000000e+00 +/- 0.000000e+00  
  302  0.000000e+00 +/- 0.000000e+00  
  303  0.000000e+00 +/- 0.000000e+00  
  304  0.000000e+00 +/- 0.000000e+00  
  305  0.000000e+00 +/- 0.000000e+00  
  306  0.000000e+00 +/- 0.000000e+00  
  307  0.000000e+00 +/- 0.000000e+00  
  308  0.000000e+00 +/- 0.000000e+00  
  309  0.000000e+00 +/- 0.000000e+00  
  310  0.000000e+00 +/- 0.000000e+00  
  311  0.000000e+00 +/- 0.000000e+00  
  312  0.000000e+00 +/- 0.000000e+00  
  313  0.000000e+00 +/- 0.000000e+00  
  314  0.000000e+00 +/- 0.000000e+00  
  315  0.000000e+00 +/- 0.000000e+00  
  316  0.000000e+00 +/- 0.000000e+00  
  317  0.000000e+00 +/- 0.000000e+00  
  318  0.000000e+00 +/- 0.000000e+00  
  319  0.000000e+00 +/- 0.000000e+00  
  320  0.000000e+00 +/- 0.000000e+00  
  321  0.000000e+00 +/- 0.000000e+00  
  322  0.000000e+00 +/- 0.000000e+00  
  323  0.000000e+00 +/- 0.000000e+00  
  324  0.000000e+00 +/- 0.000000e+00  
  325  0.000000e+00 +/- 0.000000e+00  
  326  0.000000e+00 +/- 0.000000e+00  
  327  0.000000e+00 +/- 0.000000e+00  
  328  0.000000e+00 +/- 0.000000e+00  
  329  0.000000e+00 +/- 0.000000e+00  
  330  0.000000e+00 +/- 0.000000e+00  
  331  0.000000e+00 +/- 0.000000e+00  
  332  0.000000e+00 +/- 0.000000e+00  
  333  0.000000e+00 +/- 0.000000e+00  
  334  0.000000e+00 +/- 0.000000e+00  
  335  0.000000e+00 +/- 0.000000e+00  
  336  0.000000e+00 +/- 0.000000e+00  
  337  0.000000e+00 +/- 0.000000e+00  
  338  0.000000e+00 +/- 0.000000e+00  
  339  0.000000e+00 +/- 0.000000e+00  
  340  0.000000e+00 +/- 0.000000e+00  
  341  0.000000e+00 +/- 0.000000e+00  
  342  0.000000e+00 +/- 0.000000e+00  
  343  0.000000e+00 +/- 0.000000e+00  
  344  0.000000e+00 +/- 0.000000e+00  
  345  0.000000e+00 +/- 0.000000e+00  
  346  0.000000e+00 +/- 0.000000e+00  
  347  0.000000e+00 +/- 0.000000e+00  
  348  0.000000e+00 +/- 0.000000e+00  
  349  0.000000e+00 +/- 0.000000e+00  
  350  0.000000e+00 +/- 0.000000e+00  
  351  0.000000e+00 +/- 0.000000e+00  
  352  0.000000e+00 +/- 0.000000e+00  
  353  0.000000e+00 +/- 0.000000e+00  
  354  0.000000e+00 +/- 0.000000e+00  
  355  0.000000e+00 +/- 0.000000e+00  
  356  0.000000e+00 +/- 0.000000e+00  
  357  0.000000e+00 +/- 0.000000e+00  
  358  0.000000e+00 +/- 0.000000e+00  
  359  0.000000e+00 +/- 0.000000e+00  
  360  0.000000e+00 +/- 0.000000e+00  
  361  0.000000e+00 +/- 0.000000e+00  
  362  0.000000e+00 +/- 0.000000e+00  
  363  0.000000e+00 +/- 0.000000e+00  
  364  0.000000e+00 +/- 0.000000e+00  
  365  0.000000e+00 +/- 0.000000e+00  
  366  0.000000e+00 +/- 0.000000e+00  
  367  0.000000e+00 +/- 0.000000e+00  
  368  0.000000e+00 +/- 0.000000e+00  
  369  0.000000e+00 +/- 0.000000e+00  
  370  0.000000e+00 +/- 0.000000e+00  
  371  0.000000e+00 +/- 0.000000e+00  
  372  0.000000e+00 +/- 0.000000e+00  
  373  0.000000e+00 +/- 0.000000e+00  
  374  0.000000e+00 +/- 0.000000e+00  
  375  0.000000e+00 +/- 0.000000e+00  
  376  0.000000e+00 +/- 0.000000e+00  
  377  0.000000e+00 +/- 0.000000e+00  
  378  0.000000e+00 +/- 0.000000e+00  
  379  0.000000e+00 +/- 0.000000e+00  
  380  0.000000e+00 +/- 0.000000e+00  
  381  0.000000e+00 +/- 0.000000e+00  
  382  0.000000e+00 +/- 0.000000e+00  
  383  0.000000e+00 +/- 0.000000e+00  
  384  0.000000e+00 +/- 0.000000e+00  
  385  0.000000e+00 +/- 0.000000e+00  
  386  0.000000e+00 +/- 0.000000e+00  
  387  0.000000e+00 +/- 0.000000e+00  
  388  0.000000e+00 +/- 0.000000e+00  
  389  0.000000e+00 +/- 0.000000e+00  
  390  0.000000e+00 +/- 0.000000e+00  
  391  0.000000e+00 +/- 0.000000e+00  
  392  0.000000e+00 +/- 0.000000e+00  
  393  0.000000e+00 +/- 0.000000e+00  
  394  0.000000e+00 +/- 0.000000e+00  
  395  0.000000e+00 +/- 0.000000e+00  
  396  0.000000e+00 +/- 0.000000e+00  
  397  0.000000e+00 +/- 0.000000e+00  
  398  0.000000e+00 +/- 0.000000e+00  
  399  0.000000e+00 +/- 0.000000e+00  
  400  0.000000e+00 +/- 0.000000e+00  
  401  9.953225e-02 +/- 5.208475e-06  
  402  0.000000e+00 +/- 0.000000e+00  
  403  0.000000e+00 +/- 0.000000e+00  
  404  0.000000e+00 +/- 0.000000e+00  
  405  0.000000e+00 +/- 0.000000e+00  
  406  0.000000e+00 +/- 0.000000e+00  
  407  0.000000e+00 +/- 0.000000e+00  
  408  0.000000e+00 +/- 0.000000e+00  
  409  0.000000e+00 +/- 0.000000e+00  
  410  0.000000e+00 +/- 0.000000e+00  
  411  0.000000e+00 +/- 0.000000e+00  
  412  0.000000e+00 +/- 0.000000e+00  
  413  0.000000e+00 +/- 0.000000e+00  
  414  0.000000e+00 +/- 0.000000e+00  
  415  0.000000e+00 +/- 0.000000e+00  
  416  0.000000e+00 +/- 0.000000e+00  
  417  0.000000e+00 +/- 0.000000e+00  
  418  0.000000e+00 +/- 0.000000e+00  
  419  0.000000e+00 +/- 0.000000e+00  
  420  0.000000e+00 +/- 0.000000e+00  
  421  0.000000e+00 +/- 0.000000e+00  
  422  0.000000e+00 +/- 0.000000e+00  
  423  0.000000e+00 +/- 0.000000e+00  
  424  0.000000e+00 +/- 0.000000e+00  
  425  0.000000e+00 +/- 0.000000e+00  
  426  0.000000e+00 +/- 0.000000e+00  
  427  0.000000e+00 +/- 0.000000e+00  
  428  0.000000e+00 +/- 0.000000e+00  
  429  0.000000e+00 +/- 0.000000e+00  
  430  0.000000e+00 +/- 0.000000e+00  
  431  0.000000e+00 +/- 0.000000e+00  
  432  0.000000e+00 +/- 0.000000e+00  
  433  0.000000e+00 +/- 0.000000e+00  
  434  0.000000e+00 +/- 0.000000e+00  
  435  0.000000e+00 +/- 0.000000e+00  
  436  0.000000e+00 +/- 0.000000e+00  
  437  0.000000e+00 +/- 0.000000e+00  
  438  0.000000e+00 +/- 0.000000e+00  
  439  0.000000e+00 +/- 0.000000e+00  
  440  0.000000e+00 +/- 0.000000e+00  
  441  0.000000e+00 +/- 0.000000e+00  
  442  0.000000e+00 +/- 0.000000e+00  
  443  0.000000e+00 +/- 0.000000e+00  
  444  0.000000e+00 +/- 0.000000e+00  
  445  0.000000e+00 +/- 0.000000e+00  
  446  0.000000e+00 +/- 0.000000e+00  
  447  0.000000e+00 +/- 0.000000e+00  
  448  0.000000e+00 +/- 0.000000e+00  
  449  0.000000e+00 +/- 0.000000e+00  
  450  0.000000e+00 +/- 0.000000e+00  
  451  0.000000e+00 +/- 0.000000e+00  
  452  0.000000e+00 +/- 0.000000e+00  
  453  0.000000e+00 +/- 0.000000e+00  
  454  0.000000e+00 +/- 0.000000e+00  
  455  0.000000e+00 +/- 0.000000e+00  
  456  0.000000e+00 +/- 0.000000e+00  
  457  0.000000e+00 +/- 0.000000e+00  
  458  0.000000e+00 +/- 0.000000e+00  
  459  0.000000e+00 +/- 0.000000e+00  
  460  0.000000e+00 +/- 0.000000e+00  
  461  0.000000e+00 +/- 0.000000e+00  
  462  0.000000e+00 +/- 0.000000e+00  
  463  0.000000e+00 +/- 0.000000e+00  
  464  0.000000e+00 +/- 0.000000e+00  
  465  0.000000e+00 +/- 0.000000e+00  
  466  0.000000e+00 +/- 0.000000e+00  
  467  0.000000e+00 +/- 0.000000e+00  
  468  0.000000e+00 +/- 0.000000e+00  
  469  0.000000e+00 +/- 0.000000e+00  
  470  0.000000e+00 +/- 0.000000e+00  
  471  0.000000e+00 +/- 0.000000e+00  
  472  0.000000e+00 +/- 0.000000e+00  
  473  0.000000e+00 +/- 0.000000e+00  
  474  0.000000e+00 +/- 0.000000e+00  
  475  0.000000e+00 +/- 0.000000e+00  
  476  0.000000e+00 +/- 0.000000e+00  
  477  0.000000e+00 +/- 0.000000e+00  
  478  0.000000e+00 +/- 0.000000e+00  
  479  0.000000e+00 +/- 0.000000e+00  
  480  0.000000e+00 +/- 0.000000e+00  
  481  0.000000e+00 +/- 0.000000e+00  
  482  0.000000e+00 +/- 0.000000e+00  
  483  0.000000e+00 +/- 0.000000e+00  
  484  0.000000e+00 +/- 0.000000e+00  
  485  0.000000e+00 +/- 0.000000e+00  
  486  0.000000e+00 +/- 0.000000e+00  
  487  0.000000e+00 +/- 0.000000e+00  
  488  0.000000e+00 +/- 0.000000e+00  
  489  0.000000e+00 +/- 0.000000e+00  
  490  0.000000e+00 +/- 0.000000e+00  
  491  0.000000e+00 +/- 0.000000e+00  
  492  0.000000e+00 +/- 0.000000e+00  
  493  0.000000e+00 +/- 0.000000e+00  
  494  0.000000e+00 +/- 0.000000e+00  
  495  0.000000e+00 +/- 0.000000e+00  
  496  0.000000e+00 +/- 0.000000e+00  
  497  0.000000e+00 +/- 0.000000e+00  
  498  0.000000e+00 +/- 0.000000e+00  
  499  0.000000e+00 +/- 0.000000e+00  
  500  0.000000e+00 +/- 0.000000e+00  
  501  0.000000e+00 +/- 0.000000e+00  
  502  0.000000e+00 +/- 0.000000e+00  
  503  0.000000e+00 +/- 0.000000e+00  
  504  0.000000e+00 +/- 0.000000e+00  
  505  0.000000e+00 +/- 0.000000e+00  
  506  0.000000e+00 +/- 0.000000e+00  
  507  0.000000e+00 +/- 0.000000e+00  
  508  0.000000e+00 +/- 0.000000e+00  
  509  0.000000e+00 +/- 0.000000e+00  
  510  0.000000e+00 +/- 0.000000e+00  
  511  0.000000e+00 +/- 0.000000e+00  
  512  0.000000e+00 +/- 0.000000e+00  
  513  0.000000e+00 +/- 0.000000e+00  
  514  0.000000e+00 +/- 0.000000e+00  
  515  0.000000e+00 +/- 0.000000e+00  
  516  0.000000e+00 +/- 0.000000e+00  
  517  0.000000e+00 +/- 0.000000e+00  
  518  0.000000e+00 +/- 0.000000e+00  
  519  0.000000e+00 +/- 0.000000e+00  
  520  0.000000e+00 +/- 0.000000e+00  
  521  0.000000e+00 +/- 0.000000e+00  
  522  0.000000e+00 +/- 0.000000e+00  
  523  0.000000e+00 +/- 0.000000e+00  
  524  0.000000e+00 +/- 0.000000e+00  
  525  0.000000e+00 +/- 0.000000e+00  
  526  0.000000e+00 +/- 0.000000e+00  
  527  0.000000e+00 +/- 0.000000e+00  
  528  0.000000e+00 +/- 0.000000e+00  
  529  0.000000e+00 +/- 0.000000e+00  
  530  0.000000e+00 +/- 0.000000e+00  
  531  0.000000e+00 +/- 0.000000e+00  
  532  0.000000e+00 +/- 0.000000e+00  
  533  0.000000e+00 +/- 0.000000e+00  
  534  0.000000e+00 +/- 0.000000e+00  
  535  0.000000e+00 +/- 0.000000e+00  
  536  0.000000e+00 +/- 0.000000e+00  
  537  0.000000e+00 +/- 0.000000e+00  
  538  0.000000e+00 +/- 0.000000e+00  
  539  0.000000e+00 +/- 0.000000e+00  
  540  0.000000e+00 +/- 0.000000e+00  
  541  0.000000e+00 +/- 0.000000e+00  
  542  0.000000e+00 +/- 0.000000e+00  
  543  0.000000e+00 +/- 0.000000e+00  
  544  0.000000e+00 +/- 0.000000e+00  
  545  0.000000e+00 +/- 0.000000e+00  
  546  0.000000e+00 +/- 0.000000e+00  
  547  0.000000e+00 +/- 0.000000e+00  
  548  0.000000e+00 +/- 0.000000e+00  
  549  0.000000e+00 +/- 0.000000e+00  
  550  0.000000e+00 +/- 0.000000e+00  
  551  0.000000e+00 +/- 0.000000e+00  
  552  0.000000e+00 +/- 0.000000e+00  
  553  0.000000e+00 +/- 0.000000e+00  
  554  0.000000e+00 +/- 0.000000e+00  
  555  0.000000e+00 +/- 0.000000e+00  
  556  0.000000e+00 +/- 0.000000e+00  
  557  0.000000e+00 +/- 0.000000e+00  
  558  0.000000e+00 +/- 0.000000e+00  
  559  0.000000e+00 +/- 0.000000e+00  
  560  0.000000e+00 +/- 0.000000e+00  
  561  0.000000e+00 +/- 0.000000e+00  
  562  0.000000e+00 +/- 0.000000e+00  
  563  0.000000e+00 +/- 0.000000e+00  
  564  0.000000e+00 +/- 0.000000e+00  
  565  0.000000e+00 +/- 0.000000e+00  
  566  0.000000e+00 +/- 0.000000e+00  
  567  0.000000e+00 +/- 0.000000e+00  
  568  0.000000e+00 +/- 0.000000e+00  
  569  0.000000e+00 +/- 0.000000e+00  
  570  0.000000e+00 +/- 0.000000e+00  
  571  0.000000e+00 +/- 0.000000e+00  
  572  0.000000e+00 +/- 0.000000e+00  
  573  0.000000e+00 +/- 0.000000e+00  
  574  0.000000e+00 +/- 0.000000e+00  
  575  0.000000e+00 +/- 0.000000e+00  
  576  0.000000e+00 +/- 0.000000e+00  
  577  0.000000e+00 +/- 0.000000e+00  
  578  0.000000e+00 +/- 0.000000e+00  
  579  0.000000e+00 +/- 0.000000e+00  
  580  0.000000e+00 +/- 0.000000e+00  
  581  0.000000e+00 +/- 0.000000e+00  
  582  0.000000e+00 +/- 0.000000e+00  
  583  0.000000e+00 +/- 0.000000e+00  
  584  0.000000e+00 +/- 0.000000e+00  
  585  0.000000e+00 +/- 0.000000e+00  
  586  0.000000e+00 +/- 0.000000e+00  
  587  0.000000e+00 +/- 0.000000e+00  
  588  0.000000e+00 +/- 0.000000e+00  
  589  0.000000e+00 +/- 0.000000e+00  
  590  0.000000e+00 +/- 0.000000e+00  
  591  0.000000e+00 +/- 0.000000e+00  
  592  0.000000e+00 +/- 0.000000e+00  
  593  0.000000e+00 +/- 0.000000e+00  
  594  0.000000e+00 +/- 0.000000e+00  
  595  0.000000e+00 +/- 0.000000e+00  
  596  0.000000e+00 +/- 0.000000e+00  
  597  0.000000e+00 +/- 0.000000e+00  
  598  0.000000e+00 +/- 0.000000e+00  
  599  0.000000e+00 +/- 0.000000e+00  
  600  0.000000e+00 +/- 0.000000e+00  
  601  1.242827e-03 +/- 3.271017e-07  
  602  0.000000e+00 +/- 0.000000e+00  
  603  0.000000e+00 +/- 0.000000e+00  
  604  0.000000e+00 +/- 0.000000e+00  
  605  0.000000e+00 +/- 0.000000e+00  
  606  0.000000e+00 +/- 0.000000e+00  
  607  0.000000e+00 +/- 0.000000e+00  
  608  0.000000e+00 +/- 0.000000e+00  
  609  0.000000e+00 +/- 0.000000e+00  
  610  0.000000e+00 +/- 0.000000e+00  
  611  0.000000e+00 +/- 0.000000e+00  
  612  0.000000e+00 +/- 0.000000e+00  
  613  0.000000e+00 +/- 0.000000e+00  
  614  0.000000e+00 +/- 0.000000e+00  
  615  0.000000e+00 +/- 0.000000e+00  
  616  0.000000e+00 +/- 0.000000e+00  
  617  0.000000e+00 +/- 0.000000e+00  
  618  0.000000e+00 +/- 0.000000e+00  
  619  0.000000e+00 +/- 0.000000e+00  
  620  0.000000e+00 +/- 0.000000e+00  
  621  0.000000e+00 +/- 0.000000e+00  
  622  0.000000e+00 +/- 0.000000e+00  
  623  0.000000e+00 +/- 0.000000e+00  
  624  0.000000e+00 +/- 0.000000e+00  
  625  0.000000e+00 +/- 0.000000e+00  
  626  0.000000e+00 +/- 0.000000e+00  
  627  0.000000e+00 +/- 0.000000e+00  
  628  0.000000e+00 +/- 0.000000e+00  
  629  0.000000e+00 +/- 0.000000e+00  
  630  0.000000e+00 +/- 0.000000e+00  
  631  0.000000e+00 +/- 0.000000e+00  
  632  0.000000e+00 +/- 0.000000e+00  
  633  0.000000e+00 +/- 0.000000e+00  
  634  0.000000e+00 +/- 0.000000e+00  
  635  0.000000e+00 +/- 0.000000e+00  
  636  0.000000e+00 +/- 0.000000e+00  
  637  0.000000e+00 +/- 0.000000e+00  
  638  0.000000e+00 +/- 0.000000e+00  
  639  0.000000e+00 +/- 0.000000e+00  
  640  0.000000e+00 +/- 0.000000e+00  
  641  0.000000e+00 +/- 0.000000e+00  
  642  0.000000e+00 +/- 0.000000e+00  
  643  0.000000e+00 +/- 0.000000e+00  
  644  0.000000e+00 +/- 0.000000e+00  
  645  0.000000e+00 +/- 0.000000e+00  
  646  0.000000e+00 +/- 0.000000e+00  
  647  0.000000e+00 +/- 0.000000e+00  
  648  0.000000e+00 +/- 0.000000e+00  
  649  0.000000e+00 +/- 0.000000e+00  
  650  0.000000e+00 +/- 0.000000e+00  
  651  0.000000e+00 +/- 0.000000e+00  
  652  0.000000e+00 +/- 0.000000e+00  
  653  0.000000e+00 +/- 0.000000e+00  
  654  0.000000e+00 +/- 0.000000e+00  
  655  0.000000e+00 +/- 0.000000e+00  
  656  0.000000e+00 +/- 0.000000e+00  
  657  0.000000e+00 +/- 0.000000e+00  
  658  0.000000e+00 +/- 0.000000e+00  
  659  0.000000e+00 +/- 0.000000e+00  
  660  0.000000e+00 +/- 0.000000e+00  
  661  0.000000e+00 +/- 0.000000e+00  
  662  0.000000e+00 +/- 0.000000e+00  
  663  0.000000e+00 +/- 0.000000e+00  
  664  0.000000e+00 +/- 0.000000e+00  
  665  0.000000e+00 +/- 0.000000e+00  
  666  0.000000e+00 +/- 0.000000e+00  
  667  0.000000e+00 +/- 0.000000e+00  
  668  0.000000e+00 +/- 0.000000e+00  
  669  0.000000e+00 +/- 0.000000e+00  
  670  0.000000e+00 +/- 0.000000e+00  
  671  0.000000e+00 +/- 0.000000e+00  
  672  0.000000e+00 +/- 0.000000e+00  
  673  0.000000e+00 +/- 0.000000e+00  
  674  0.000000e+00 +/- 0.000000e+00  
  675  0.000000e+00 +/- 0.000000e+00  
  676  0.000000e+00 +/- 0.000000e+00  
  677  0.000000e+00 +/- 0.000000e+00  
  678  0.000000e+00 +/- 0.000000e+00  
  679  0.000000e+00 +/- 0.000000e+00  
  680  0.000000e+00 +/- 0.000000e+00  
  681  0.000000e+00 +/- 0.000000e+00  
  682  0.000000e+00 +/- 0.000000e+00  
  683  0.000000e+00 +/- 0.000000e+00  
  684  0.000000e+00 +/- 0.000000e+00  
  685  0.000000e+00 +/- 0.000000e+00  
  686  0.000000e+00 +/- 0.000000e+00  
  687  0.000000e+00 +/- 0.000000e+00  
  688  0.000000e+00 +/- 0.000000e+00  
  689  0.000000e+00 +/- 0.000000e+00  
  690  0.000000e+00 +/- 0.000000e+00  
  691  0.000000e+00 +/- 0.000000e+00  
  692  0.000000e+00 +/- 0.000000e+00  
  693  0.000000e+00 +/- 0.000000e+00  
  694  0.000000e+00 +/- 0.000000e+00  
  695  0.000000e+00 +/- 0.000000e+00  
  696  0.000000e+00 +/- 0.000000e+00  
  697  0.000000e+00 +/- 0.000000e+00  
  698  0.000000e+00 +/- 0.000000e+00  
  699  0.000000e+00 +/- 0.000000e+00  
  700  0.000000e+00 +/- 0.000000e+00  
  701  0.000000e+00 +/- 0.000000e+00  
  702  0.000000e+00 +/- 0.000000e+00  
  703  0.000000e+00 +/- 0.000000e+00  
  704  0.000000e+00 +/- 0.000000e+00  
  705  0.000000e+00 +/- 0.000000e+00  
  706  0.000000e+00 +/- 0.000000e+00  
  707  0.000000e+00 +/- 0.000000e+00  
  708  0.000000e+00 +/- 0.000000e+00  
  709  0.000000e+00 +/- 0.000000e+00  
  710  0.000000e+00 +/- 0.000000e+00  
  711  0.000000e+00 +/- 0.000000e+00  
  712  0.000000e+00 +/- 0.000000e+00  
  713  0.000000e+00 +/- 0.000000e+00  
  714  0.000000e+00 +/- 0.000000e+00  
  715  0.000000e+00 +/- 0.000000e+00  
  716  0.000000e+00 +/- 0.000000e+00  
  717  0.000000e+00 +/- 0.000000e+00  
  718  0.000000e+00 +/- 0.000000e+00  
  719  0.000000e+00 +/- 0.000000e+00  
  720  0.000000e+00 +/- 0.000000e+00  
  721  0.000000e+00 +/- 0.000000e+00  
  722  0.000000e+00 +/- 0.000000e+00  
  723  0.000000e+00 +/- 0.000000e+00  
  724  0.000000e+00 +/- 0.000000e+00  
  725  0.000000e+00 +/- 0.000000e+00  
  726  0.000000e+00 +/- 0.000000e+00  
  727  0.000000e+00 +/- 0.000000e+00  
  728  0.000000e+00 +/- 0.000000e+00  
  729  0.000000e+00 +/- 0.000000e+00  
  730  0.000000e+00 +/- 0.000000e+00  
  731  0.000000e+00 +/- 0.000000e+00  
  732  0.000000e+00 +/- 0.000000e+00  
  733  0.000000e+00 +/- 0.000000e+00  
  734  0.000000e+00 +/- 0.000000e+00  
  735  0.000000e+00 +/- 0.000000e+00  
  736  0.000000e+00 +/- 0.000000e+00  
  737  0.000000e+00 +/- 0.000000e+00  
  738  0.000000e+00 +/- 0.000000e+00  
  739  0.000000e+00 +/- 0.000000e+00  
  740  0.000000e+00 +/- 0.000000e+00  
  741  0.000000e+00 +/- 0.000000e+00  
  742  0.000000e+00 +/- 0.000000e+00  
  743  0.000000e+00 +/- 0.000000e+00  
  744  0.000000e+00 +/- 0.000000e+00  
  745  0.000000e+00 +/- 0.000000e+00  
  746  0.000000e+00 +/- 0.000000e+00  
  747  0.000000e+00 +/- 0.000000e+00  
  748  0.000000e+00 +/- 0.000000e+00  
  749  0.000000e+00 +/- 0.000000e+00  
  750  0.000000e+00 +/- 0.000000e+00  
  751  0.000000e+00 +/- 0.000000e+00  
  752  0.000000e+00 +/- 0.000000e+00  
  753  0.000000e+00 +/- 0.000000e+00  
  754  0.000000e+00 +/- 0.000000e+00  
  755  0.000000e+00 +/- 0.000000e+00  
  756  0.000000e+00 +/- 0.000000e+00  
  757  0.000000e+00 +/- 0.000000e+00  
  758  0.000000e+00 +/- 0.000000e+00  
  759  0.000000e+00 +/- 0.000000e+00  
  760  0.000000e+00 +/- 0.000000e+00  
  761  0.000000e+00 +/- 0.000000e+00  
  762  0.000000e+00 +/- 0.000000e+00  
  763  0.000000e+00 +/- 0.000000e+00  
  764  0.000000e+00 +/- 0.000000e+00  
  765  0.000000e+00 +/- 0.000000e+00  
  766  0.000000e+00 +/- 0.000000e+00  
  767  0.000000e+00 +/- 0.000000e+00  
  768  0.000000e+00 +/- 0.000000e+00  
  769  0.000000e+00 +/- 0.000000e+00  
  770  0.000000e+00 +/- 0.000000e+00  
  771  0.000000e+00 +/- 0.000000e+00  
  772  0.000000e+00 +/- 0.000000e+00  
  773  0.000000e+00 +/- 0.000000e+00  
  774  0.000000e+00 +/- 0.000000e+00  
  775  0.000000e+00 +/- 0.000000e+00  
  776  0.000000e+00 +/- 0.000000e+00  
  777  0.000000e+00 +/- 0.000000e+00  
  778  0.000000e+00 +/- 0.000000e+00  
  779  0.000000e+00 +/- 0.000000e+00  
  780  0.000000e+00 +/- 0.000000e+00  
  781  0.000000e+00 +/- 0.000000e+00  
  782  0.000000e+00 +/- 0.000000e+00  
  783  0.000000e+00 +/- 0.000000e+00  
  784  0.000000e+00 +/- 0.000000e+00  
  785  0.000000e+00 +/- 0.000000e+00  
  786  0.000000e+00 +/- 0.000000e+00  
  787  0.000000e+00 +/- 0.000000e+00  
  788  0.000000e+00 +/- 0.000000e+00  
  789  0.000000e+00 +/- 0.000000e+00  
  790  0.000000e+00 +/- 0.000000e+00  
  791  0.000000e+00 +/- 0.000000e+00  
  792  0.000000e+00 +/- 0.000000e+00  
  793  0.000000e+00 +/- 0.000000e+00  
  794  0.000000e+00 +/- 0.000000e+00  
  795  0.000000e+00 +/- 0.000000e+00  
  796  0.000000e+00 +/- 0.000000e+00  
  797  0.000000e+00 +/- 0.000000e+00  
  798  0.000000e+00 +/- 0.000000e+00  
  799  0.000000e+00 +/- 0.000000e+00  
  800  0.000000e+00 +/- 0.000000e+00  
  801  2.327731e-02 +/- 2.765576e-06  

Particle Track Scoring (tracks)
======================================================
   Total events scored:     0
   Total tracks scored:     0
   Still being scored:      0
   Output file name:        /home/rsmina/EGSnrc/egs_home/TB/phspBladesXrayWindow.ptracks


======================================================
Dose Scoring Object(profilexFilm)
======================================================
=> last case = 2165990889 fluence = 2.0865e+13

==> Summary of region dosimetry (per fluence)
 ir medium       rho/[g/cm3]  V/cm3    Edep/[MeV*cm2]            D/[Gy*cm2]         
------------------------------------------------------------------------------------
  0 film          1.140     1.0000 7.2146e-14 +/- 6.273  % 1.0138e-23 +/- 6.273  %
  1 film          1.140     1.0000 8.4569e-14 +/- 6.871  % 1.1884e-23 +/- 6.871  %
  2 film          1.140     1.0000 8.9056e-14 +/- 6.667  % 1.2515e-23 +/- 6.667  %
  3 film          1.140     1.0000 1.1355e-13 +/- 6.521  % 1.5956e-23 +/- 6.521  %
  4 film          1.140     1.0000 1.1034e-13 +/- 6.004  % 1.5505e-23 +/- 6.004  %
  5 film          1.140     1.0000 9.2166e-14 +/- 5.990  % 1.2952e-23 +/- 5.990  %
  6 film          1.140     1.0000 1.0388e-13 +/- 4.846  % 1.4598e-23 +/- 4.846  %
  7 film          1.140     1.0000 1.2139e-13 +/- 4.242  % 1.7059e-23 +/- 4.242  %
  8 film          1.140     1.0000 1.1633e-13 +/- 4.709  % 1.6348e-23 +/- 4.709  %
  9 film          1.140     1.0000 1.2159e-13 +/- 4.167  % 1.7087e-23 +/- 4.167  %
 10 film          1.140     1.0000 1.2992e-13 +/- 5.306  % 1.8258e-23 +/- 5.306  %
 11 film          1.140     1.0000 1.3900e-13 +/- 4.244  % 1.9534e-23 +/- 4.244  %
 12 film          1.140     1.0000 1.3151e-13 +/- 4.163  % 1.8481e-23 +/- 4.163  %
 13 film          1.140     1.0000 1.5834e-13 +/- 3.834  % 2.2251e-23 +/- 3.834  %
 14 film          1.140     1.0000 1.6809e-13 +/- 3.512  % 2.3621e-23 +/- 3.512  %
 15 film          1.140     1.0000 1.5786e-13 +/- 4.186  % 2.2184e-23 +/- 4.186  %
 16 film          1.140     1.0000 1.7269e-13 +/- 4.043  % 2.4267e-23 +/- 4.043  %
 17 film          1.140     1.0000 1.7636e-13 +/- 3.506  % 2.4783e-23 +/- 3.506  %
 18 film          1.140     1.0000 1.7502e-13 +/- 3.416  % 2.4595e-23 +/- 3.416  %
 19 film          1.140     1.0000 1.9108e-13 +/- 4.149  % 2.6852e-23 +/- 4.149  %
 20 film          1.140     1.0000 1.9304e-13 +/- 3.300  % 2.7127e-23 +/- 3.300  %
 21 film          1.140     1.0000 1.9244e-13 +/- 3.272  % 2.7043e-23 +/- 3.272  %
 22 film          1.140     1.0000 2.1071e-13 +/- 3.289  % 2.9610e-23 +/- 3.289  %
 23 film          1.140     1.0000 2.1453e-13 +/- 3.331  % 3.0147e-23 +/- 3.331  %
 24 film          1.140     1.0000 2.5666e-13 +/- 3.592  % 3.6067e-23 +/- 3.592  %
 25 film          1.140     1.0000 2.5595e-13 +/- 3.016  % 3.5968e-23 +/- 3.016  %
 26 film          1.140     1.0000 2.6848e-13 +/- 2.795  % 3.7729e-23 +/- 2.795  %
 27 film          1.140     1.0000 2.6662e-13 +/- 2.801  % 3.7467e-23 +/- 2.801  %
 28 film          1.140     1.0000 3.0546e-13 +/- 2.826  % 4.2925e-23 +/- 2.826  %
 29 film          1.140     1.0000 3.6223e-13 +/- 2.479  % 5.0902e-23 +/- 2.479  %
 30 film          1.140     1.0000 4.6881e-13 +/- 2.140  % 6.5880e-23 +/- 2.140  %
 31 film          1.140     1.0000 5.3656e-13 +/- 2.070  % 7.5401e-23 +/- 2.070  %
 32 film          1.140     1.0000 6.3944e-13 +/- 1.861  % 8.9857e-23 +/- 1.861  %
 33 film          1.140     1.0000 8.4515e-13 +/- 1.543  % 1.1877e-22 +/- 1.543  %
 34 film          1.140     1.0000 9.5279e-13 +/- 1.522  % 1.3389e-22 +/- 1.522  %
 35 film          1.140     1.0000 1.2052e-12 +/- 1.350  % 1.6936e-22 +/- 1.350  %
 36 film          1.140     1.0000 1.3481e-12 +/- 1.255  % 1.8944e-22 +/- 1.255  %
 37 film          1.140     1.0000 1.4298e-12 +/- 1.221  % 2.0093e-22 +/- 1.221  %
 38 film          1.140     1.0000 1.7197e-12 +/- 1.116  % 2.4167e-22 +/- 1.116  %
 39 film          1.140     1.0000 1.8271e-12 +/- 1.091  % 2.5676e-22 +/- 1.091  %
 40 film          1.140     1.0000 1.9019e-12 +/- 1.059  % 2.6726e-22 +/- 1.059  %
 41 film          1.140     1.0000 1.9128e-12 +/- 1.053  % 2.6880e-22 +/- 1.053  %
 42 film          1.140     1.0000 1.9543e-12 +/- 1.040  % 2.7463e-22 +/- 1.040  %
 43 film          1.140     1.0000 2.0096e-12 +/- 1.023  % 2.8240e-22 +/- 1.023  %
 44 film          1.140     1.0000 2.0815e-12 +/- 0.989  % 2.9251e-22 +/- 0.989  %
 45 film          1.140     1.0000 2.0831e-12 +/- 0.997  % 2.9273e-22 +/- 0.997  %
 46 film          1.140     1.0000 2.0665e-12 +/- 1.002  % 2.9040e-22 +/- 1.002  %
 47 film          1.140     1.0000 2.1269e-12 +/- 0.992  % 2.9888e-22 +/- 0.992  %
 48 film          1.140     1.0000 1.9579e-12 +/- 1.046  % 2.7514e-22 +/- 1.046  %
 49 film          1.140     1.0000 2.0954e-12 +/- 1.002  % 2.9445e-22 +/- 1.002  %
 50 film          1.140     1.0000 2.0057e-12 +/- 1.035  % 2.8185e-22 +/- 1.035  %
 51 film          1.140     1.0000 2.0461e-12 +/- 1.014  % 2.8753e-22 +/- 1.014  %
 52 film          1.140     1.0000 2.0463e-12 +/- 1.008  % 2.8757e-22 +/- 1.008  %
 53 film          1.140     1.0000 2.0399e-12 +/- 1.013  % 2.8666e-22 +/- 1.013  %
 54 film          1.140     1.0000 2.1352e-12 +/- 1.004  % 3.0005e-22 +/- 1.004  %
 55 film          1.140     1.0000 2.0453e-12 +/- 1.013  % 2.8741e-22 +/- 1.013  %
 56 film          1.140     1.0000 1.9737e-12 +/- 1.050  % 2.7735e-22 +/- 1.050  %
 57 film          1.140     1.0000 2.2539e-12 +/- 0.971  % 3.1673e-22 +/- 0.971  %
 58 film          1.140     1.0000 2.0982e-12 +/- 1.005  % 2.9485e-22 +/- 1.005  %
 59 film          1.140     1.0000 2.0058e-12 +/- 1.031  % 2.8186e-22 +/- 1.031  %
 60 film          1.140     1.0000 2.1484e-12 +/- 0.988  % 3.0191e-22 +/- 0.988  %
 61 film          1.140     1.0000 2.1587e-12 +/- 0.987  % 3.0336e-22 +/- 0.987  %
 62 film          1.140     1.0000 2.1089e-12 +/- 1.013  % 2.9635e-22 +/- 1.013  %
 63 film          1.140     1.0000 2.0923e-12 +/- 0.996  % 2.9402e-22 +/- 0.996  %
 64 film          1.140     1.0000 2.0437e-12 +/- 1.025  % 2.8719e-22 +/- 1.025  %
 65 film          1.140     1.0000 2.1154e-12 +/- 0.993  % 2.9727e-22 +/- 0.993  %
 66 film          1.140     1.0000 2.1571e-12 +/- 0.981  % 3.0313e-22 +/- 0.981  %
 67 film          1.140     1.0000 2.1535e-12 +/- 0.997  % 3.0262e-22 +/- 0.997  %
 68 film          1.140     1.0000 2.0974e-12 +/- 1.014  % 2.9475e-22 +/- 1.014  %
 69 film          1.140     1.0000 2.1138e-12 +/- 0.997  % 2.9704e-22 +/- 0.997  %
 70 film          1.140     1.0000 2.3158e-12 +/- 0.948  % 3.2543e-22 +/- 0.948  %
 71 film          1.140     1.0000 2.0369e-12 +/- 1.008  % 2.8624e-22 +/- 1.008  %
 72 film          1.140     1.0000 2.0893e-12 +/- 1.009  % 2.9360e-22 +/- 1.009  %
 73 film          1.140     1.0000 2.1180e-12 +/- 0.989  % 2.9763e-22 +/- 0.989  %
 74 film          1.140     1.0000 2.2510e-12 +/- 0.981  % 3.1633e-22 +/- 0.981  %
 75 film          1.140     1.0000 2.1270e-12 +/- 0.995  % 2.9890e-22 +/- 0.995  %
 76 film          1.140     1.0000 2.1294e-12 +/- 0.987  % 2.9923e-22 +/- 0.987  %
 77 film          1.140     1.0000 2.0289e-12 +/- 1.018  % 2.8512e-22 +/- 1.018  %
 78 film          1.140     1.0000 2.1836e-12 +/- 0.984  % 3.0686e-22 +/- 0.984  %
 79 film          1.140     1.0000 2.1799e-12 +/- 0.965  % 3.0633e-22 +/- 0.965  %
 80 film          1.140     1.0000 2.3517e-12 +/- 0.940  % 3.3048e-22 +/- 0.940  %
 81 film          1.140     1.0000 2.2015e-12 +/- 0.988  % 3.0937e-22 +/- 0.988  %
 82 film          1.140     1.0000 1.9848e-12 +/- 1.026  % 2.7892e-22 +/- 1.026  %
 83 film          1.140     1.0000 2.1755e-12 +/- 0.983  % 3.0571e-22 +/- 0.983  %
 84 film          1.140     1.0000 2.0385e-12 +/- 1.025  % 2.8647e-22 +/- 1.025  %
 85 film          1.140     1.0000 2.2044e-12 +/- 0.975  % 3.0977e-22 +/- 0.975  %
 86 film          1.140     1.0000 2.2370e-12 +/- 0.956  % 3.1435e-22 +/- 0.956  %
 87 film          1.140     1.0000 2.1540e-12 +/- 0.980  % 3.0270e-22 +/- 0.980  %
 88 film          1.140     1.0000 2.0813e-12 +/- 1.018  % 2.9248e-22 +/- 1.018  %
 89 film          1.140     1.0000 2.3150e-12 +/- 0.959  % 3.2532e-22 +/- 0.959  %
 90 film          1.140     1.0000 2.1720e-12 +/- 0.983  % 3.0522e-22 +/- 0.983  %
 91 film          1.140     1.0000 2.2742e-12 +/- 0.966  % 3.1959e-22 +/- 0.966  %
 92 film          1.140     1.0000 2.3273e-12 +/- 0.949  % 3.2705e-22 +/- 0.949  %
 93 film          1.140     1.0000 2.2250e-12 +/- 0.989  % 3.1267e-22 +/- 0.989  %
 94 film          1.140     1.0000 2.1485e-12 +/- 1.006  % 3.0191e-22 +/- 1.006  %
 95 film          1.140     1.0000 2.1654e-12 +/- 0.978  % 3.0430e-22 +/- 0.978  %
 96 film          1.140     1.0000 2.2284e-12 +/- 0.966  % 3.1315e-22 +/- 0.966  %
 97 film          1.140     1.0000 2.2339e-12 +/- 0.984  % 3.1393e-22 +/- 0.984  %
 98 film          1.140     1.0000 2.0457e-12 +/- 1.011  % 2.8747e-22 +/- 1.011  %
 99 film          1.140     1.0000 2.1323e-12 +/- 0.981  % 2.9965e-22 +/- 0.981  %
100 film          1.140     1.0000 2.2168e-12 +/- 0.996  % 3.1152e-22 +/- 0.996  %
101 film          1.140     1.0000 2.1266e-12 +/- 1.005  % 2.9884e-22 +/- 1.005  %
102 film          1.140     1.0000 2.2212e-12 +/- 0.974  % 3.1213e-22 +/- 0.974  %
103 film          1.140     1.0000 2.2601e-12 +/- 0.968  % 3.1760e-22 +/- 0.968  %
104 film          1.140     1.0000 2.2095e-12 +/- 0.965  % 3.1050e-22 +/- 0.965  %
105 film          1.140     1.0000 2.2021e-12 +/- 0.993  % 3.0945e-22 +/- 0.993  %
106 film          1.140     1.0000 2.1188e-12 +/- 1.003  % 2.9774e-22 +/- 1.003  %
107 film          1.140     1.0000 2.1297e-12 +/- 0.988  % 2.9928e-22 +/- 0.988  %
108 film          1.140     1.0000 2.0436e-12 +/- 1.042  % 2.8718e-22 +/- 1.042  %
109 film          1.140     1.0000 2.3511e-12 +/- 0.936  % 3.3040e-22 +/- 0.936  %
110 film          1.140     1.0000 2.2765e-12 +/- 0.965  % 3.1991e-22 +/- 0.965  %
111 film          1.140     1.0000 2.2436e-12 +/- 0.960  % 3.1528e-22 +/- 0.960  %
112 film          1.140     1.0000 1.9581e-12 +/- 1.032  % 2.7517e-22 +/- 1.032  %
113 film          1.140     1.0000 2.1674e-12 +/- 0.980  % 3.0457e-22 +/- 0.980  %
114 film          1.140     1.0000 2.0920e-12 +/- 1.021  % 2.9398e-22 +/- 1.021  %
115 film          1.140     1.0000 2.1724e-12 +/- 1.009  % 3.0528e-22 +/- 1.009  %
116 film          1.140     1.0000 2.2676e-12 +/- 0.980  % 3.1865e-22 +/- 0.980  %
117 film          1.140     1.0000 2.0318e-12 +/- 1.048  % 2.8552e-22 +/- 1.048  %
118 film          1.140     1.0000 2.0926e-12 +/- 1.010  % 2.9407e-22 +/- 1.010  %
119 film          1.140     1.0000 2.0963e-12 +/- 1.002  % 2.9459e-22 +/- 1.002  %
120 film          1.140     1.0000 2.2575e-12 +/- 0.986  % 3.1723e-22 +/- 0.986  %
121 film          1.140     1.0000 2.0455e-12 +/- 1.027  % 2.8745e-22 +/- 1.027  %
122 film          1.140     1.0000 2.2384e-12 +/- 0.990  % 3.1456e-22 +/- 0.990  %
123 film          1.140     1.0000 2.1141e-12 +/- 0.995  % 2.9708e-22 +/- 0.995  %
124 film          1.140     1.0000 2.1819e-12 +/- 0.985  % 3.0662e-22 +/- 0.985  %
125 film          1.140     1.0000 2.2025e-12 +/- 0.981  % 3.0951e-22 +/- 0.981  %
126 film          1.140     1.0000 2.2544e-12 +/- 0.972  % 3.1681e-22 +/- 0.972  %
127 film          1.140     1.0000 2.2703e-12 +/- 0.964  % 3.1904e-22 +/- 0.964  %
128 film          1.140     1.0000 2.0591e-12 +/- 1.008  % 2.8936e-22 +/- 1.008  %
129 film          1.140     1.0000 2.1142e-12 +/- 1.004  % 2.9710e-22 +/- 1.004  %
130 film          1.140     1.0000 2.0957e-12 +/- 0.998  % 2.9450e-22 +/- 0.998  %
131 film          1.140     1.0000 1.9780e-12 +/- 1.054  % 2.7796e-22 +/- 1.054  %
132 film          1.140     1.0000 2.1937e-12 +/- 0.985  % 3.0827e-22 +/- 0.985  %
133 film          1.140     1.0000 2.2355e-12 +/- 0.966  % 3.1415e-22 +/- 0.966  %
134 film          1.140     1.0000 2.0751e-12 +/- 0.999  % 2.9161e-22 +/- 0.999  %
135 film          1.140     1.0000 2.0578e-12 +/- 1.019  % 2.8918e-22 +/- 1.019  %
136 film          1.140     1.0000 1.9655e-12 +/- 1.031  % 2.7621e-22 +/- 1.031  %
137 film          1.140     1.0000 2.2450e-12 +/- 0.971  % 3.1548e-22 +/- 0.971  %
138 film          1.140     1.0000 2.0413e-12 +/- 1.003  % 2.8686e-22 +/- 1.003  %
139 film          1.140     1.0000 2.1754e-12 +/- 0.976  % 3.0570e-22 +/- 0.976  %
140 film          1.140     1.0000 2.0468e-12 +/- 1.012  % 2.8763e-22 +/- 1.012  %
141 film          1.140     1.0000 2.2076e-12 +/- 0.979  % 3.1022e-22 +/- 0.979  %
142 film          1.140     1.0000 1.9875e-12 +/- 1.036  % 2.7930e-22 +/- 1.036  %
143 film          1.140     1.0000 2.1826e-12 +/- 0.985  % 3.0671e-22 +/- 0.985  %
144 film          1.140     1.0000 2.0914e-12 +/- 1.009  % 2.9389e-22 +/- 1.009  %
145 film          1.140     1.0000 2.1405e-12 +/- 0.982  % 3.0079e-22 +/- 0.982  %
146 film          1.140     1.0000 1.9874e-12 +/- 1.030  % 2.7929e-22 +/- 1.030  %
147 film          1.140     1.0000 1.9510e-12 +/- 1.035  % 2.7416e-22 +/- 1.035  %
148 film          1.140     1.0000 2.0508e-12 +/- 1.021  % 2.8820e-22 +/- 1.021  %
149 film          1.140     1.0000 2.1395e-12 +/- 0.998  % 3.0066e-22 +/- 0.998  %
150 film          1.140     1.0000 1.9175e-12 +/- 1.035  % 2.6945e-22 +/- 1.035  %
151 film          1.140     1.0000 2.0675e-12 +/- 0.993  % 2.9054e-22 +/- 0.993  %
152 film          1.140     1.0000 1.9591e-12 +/- 1.024  % 2.7530e-22 +/- 1.024  %
153 film          1.140     1.0000 1.9873e-12 +/- 1.027  % 2.7927e-22 +/- 1.027  %
154 film          1.140     1.0000 2.0159e-12 +/- 1.029  % 2.8328e-22 +/- 1.029  %
155 film          1.140     1.0000 1.8851e-12 +/- 1.084  % 2.6491e-22 +/- 1.084  %
156 film          1.140     1.0000 2.1016e-12 +/- 1.003  % 2.9533e-22 +/- 1.003  %
157 film          1.140     1.0000 1.9133e-12 +/- 1.036  % 2.6887e-22 +/- 1.036  %
158 film          1.140     1.0000 1.8754e-12 +/- 1.045  % 2.6354e-22 +/- 1.045  %
159 film          1.140     1.0000 1.8761e-12 +/- 1.064  % 2.6364e-22 +/- 1.064  %
160 film          1.140     1.0000 1.7926e-12 +/- 1.097  % 2.5191e-22 +/- 1.097  %
161 film          1.140     1.0000 1.6643e-12 +/- 1.123  % 2.3388e-22 +/- 1.123  %
162 film          1.140     1.0000 1.6192e-12 +/- 1.154  % 2.2754e-22 +/- 1.154  %
163 film          1.140     1.0000 1.2616e-12 +/- 1.322  % 1.7729e-22 +/- 1.322  %
164 film          1.140     1.0000 1.2935e-12 +/- 1.310  % 1.8177e-22 +/- 1.310  %
165 film          1.140     1.0000 1.0077e-12 +/- 1.444  % 1.4161e-22 +/- 1.444  %
166 film          1.140     1.0000 8.6085e-13 +/- 1.534  % 1.2097e-22 +/- 1.534  %
167 film          1.140     1.0000 7.2769e-13 +/- 1.792  % 1.0226e-22 +/- 1.792  %
168 film          1.140     1.0000 5.6159e-13 +/- 1.962  % 7.8919e-23 +/- 1.962  %
169 film          1.140     1.0000 4.2876e-13 +/- 2.247  % 6.0253e-23 +/- 2.247  %
170 film          1.140     1.0000 3.4007e-13 +/- 2.600  % 4.7789e-23 +/- 2.600  %
171 film          1.140     1.0000 3.1090e-13 +/- 2.590  % 4.3689e-23 +/- 2.590  %
172 film          1.140     1.0000 3.0384e-13 +/- 2.847  % 4.2698e-23 +/- 2.847  %
173 film          1.140     1.0000 2.7162e-13 +/- 3.110  % 3.8169e-23 +/- 3.110  %
174 film          1.140     1.0000 2.3885e-13 +/- 2.936  % 3.3565e-23 +/- 2.936  %
175 film          1.140     1.0000 2.5686e-13 +/- 3.096  % 3.6096e-23 +/- 3.096  %
176 film          1.140     1.0000 2.2328e-13 +/- 3.250  % 3.1376e-23 +/- 3.250  %
177 film          1.140     1.0000 2.2215e-13 +/- 3.424  % 3.1218e-23 +/- 3.424  %
178 film          1.140     1.0000 2.1042e-13 +/- 3.641  % 2.9569e-23 +/- 3.641  %
179 film          1.140     1.0000 1.8313e-13 +/- 3.664  % 2.5735e-23 +/- 3.664  %
180 film          1.140     1.0000 1.9922e-13 +/- 3.434  % 2.7996e-23 +/- 3.434  %
181 film          1.140     1.0000 1.7624e-13 +/- 3.614  % 2.4766e-23 +/- 3.614  %
182 film          1.140     1.0000 1.6824e-13 +/- 4.360  % 2.3643e-23 +/- 4.360  %
183 film          1.140     1.0000 1.5577e-13 +/- 3.916  % 2.1889e-23 +/- 3.916  %
184 film          1.140     1.0000 1.5529e-13 +/- 3.588  % 2.1822e-23 +/- 3.588  %
185 film          1.140     1.0000 1.3087e-13 +/- 4.316  % 1.8390e-23 +/- 4.316  %
186 film          1.140     1.0000 1.5100e-13 +/- 4.530  % 2.1220e-23 +/- 4.530  %
187 film          1.140     1.0000 1.8161e-13 +/- 4.009  % 2.5521e-23 +/- 4.009  %
188 film          1.140     1.0000 1.4878e-13 +/- 4.100  % 2.0907e-23 +/- 4.100  %
189 film          1.140     1.0000 1.2984e-13 +/- 4.392  % 1.8246e-23 +/- 4.392  %
190 film          1.140     1.0000 1.2509e-13 +/- 4.710  % 1.7578e-23 +/- 4.710  %
191 film          1.140     1.0000 1.2253e-13 +/- 5.152  % 1.7218e-23 +/- 5.152  %
192 film          1.140     1.0000 1.0585e-13 +/- 5.584  % 1.4874e-23 +/- 5.584  %
193 film          1.140     1.0000 1.0096e-13 +/- 5.159  % 1.4187e-23 +/- 5.159  %
194 film          1.140     1.0000 1.1847e-13 +/- 6.133  % 1.6649e-23 +/- 6.133  %
195 film          1.140     1.0000 1.0226e-13 +/- 6.784  % 1.4371e-23 +/- 6.784  %
196 film          1.140     1.0000 1.1008e-13 +/- 4.645  % 1.5469e-23 +/- 4.645  %
197 film          1.140     1.0000 9.9298e-14 +/- 6.495  % 1.3954e-23 +/- 6.495  %
198 film          1.140     1.0000 9.3310e-14 +/- 7.011  % 1.3112e-23 +/- 7.011  %
199 film          1.140     1.0000 8.3075e-14 +/- 7.203  % 1.1674e-23 +/- 7.203  %
200 pb           11.350     1.0000 1.1646e-06 +/- 0.004  % 1.6438e-17 +/- 0.004  %
201 air           0.001     1.0000 7.2760e-10 +/- 0.041  % 9.6748e-17 +/- 0.041  %
202 pb           11.350     1.0000 2.0044e-06 +/- 0.003  % 2.8291e-17 +/- 0.003  %
203 steel         8.060     1.0000 1.5801e-08 +/- 0.031  % 3.1405e-19 +/- 0.031  %
204 air           0.001     1.0000 3.5627e-10 +/- 0.050  % 4.7373e-17 +/- 0.050  %
205 steel         8.060     1.0000 1.6089e-08 +/- 0.030  % 3.1978e-19 +/- 0.030  %
209 pb           11.350     1.0000 4.6115e-07 +/- 0.007  % 6.5089e-18 +/- 0.007  %
210 air           0.001     1.0000 2.1629e-10 +/- 0.075  % 2.8760e-17 +/- 0.075  %
211 pb           11.350     1.0000 4.6273e-07 +/- 0.007  % 6.5312e-18 +/- 0.007  %
212 steel         8.060     1.0000 5.6202e-09 +/- 0.051  % 1.1171e-19 +/- 0.051  %
213 air           0.001     1.0000 9.8052e-11 +/- 0.097  % 1.3038e-17 +/- 0.097  %
214 steel         8.060     1.0000 5.6617e-09 +/- 0.051  % 1.1253e-19 +/- 0.051  %
218 steel         8.060     1.0000 1.7537e-11 +/- 0.606  % 3.4856e-22 +/- 0.606  %
219 steel         8.060     1.0000 3.8280e-10 +/- 0.112  % 7.6085e-21 +/- 0.112  %
220 steel         8.060     1.0000 1.7335e-11 +/- 0.588  % 3.4455e-22 +/- 0.588  %
221 steel         8.060     1.0000 5.4527e-08 +/- 0.021  % 1.0838e-18 +/- 0.021  %
222 air           0.001     1.0000 8.0836e-10 +/- 0.039  % 1.0749e-16 +/- 0.039  %
223 steel         8.060     1.0000 5.4849e-08 +/- 0.020  % 1.0902e-18 +/- 0.020  %
224 steel         8.060     1.0000 1.7826e-11 +/- 0.592  % 3.5432e-22 +/- 0.592  %
225 steel         8.060     1.0000 3.8453e-10 +/- 0.112  % 7.6429e-21 +/- 0.112  %
226 steel         8.060     1.0000 1.7679e-11 +/- 0.589  % 3.5139e-22 +/- 0.589  %
227 air           0.001     1.0000 7.4718e-09 +/- 0.020  % 9.9351e-16 +/- 0.020  %
254 air           0.001     1.0000 4.4334e-09 +/- 0.017  % 5.8951e-16 +/- 0.017  %
400 polystyrene   1.060     1.0000 5.1816e-07 +/- 0.005  % 7.8311e-17 +/- 0.005  %
600 air           0.001     1.0000 6.4701e-09 +/- 0.026  % 8.6032e-16 +/- 0.026  %
------------------------------------------------------------------------------------

 EGS_DoseScoring: Writing dose data for EGS_XYZGeometry profilex... 
 Output file name: /home/rsmina/EGSnrc/egs_home/TB/profilexFilm.3ddose

======================================================


================================================================================
Finished simulation

  Elapsed time:                   40.2 s (  0.011 h)
  CPU time:                        5.4 s (  0.001 h)
  Ratio:                          7.446


End of run                                             Thu Nov 23 20:04:44 2023
================================================================================
finishSimulation(TB) 0
