In EGS_Application::initSimulation()
================================================================================
EGSnrc version 4 for x86_64-unknown-linux-gnu          Wed Sep 13 19:46:25 2023
================================================================================
configuration.............................................linux
configuration time........................................unknown
app compile time..........................................2023-04-17 09:57:37 UTC
git commit hash...........................................e2cef22
application...............................................TB
pegs file.................................................
using host................................................narvi.cc.tut.fi
input file................................................SourceBladesXrayWindow
output file(s)............................................SourceBladesXrayWindow
================================================================================

               ***************************************************
               *                                                 *
               *                  TB                       *
               *                                                 *
               ***************************************************

This is TB   based on
      EGS_AdvancedApplication  

In initCrossSections(): spin effects = 1
Property Photon cross-sections output: 0
Property Photonuclear attenuation: 0
Property Bound Compton scattering: 1
Property Radiative Compton corrections: 1
Property Rayleigh scattering: 1
Property Atomic relaxations: 1
Property Photoelectron angular sampling: 1
Property Spin effects: 1
Property Triplet production: 1
Property Brems cross sections: 2
Property Brems angular sampling: 1
Property Pair cross sections: 1
Property Pair angular sampling: 2
Property Electron-step algorithm: 2
Property Boundary crossing algorithm: 0
 ===> Photonuclear flag:   0
 RAYLEIGH OPTION REQUESTED FOR MEDIUM NUMBER  1

 RAYLEIGH OPTION REQUESTED FOR MEDIUM NUMBER  2

 RAYLEIGH OPTION REQUESTED FOR MEDIUM NUMBER  3

 RAYLEIGH OPTION REQUESTED FOR MEDIUM NUMBER  4

 RAYLEIGH OPTION REQUESTED FOR MEDIUM NUMBER  5

 RAYLEIGH OPTION REQUESTED FOR MEDIUM NUMBER  6

 RAYLEIGH OPTION REQUESTED FOR MEDIUM NUMBER  7

 RAYLEIGH OPTION REQUESTED FOR MEDIUM NUMBER  8

  PEGSLESS INPUT.  CALCULATING ELECTRON CROSS-SECTIONS.
  density_file carbon_graphite_icru90_2.0g_cm3                                                                                                                                                                                                                                 
  density_file molybdenum                                                                                                                                                                                                                                                      
  density_file beryllium                                                                                                                                                                                                                                                       
  density_file steel_stainless_type302                                                                                                                                                                                                                                         
  density_file aluminumalloy_type1100                                                                                                                                                                                                                                          
  density_file air_dry_nearsealevel                                                                                                                                                                                                                                            

  Medium data: 

 AE =    5.12000E-01 MeV,  UE =    1.51100E+00 MeV
 AP =    1.00000E-03 MeV,  UP =    1.00000E+00 MeV

  No material data file supplied.  Material data obtained from
  .egsinp file or density correction file.

   Medium: graphite                
 Sterncid: graphite                
     rho:    2.00000E+00 g/cm^3
 Elements: C   
    rhoz:    1.00000E+00
      pz:    8.32560E-02
  iunrst:     0
  iaprim:     1
    gasp:    0.00000E+00 atm.
  density correction file: /home/rsmina/EGSnrc/HEN_HOUSE/pegs4/density_corrections/elements/carbon_graphite_icru90_2.0g_cm3.density

   Medium: target_material         
 Sterncid: target_material         
     rho:    1.93860E+01 g/cm^3
 Elements: W   RE  
    rhoz:    9.50000E-01   5.00000E-02
      pz:    5.16726E-03   2.68528E-04
  iunrst:     0
  iaprim:     1
    gasp:    0.00000E+00 atm.

   Medium: molybdenum              
 Sterncid: molybdenum              
     rho:    1.02200E+01 g/cm^3
 Elements: MO  
    rhoz:    1.00000E+00
      pz:    1.04232E-02
  iunrst:     0
  iaprim:     1
    gasp:    0.00000E+00 atm.
  density correction file: /home/rsmina/EGSnrc/HEN_HOUSE/pegs4/density_corrections/elements/molybdenum.density

   Medium: beryllium               
 Sterncid: beryllium               
     rho:    1.84800E+00 g/cm^3
 Elements: BE  
    rhoz:    1.00000E+00
      pz:    1.10961E-01
  iunrst:     0
  iaprim:     1
    gasp:    0.00000E+00 atm.
  density correction file: /home/rsmina/EGSnrc/HEN_HOUSE/pegs4/density_corrections/elements/beryllium.density

   Medium: steel                   
 Sterncid: steel                   
     rho:    8.06000E+00 g/cm^3
 Elements: C   SI  CR  MN  FE  NI  
    rhoz:    1.00000E-03   7.00000E-03   1.80000E-01   1.00000E-02   7.12000E-01   9.00000E-02
      pz:    8.32560E-05   2.49217E-04   3.46167E-03   1.82023E-04   1.27491E-02   1.53296E-03
  iunrst:     0
  iaprim:     1
    gasp:    0.00000E+00 atm.
  density correction file: /home/rsmina/EGSnrc/HEN_HOUSE/pegs4/density_corrections/compounds/steel_stainless_type302.density

   Medium: oil                     
 Sterncid: oil                     
     rho:    8.91000E-01 g/cm^3
 Elements: C   H   
    rhoz:    1.20112E+02   2.21753E+01
      pz:    1.00000E+01   2.20000E+01
  iunrst:     0
  iaprim:     0
    gasp:    0.00000E+00 atm.

   Medium: aluminum                
 Sterncid: aluminum                
     rho:    2.71000E+00 g/cm^3
 Elements: AL  SI  FE  CU  
    rhoz:    9.90000E-01   4.50000E-03   4.50000E-03   1.00000E-03
      pz:    3.66918E-02   1.60211E-04   8.05773E-05   1.57381E-05
  iunrst:     0
  iaprim:     1
    gasp:    0.00000E+00 atm.
  density correction file: /home/rsmina/EGSnrc/HEN_HOUSE/pegs4/density_corrections/compounds/aluminumalloy_type1100.density

   Medium: air                     
 Sterncid: air                     
     rho:    1.20479E-03 g/cm^3
 Elements: C   N   O   AR  
    rhoz:    1.24000E-04   7.55267E-01   2.31781E-01   1.28270E-02
      pz:    1.03237E-05   5.39218E-02   1.44869E-02   3.21092E-04
  iunrst:     0
  iaprim:     1
    gasp:    0.00000E+00 atm.
  density correction file: /home/rsmina/EGSnrc/HEN_HOUSE/pegs4/density_corrections/compounds/air_dry_nearsealevel.density


(Re)-initializing photon cross sections with files from the series: xcom

 Compton cross sections: default
 Using Compton cross sections from /home/rsmina/EGSnrc/HEN_HOUSE/data/compton_sigma.data

 Reading renormalized photoelectric cross sections ...... done

 Working on medium   1 ... 
  ->  100 atomic ff values computed!
      preparing data for Rayleigh sampling ... done

OK
 Working on medium   2 ... 
  ->  100 atomic ff values computed!
      preparing data for Rayleigh sampling ... done

OK
 Working on medium   3 ... 
  ->  100 atomic ff values computed!
      preparing data for Rayleigh sampling ... done

OK
 Working on medium   4 ... 
  ->  100 atomic ff values computed!
      preparing data for Rayleigh sampling ... done

OK
 Working on medium   5 ... 
  ->  100 atomic ff values computed!
      preparing data for Rayleigh sampling ... done

OK
 Working on medium   6 ... 
  ->  100 atomic ff values computed!
      preparing data for Rayleigh sampling ... done

OK
 Working on medium   7 ... 
  ->  100 atomic ff values computed!
      preparing data for Rayleigh sampling ... done

OK
 Working on medium   8 ... 
  ->  100 atomic ff values computed!
      preparing data for Rayleigh sampling ... done

OK

Reading screened Rutherford MS data ...............  done 


Reading spin data base from /home/rsmina/EGSnrc/HEN_HOUSE/data/spinms.data
EGSnrc spin data, version 2.0   
Data generated on a machine with 1234 endianess
The endianess of this CPU is 1234
Ranges:      1.00   100.00  0.30054  1.00000


  medium    1 .....................  done
  medium    2 .....................  done
  medium    3 .....................  done
  medium    4 .....................  done
  medium    5 .....................  done
  medium    6 .....................  done
  medium    7 .....................  done
  medium    8 .....................  done
  
  Medium            1  sige =    88.732676887657149        101.89662531002678       monotone =  F F
  Medium            2  sige =    172.57741978179737        235.40232772540153       monotone =  F F
  Medium            3  sige =    134.22848806796372        168.69238010014359       monotone =  F F
  Medium            4  sige =    84.646856620002538        96.504529959621067       monotone =  F F
  Medium            5  sige =    123.18338032147462        151.05228366131078       monotone =  F F
  Medium            6  sige =    81.986177421614656        93.527408700419556       monotone =  F F
  Medium            7  sige =    103.55231328873344        122.59567608363146       monotone =  F F
  Medium            8  sige =    89.591859601344183        103.21541676401796       monotone =  F F
  
  Initializing tmxs for estepe =   0.25000000000000000       and ximax =   0.50000000000000000     
  
  
 Radiative Compton corrections requested:
    Reading radiative Compton data ...  OK
    Modifying cross sections and branching ratios ... OK

Bound Compton scattering requested, reading data ......  Done

 Initializing Bound Compton scattering ......
 Medium   1 has   3 shells: 
   1   10   1  0.33333 0.210E+02     0.285
   2   11   2  0.33333 0.110E+03     0.011
   3   12   3  0.33333 0.669E+02     0.011
 Medium   2 has  42 shells: 
   1  882   1  0.02567 0.138E+01    69.525
   2  883   2  0.02567 0.495E+01    12.100
   3  884   3  0.02567 0.242E+01    11.544
   4  885   4  0.05135 0.267E+01    10.207
   5  886   5  0.02567 0.109E+02     2.820
   6  887   6  0.02567 0.640E+01     2.575
   7  888   7  0.05135 0.684E+01     2.281
   8  889   8  0.05135 0.444E+01     1.872
   9  890   9  0.07702 0.453E+01     1.809
  10  891  10  0.02567 0.229E+02     0.592
  11  892  11  0.02567 0.144E+02     0.489
  12  893  12  0.05135 0.155E+02     0.423
  13  894  13  0.05135 0.118E+02     0.255
  14  895  14  0.07702 0.121E+02     0.243
  15  896  15  0.02567 0.585E+02     0.074
  16  897  16  0.02567 0.399E+02     0.044
  17  898  17  0.05135 0.426E+02     0.034
  18  899  18  0.07702 0.111E+02     0.034
  19  900  19  0.10270 0.112E+02     0.032
  20  901  20  0.05135 0.482E+02     0.008
  21  902  21  0.02567 0.212E+03     0.008
  22  903   1  0.00133 0.137E+01    71.677
  23  904   2  0.00133 0.485E+01    12.527
  24  905   3  0.00133 0.237E+01    11.959
  25  906   4  0.00267 0.263E+01    10.535
  26  907   5  0.00133 0.107E+02     2.932
  27  908   6  0.00133 0.627E+01     2.682
  28  909   7  0.00267 0.673E+01     2.367
  29  910   8  0.00267 0.436E+01     1.949
  30  911   9  0.00400 0.445E+01     1.822
  31  912  10  0.00133 0.223E+02     0.625
  32  913  11  0.00133 0.141E+02     0.518
  33  914  12  0.00267 0.151E+02     0.445
  34  915  13  0.00267 0.115E+02     0.274
  35  916  14  0.00400 0.118E+02     0.260
  36  917  15  0.00133 0.564E+02     0.083
  37  918  16  0.00133 0.382E+02     0.046
  38  919  17  0.00267 0.411E+02     0.035
  39  920  18  0.00400 0.106E+02     0.043
  40  921  19  0.00534 0.107E+02     0.040
  41  922  20  0.00267 0.448E+02     0.008
  42  923  21  0.00200 0.152E+03     0.008
 Medium   3 has  14 shells: 
   1  321   1  0.04762 0.271E+01    19.999
   2  322   2  0.04762 0.986E+01     2.866
   3  323   3  0.04762 0.493E+01     2.625
   4  324   4  0.09524 0.508E+01     2.520
   5  325   5  0.04762 0.241E+02     0.505
   6  326   6  0.04762 0.144E+02     0.410
   7  327   7  0.09524 0.148E+02     0.393
   8  328   8  0.09524 0.102E+02     0.230
   9  329   9  0.14286 0.103E+02     0.226
  10  330  10  0.04762 0.625E+02     0.062
  11  331  11  0.04762 0.419E+02     0.035
  12  332  12  0.09524 0.423E+02     0.035
  13  333  13  0.09524 0.475E+02     0.007
  14  334  14  0.04762 0.149E+03     0.007
 Medium   4 has   2 shells: 
   1    5   1  0.50000 0.325E+02     0.112
   2    6   2  0.50000 0.184E+03     0.009
 Medium   5 has  45 shells: 
   1   10   1  0.00036 0.210E+02     0.285
   2   11   2  0.00036 0.110E+03     0.011
   3   12   3  0.00036 0.669E+02     0.011
   4   45   1  0.00107 0.870E+01     1.839
   5   46   2  0.00107 0.377E+02     0.149
   6   47   3  0.00107 0.204E+02     0.100
   7   48   4  0.00214 0.204E+02     0.099
   8   49   5  0.00107 0.142E+03     0.008
   9   50   6  0.00107 0.102E+03     0.008
  10  120   1  0.01486 0.500E+01     5.989
  11  121   2  0.01486 0.192E+02     0.698
  12  122   3  0.01486 0.981E+01     0.585
  13  123   4  0.02971 0.981E+01     0.576
  14  124   5  0.01486 0.545E+02     0.075
  15  125   6  0.01486 0.347E+02     0.043
  16  126   7  0.02971 0.347E+02     0.043
  17  127   8  0.02971 0.721E+02     0.007
  18  128   9  0.01486 0.721E+02     0.007
  19  129   1  0.00078 0.480E+01     6.539
  20  130   2  0.00078 0.182E+02     0.769
  21  131   3  0.00078 0.933E+01     0.651
  22  132   4  0.00156 0.933E+01     0.639
  23  133   5  0.00078 0.511E+02     0.082
  24  134   6  0.00078 0.322E+02     0.047
  25  135   7  0.00156 0.322E+02     0.047
  26  136   8  0.00156 0.833E+02     0.007
  27  137   9  0.00117 0.833E+02     0.007
  28  138   1  0.05471 0.460E+01     7.112
  29  139   2  0.05471 0.174E+02     0.848
  30  140   3  0.05471 0.891E+01     0.721
  31  141   4  0.10943 0.891E+01     0.708
  32  142   5  0.05471 0.486E+02     0.092
  33  143   6  0.05471 0.306E+02     0.053
  34  144   7  0.10943 0.306E+02     0.053
  35  145   8  0.10943 0.737E+02     0.008
  36  146   9  0.10943 0.737E+02     0.008
  37  156   1  0.00658 0.426E+01     8.333
  38  157   2  0.00658 0.160E+02     1.008
  39  158   3  0.00658 0.815E+01     0.871
  40  159   4  0.01316 0.815E+01     0.854
  41  160   5  0.00658 0.445E+02     0.111
  42  161   6  0.00658 0.277E+02     0.067
  43  162   7  0.01316 0.277E+02     0.067
  44  163   8  0.01316 0.599E+02     0.008
  45  164   9  0.01974 0.599E+02     0.008
 Medium   6 has   4 shells: 
   1   10   1  0.24390 0.210E+02     0.285
   2   11   2  0.24390 0.110E+03     0.011
   3   12   3  0.24390 0.669E+02     0.011
   4    1   1  0.26829 0.116E+03     0.014
 Medium   7 has  31 shells: 
   1   39   1  0.15232 0.940E+01     1.560
   2   40   2  0.15232 0.418E+02     0.118
   3   41   3  0.15232 0.230E+02     0.073
   4   42   4  0.30463 0.230E+02     0.073
   5   43   5  0.15232 0.170E+03     0.006
   6   44   6  0.07616 0.126E+03     0.006
   7   45   1  0.00067 0.870E+01     1.839
   8   46   2  0.00067 0.377E+02     0.149
   9   47   3  0.00067 0.204E+02     0.100
  10   48   4  0.00133 0.204E+02     0.099
  11   49   5  0.00067 0.142E+03     0.008
  12   50   6  0.00067 0.102E+03     0.008
  13  138   1  0.00033 0.460E+01     7.112
  14  139   2  0.00033 0.174E+02     0.848
  15  140   3  0.00033 0.891E+01     0.721
  16  141   4  0.00067 0.891E+01     0.708
  17  142   5  0.00033 0.486E+02     0.092
  18  143   6  0.00033 0.306E+02     0.053
  19  144   7  0.00067 0.306E+02     0.053
  20  145   8  0.00067 0.737E+02     0.008
  21  146   9  0.00067 0.737E+02     0.008
  22  165   1  0.00007 0.412E+01     8.979
  23  166   2  0.00007 0.153E+02     1.096
  24  167   3  0.00007 0.782E+01     0.953
  25  168   4  0.00013 0.782E+01     0.933
  26  169   5  0.00007 0.432E+02     0.122
  27  170   6  0.00007 0.269E+02     0.077
  28  171   7  0.00013 0.269E+02     0.075
  29  172   8  0.00013 0.253E+02     0.008
  30  173   9  0.00020 0.253E+02     0.008
  31  174  10  0.00003 0.225E+03     0.008
 Medium   8 has  18 shells: 
   1   10   1  0.00004 0.210E+02     0.285
   2   11   2  0.00004 0.110E+03     0.011
   3   12   3  0.00004 0.669E+02     0.011
   4   13   1  0.21604 0.178E+02     0.410
   5   14   2  0.21604 0.921E+02     0.015
   6   15   3  0.21604 0.558E+02     0.014
   7   16   4  0.10802 0.558E+02     0.014
   8   17   1  0.05804 0.155E+02     0.543
   9   18   2  0.05804 0.793E+02     0.024
  10   19   3  0.05804 0.479E+02     0.014
  11   20   4  0.05804 0.479E+02     0.014
  12   72   1  0.00129 0.671E+01     3.203
  13   73   2  0.00129 0.271E+02     0.326
  14   74   3  0.00129 0.142E+02     0.251
  15   75   4  0.00257 0.142E+02     0.249
  16   76   5  0.00129 0.889E+02     0.029
  17   77   6  0.00129 0.606E+02     0.016
  18   78   7  0.00257 0.606E+02     0.016
 ...... Done.

Output from subroutine EDGSET:
==============================
 Atomic relaxations requested! 

 Reading simplified photo-absorption data ..... Done

 Reading simplified relaxation data ..... Done

 Reading parametrized XCOM photo cross section data ..... Done

 Reading EADL relaxation data ......
  Z =   6 has  4 shells
  Z =  74 has 22 shells
  Z =  75 has 22 shells
  Z =  42 has 15 shells
  Z =   4 has  2 shells
  Z =  14 has  7 shells
  Z =  24 has 10 shells
  Z =  25 has 10 shells
  Z =  26 has 10 shells
  Z =  28 has 10 shells
  Z =   1 has  1 shells
  Z =  13 has  7 shells
  Z =  29 has 10 shells
  Z =   7 has  4 shells
  Z =   8 has  4 shells
  Z =  18 has  7 shells
 ...... Done.

  
 Using NRC brems cross sections! 
  
  Initializing brems data for medium            1 ...
  Max. new cross sections per energy loss:    88.744082483347924        101.89876751445045     
  Initializing brems data for medium            2 ...
  Max. new cross sections per energy loss:    172.54018784839718        235.40667168839906     
  Initializing brems data for medium            3 ...
  Max. new cross sections per energy loss:    134.21977259920902        168.69128398047008     
  Initializing brems data for medium            4 ...
  Max. new cross sections per energy loss:    84.655508271298302        96.506529836044180     
  Initializing brems data for medium            5 ...
  Max. new cross sections per energy loss:    123.18746932258490        151.05333992476235     
  Initializing brems data for medium            6 ...
  Max. new cross sections per energy loss:    82.041237739127027        93.529246256462713     
  Initializing brems data for medium            7 ...
  Max. new cross sections per energy loss:    103.56394313468178        122.59800703856691     
  Initializing brems data for medium            8 ...
  Max. new cross sections per energy loss:    89.603753795943703        103.21767115908033     
  
  


Reading NRC pair data base from /home/rsmina/EGSnrc/HEN_HOUSE/data/pair_nrc1.data
Data generated on a machine with 1234 endianess
The endianess of this CPU is 1234
Energy range of the data:     2.010  168.603
  medium    1 .....................  done
  medium    2 .....................  done
  medium    3 .....................  done
  medium    4 .....................  done
  medium    5 .....................  done
  medium    6 .....................  done
  medium    7 .....................  done
  medium    8 .....................  done
  
  
 eii_init: minimum threshold energy found:    1.0000000000000000E-003
 eii_init: number of shells to simulate EII:           22


Opened EII data file /home/rsmina/EGSnrc/HEN_HOUSE/data/eii_ik.data
 eii_init: reading EII data ...   OK 
  
 eii_init: for medium            2  adjusted sige =    169.85507115684098       monotone =  F
 eii_init: for medium            3  adjusted sige =    128.83320327206374       monotone =  F
 eii_init: for medium            5  adjusted sige =    114.88681191816330       monotone =  F
 eii_init: for medium            7  adjusted sige =    120.27897549194479       monotone =  F
 eii_init: for medium            8  adjusted sige =    89.565860648723145       monotone =  F
 init_triplet: reading triplet data ...  OK
   Preparing triplet fraction data for medium   1 ...  OK
   Preparing triplet fraction data for medium   2 ...  OK
   Preparing triplet fraction data for medium   3 ...  OK
   Preparing triplet fraction data for medium   4 ...  OK
   Preparing triplet fraction data for medium   5 ...  OK
   Preparing triplet fraction data for medium   6 ...  OK
   Preparing triplet fraction data for medium   7 ...  OK
   Preparing triplet fraction data for medium   8 ...  OK
EGSnrc SUCCESSFULLY 'HATCHED' FOR     8 MEDIA.


The following media are defined:
================================

  0  graphite                 AE= 0.5120 AP= 0.0010 0
  1  target_material          AE= 0.5120 AP= 0.0010 1
  2  molybdenum               AE= 0.5120 AP= 0.0010 2
  3  beryllium                AE= 0.5120 AP= 0.0010 3
  4  steel                    AE= 0.5120 AP= 0.0010 4
  5  oil                      AE= 0.5120 AP= 0.0010 5
  6  aluminum                 AE= 0.5120 AP= 0.0010 6
  7  air                      AE= 0.5120 AP= 0.0010 7


Transport parameter and cross section options:
==============================================
Photon cross sections                             mcdf-xcom       
Compton cross sections                            default         
Global Pcut                                       0.001
Pair cross sections                               NRC
Pair angular sampling                             KM
Triplet production                                On
Bound Compton scattering                          On
Radiative Compton corrections                     On
Rayleigh scattering                               On
Atomic relaxations                                eadl
Photoelectron angular sampling                    On
Photonuclear attenuation                          Off
Photonuclear cross sections                       default         

Global Ecut                                       0.512
Brems cross sections                              NRC
Brems angular sampling                            KM
Spin effects                                      On
Electron Impact Ionization                        ik              
Global Smax                                       1e+10
ESTEPE                                            0.25
Ximax                                             0.5
Boundary crossing algorithm                       Exact
Skin depth for BCA                                3
Electron-step algorithm                           EGSnrc
==============================================



======================== geometry =====================
 type = EGS_UnionGeometry
 name = obi
 number of regions = 162
 geometries:
   model (type EGS_UnionGeometry)
   air (type EGS_XYZGeometry)
=======================================================


The simulation uses the following source:
=========================================
 Transformed Transformed Parallel beam from a shape of type ellipse with monoenergetic 0.1 MeV, electrons


Random number generator:
============================================
  type                = ranmar
  high resolution     = no
  initial seeds       = 33 97
  numbers used so far = 0


Run Control Object (RCO):
=========================
  type = simple


The following ausgab objects are included in the simulation
===========================================================


Particle Track Scoring (tracks)
======================================================
 - Scoring photon tracks       = YES
 - Scoring electron tracks     = NO
 - Scoring positron tracks     = NO
 - First event to score        = 0
 - Last event to score         = 10000
 - Track buffer size           = 1024
 - Output file name            = /home/rsmina/EGSnrc/egs_home/TB/SourceBladesXrayWindow.ptracks


*******************************************
Phase Space Scoring Object (anodeXRayWPbPort)
*******************************************

 Will output phase space for particles crossing surfaces of geometry:
phsp_plate
 Particles scored on: entering phase space geometry
 Data will be output in IAEA format.

 Phase space file names:
  Header file: /home/rsmina/EGSnrc/egs_home/TB/anodeXRayWPbPort.1.IAEAheader
  Data file: /home/rsmina/EGSnrc/egs_home/TB/anodeXRayWPbPort.1.IAEAphsp
 Data scored at constant Z = 4.03 cm
 Particles scored: all
===========================================
Radiative splitting Object (my_splitting)
===========================================

 - Splitting radiative events in 1000


===========================================





Combine results only

calling combineResults()

                      Suming the following .egsdat files:
=======================================================================
 1 SourceBladesXrayWindow_w1.egsdat ncase=1759999989     cpu=442261.00  
 2 SourceBladesXrayWindow_w2.egsdat ncase=1759999989     cpu=440198.00  
 3 SourceBladesXrayWindow_w3.egsdat ncase=1759999989     cpu=441973.00  
 4 SourceBladesXrayWindow_w4.egsdat ncase=1759999989     cpu=443158.00  
 5 SourceBladesXrayWindow_w5.egsdat ncase=1759999989     cpu=441681.00  
 6 SourceBladesXrayWindow_w6.egsdat ncase=1759999989     cpu=440619.00  
 7 SourceBladesXrayWindow_w7.egsdat ncase=1599999990     cpu=408533.00  
 8 SourceBladesXrayWindow_w8.egsdat ncase=1759999989     cpu=442088.00  
 9 SourceBladesXrayWindow_w9.egsdat ncase=1759999989     cpu=444576.00  
10 SourceBladesXrayWindow_w10.egsdat ncase=1599999990     cpu=408341.00  
11 SourceBladesXrayWindow_w11.egsdat ncase=1759999989     cpu=445604.00  
12 SourceBladesXrayWindow_w12.egsdat ncase=1759999989     cpu=443106.00  
13 SourceBladesXrayWindow_w13.egsdat ncase=1599999990     cpu=408248.00  
14 SourceBladesXrayWindow_w14.egsdat ncase=1759999989     cpu=440792.00  
15 SourceBladesXrayWindow_w15.egsdat ncase=1599999990     cpu=414250.00  
16 SourceBladesXrayWindow_w16.egsdat ncase=1759999989     cpu=444909.00  
17 SourceBladesXrayWindow_w17.egsdat ncase=1759999989     cpu=440832.00  
18 SourceBladesXrayWindow_w18.egsdat ncase=1599999990     cpu=408121.00  
19 SourceBladesXrayWindow_w19.egsdat ncase=1759999989     cpu=441188.00  
20 SourceBladesXrayWindow_w20.egsdat ncase=1599999990     cpu=410203.00  
21 SourceBladesXrayWindow_w21.egsdat ncase=1599999990     cpu=418708.00  
22 SourceBladesXrayWindow_w22.egsdat ncase=1759999989     cpu=443235.00  
23 SourceBladesXrayWindow_w23.egsdat ncase=1599999990     cpu=409573.00  
24 SourceBladesXrayWindow_w24.egsdat ncase=1599999990     cpu=411393.00  
25 SourceBladesXrayWindow_w25.egsdat ncase=1599999990     cpu=408239.00  
26 SourceBladesXrayWindow_w26.egsdat ncase=1599999990     cpu=411005.00  
27 SourceBladesXrayWindow_w27.egsdat ncase=1759999989     cpu=443370.00  
28 SourceBladesXrayWindow_w28.egsdat ncase=1599999990     cpu=409627.00  
29 SourceBladesXrayWindow_w29.egsdat ncase=1759999989     cpu=442426.00  
30 SourceBladesXrayWindow_w30.egsdat ncase=1759999989     cpu=443173.00  
31 SourceBladesXrayWindow_w31.egsdat ncase=1599999990     cpu=410358.00  
32 SourceBladesXrayWindow_w32.egsdat ncase=1759999989     cpu=443375.00  
33 SourceBladesXrayWindow_w33.egsdat ncase=1599999990     cpu=410424.00  
34 SourceBladesXrayWindow_w34.egsdat ncase=1759999989     cpu=443765.00  
35 SourceBladesXrayWindow_w35.egsdat ncase=1759999989     cpu=443169.00  
36 SourceBladesXrayWindow_w36.egsdat ncase=1759999989     cpu=443581.00  
37 SourceBladesXrayWindow_w37.egsdat ncase=1759999989     cpu=443341.00  
38 SourceBladesXrayWindow_w38.egsdat ncase=1759999989     cpu=443826.00  
39 SourceBladesXrayWindow_w39.egsdat ncase=1759999989     cpu=443186.00  
40 SourceBladesXrayWindow_w40.egsdat ncase=1599999990     cpu=411451.00  
41 SourceBladesXrayWindow_w41.egsdat ncase=1599999990     cpu=411611.00  
42 SourceBladesXrayWindow_w42.egsdat ncase=1599999990     cpu=416635.00  
43 SourceBladesXrayWindow_w43.egsdat ncase=1599999990     cpu=410424.00  
44 SourceBladesXrayWindow_w44.egsdat ncase=1599999990     cpu=417219.00  
45 SourceBladesXrayWindow_w45.egsdat ncase=1599999990     cpu=411227.00  
46 SourceBladesXrayWindow_w46.egsdat ncase=1599999990     cpu=409462.00  
47 SourceBladesXrayWindow_w47.egsdat ncase=1599999990     cpu=409070.00  
48 SourceBladesXrayWindow_w48.egsdat ncase=1599999990     cpu=412207.00  
49 SourceBladesXrayWindow_w49.egsdat ncase=1599999990     cpu=411852.00  
50 SourceBladesXrayWindow_w50.egsdat ncase=1599999990     cpu=412402.00  
51 SourceBladesXrayWindow_w51.egsdat ncase=1599999990     cpu=410484.00  
52 SourceBladesXrayWindow_w52.egsdat ncase=1599999990     cpu=413605.00  
53 SourceBladesXrayWindow_w53.egsdat ncase=1599999990     cpu=414371.00  
54 SourceBladesXrayWindow_w54.egsdat ncase=1599999990     cpu=409890.00  
55 SourceBladesXrayWindow_w55.egsdat ncase=1599999990     cpu=411132.00  
56 SourceBladesXrayWindow_w56.egsdat ncase=1599999990     cpu=412904.00  
57 SourceBladesXrayWindow_w57.egsdat ncase=1599999990     cpu=413309.00  
58 SourceBladesXrayWindow_w58.egsdat ncase=1599999990     cpu=409817.00  
59 SourceBladesXrayWindow_w59.egsdat ncase=1599999990     cpu=425714.00  
60 SourceBladesXrayWindow_w60.egsdat ncase=1599999990     cpu=407377.00  
61 SourceBladesXrayWindow_w61.egsdat ncase=1599999990     cpu=413094.00  
62 SourceBladesXrayWindow_w62.egsdat ncase=1599999990     cpu=416167.00  
63 SourceBladesXrayWindow_w63.egsdat ncase=1759999989     cpu=442501.00  
64 SourceBladesXrayWindow_w64.egsdat ncase=1759999989     cpu=441648.00  
65 SourceBladesXrayWindow_w65.egsdat ncase=1759999989     cpu=441174.00  
66 SourceBladesXrayWindow_w66.egsdat ncase=1759999989     cpu=440999.00  
67 SourceBladesXrayWindow_w67.egsdat ncase=1759999989     cpu=442612.00  
68 SourceBladesXrayWindow_w68.egsdat ncase=1599999990     cpu=409868.00  
69 SourceBladesXrayWindow_w69.egsdat ncase=1759999989     cpu=440958.00  
70 SourceBladesXrayWindow_w70.egsdat ncase=1759999989     cpu=440851.00  
71 SourceBladesXrayWindow_w71.egsdat ncase=1599999990     cpu=408267.00  
72 SourceBladesXrayWindow_w72.egsdat ncase=1599999990     cpu=408816.00  
73 SourceBladesXrayWindow_w73.egsdat ncase=1759999989     cpu=443231.00  
74 SourceBladesXrayWindow_w74.egsdat ncase=1599999990     cpu=413014.00  
75 SourceBladesXrayWindow_w75.egsdat ncase=1759999989     cpu=442460.00  
76 SourceBladesXrayWindow_w76.egsdat ncase=1759999989     cpu=441037.00  
77 SourceBladesXrayWindow_w77.egsdat ncase=1759999989     cpu=440456.00  
78 SourceBladesXrayWindow_w78.egsdat ncase=1759999989     cpu=440020.00  
79 SourceBladesXrayWindow_w79.egsdat ncase=1759999989     cpu=444408.00  
80 SourceBladesXrayWindow_w80.egsdat ncase=1599999990     cpu=411184.00  
81 SourceBladesXrayWindow_w81.egsdat ncase=1599999990     cpu=412513.00  
82 SourceBladesXrayWindow_w82.egsdat ncase=1599999990     cpu=410244.00  
83 SourceBladesXrayWindow_w83.egsdat ncase=1599999990     cpu=421644.00  
84 SourceBladesXrayWindow_w84.egsdat ncase=1599999990     cpu=413037.00  
85 SourceBladesXrayWindow_w85.egsdat ncase=1599999990     cpu=413538.00  
86 SourceBladesXrayWindow_w86.egsdat ncase=1599999990     cpu=411075.00  
87 SourceBladesXrayWindow_w87.egsdat ncase=1599999990     cpu=413751.00  
88 SourceBladesXrayWindow_w88.egsdat ncase=1599999990     cpu=412786.00  
89 SourceBladesXrayWindow_w89.egsdat ncase=1599999990     cpu=415386.00  
90 SourceBladesXrayWindow_w90.egsdat ncase=1599999990     cpu=414869.00  
91 SourceBladesXrayWindow_w91.egsdat ncase=1599999990     cpu=413879.00  
92 SourceBladesXrayWindow_w92.egsdat ncase=1599999990     cpu=414866.00  
93 SourceBladesXrayWindow_w93.egsdat ncase=1599999990     cpu=410583.00  
94 SourceBladesXrayWindow_w94.egsdat ncase=1599999990     cpu=409986.00  
95 SourceBladesXrayWindow_w95.egsdat ncase=1599999990     cpu=410608.00  
96 SourceBladesXrayWindow_w96.egsdat ncase=1599999990     cpu=413142.00  
97 SourceBladesXrayWindow_w97.egsdat ncase=1599999990     cpu=411891.00  
98 SourceBladesXrayWindow_w98.egsdat ncase=1599999990     cpu=412198.00  
99 SourceBladesXrayWindow_w99.egsdat ncase=1599999990     cpu=412115.00  
100 SourceBladesXrayWindow_w100.egsdat ncase=1759999989     cpu=442632.00  
101 SourceBladesXrayWindow_w101.egsdat ncase=1599999990     cpu=414825.00  
102 SourceBladesXrayWindow_w102.egsdat ncase=1759999989     cpu=443396.00  
103 SourceBladesXrayWindow_w103.egsdat ncase=1599999990     cpu=410741.00  
104 SourceBladesXrayWindow_w104.egsdat ncase=1599999990     cpu=412607.00  
105 SourceBladesXrayWindow_w105.egsdat ncase=1599999990     cpu=409443.00  
106 SourceBladesXrayWindow_w106.egsdat ncase=1599999990     cpu=408429.00  
107 SourceBladesXrayWindow_w107.egsdat ncase=1599999990     cpu=408359.00  
108 SourceBladesXrayWindow_w108.egsdat ncase=1599999990     cpu=409216.00  
109 SourceBladesXrayWindow_w109.egsdat ncase=1759999989     cpu=444054.00  
110 SourceBladesXrayWindow_w110.egsdat ncase=1759999989     cpu=444534.00  
111 SourceBladesXrayWindow_w111.egsdat ncase=1599999990     cpu=413961.00  
112 SourceBladesXrayWindow_w112.egsdat ncase=1599999990     cpu=417947.00  
113 SourceBladesXrayWindow_w113.egsdat ncase=1599999990     cpu=416151.00  
114 SourceBladesXrayWindow_w114.egsdat ncase=1599999990     cpu=424495.00  
115 SourceBladesXrayWindow_w115.egsdat ncase=1599999990     cpu=415597.00  
116 SourceBladesXrayWindow_w116.egsdat ncase=1599999990     cpu=415360.00  
117 SourceBladesXrayWindow_w117.egsdat ncase=1599999990     cpu=415801.00  
118 SourceBladesXrayWindow_w118.egsdat ncase=1599999990     cpu=414404.00  
119 SourceBladesXrayWindow_w119.egsdat ncase=1599999990     cpu=419693.00  
120 SourceBladesXrayWindow_w120.egsdat ncase=1599999990     cpu=419548.00  
121 SourceBladesXrayWindow_w121.egsdat ncase=1599999990     cpu=418848.00  
122 SourceBladesXrayWindow_w122.egsdat ncase=1599999990     cpu=417562.00  
123 SourceBladesXrayWindow_w123.egsdat ncase=1599999990     cpu=414841.00  
124 SourceBladesXrayWindow_w124.egsdat ncase=1599999990     cpu=415556.00  
125 SourceBladesXrayWindow_w125.egsdat ncase=1599999990     cpu=426330.00  
126 SourceBladesXrayWindow_w126.egsdat ncase=1599999990     cpu=410984.00  
127 SourceBladesXrayWindow_w127.egsdat ncase=1599999990     cpu=408560.00  
128 SourceBladesXrayWindow_w128.egsdat ncase=1599999990     cpu=408096.00  
129 SourceBladesXrayWindow_w129.egsdat ncase=1599999990     cpu=407697.00  
130 SourceBladesXrayWindow_w130.egsdat ncase=1599999990     cpu=413117.00  
131 SourceBladesXrayWindow_w131.egsdat ncase=1599999990     cpu=409921.00  
132 SourceBladesXrayWindow_w132.egsdat ncase=1599999990     cpu=408982.00  
133 SourceBladesXrayWindow_w133.egsdat ncase=1599999990     cpu=408153.00  
134 SourceBladesXrayWindow_w134.egsdat ncase=1599999990     cpu=408298.00  
135 SourceBladesXrayWindow_w135.egsdat ncase=1599999990     cpu=408489.00  
136 SourceBladesXrayWindow_w136.egsdat ncase=1759999989     cpu=444654.00  
137 SourceBladesXrayWindow_w137.egsdat ncase=1599999990     cpu=409415.00  
138 SourceBladesXrayWindow_w138.egsdat ncase=1759999989     cpu=444428.00  
139 SourceBladesXrayWindow_w139.egsdat ncase=1599999990     cpu=408729.00  
140 SourceBladesXrayWindow_w140.egsdat ncase=1599999990     cpu=408152.00  
141 SourceBladesXrayWindow_w141.egsdat ncase=1599999990     cpu=409443.00  
142 SourceBladesXrayWindow_w142.egsdat ncase=1599999990     cpu=408528.00  
143 SourceBladesXrayWindow_w143.egsdat ncase=1599999990     cpu=413542.00  
144 SourceBladesXrayWindow_w144.egsdat ncase=1599999990     cpu=411283.00  
145 SourceBladesXrayWindow_w145.egsdat ncase=1759999989     cpu=439752.00  
146 SourceBladesXrayWindow_w146.egsdat ncase=1759999989     cpu=440380.00  
147 SourceBladesXrayWindow_w147.egsdat ncase=1759999989     cpu=443287.00  
148 SourceBladesXrayWindow_w148.egsdat ncase=1759999989     cpu=444306.00  
149 SourceBladesXrayWindow_w149.egsdat ncase=1759999989     cpu=440104.00  
150 SourceBladesXrayWindow_w150.egsdat ncase=1759999989     cpu=446180.00  
151 SourceBladesXrayWindow_w151.egsdat ncase=1759999989     cpu=445069.00  
152 SourceBladesXrayWindow_w152.egsdat ncase=1759999989     cpu=442026.00  
153 SourceBladesXrayWindow_w153.egsdat ncase=1759999989     cpu=439981.00  
154 SourceBladesXrayWindow_w154.egsdat ncase=1759999989     cpu=438799.00  
155 SourceBladesXrayWindow_w155.egsdat ncase=1759999989     cpu=446103.00  
156 SourceBladesXrayWindow_w156.egsdat ncase=1759999989     cpu=441733.00  
157 SourceBladesXrayWindow_w157.egsdat ncase=1759999989     cpu=442274.00  
158 SourceBladesXrayWindow_w158.egsdat ncase=1759999989     cpu=443744.00  
159 SourceBladesXrayWindow_w159.egsdat ncase=1759999989     cpu=439021.00  
160 SourceBladesXrayWindow_w160.egsdat ncase=1759999989     cpu=445894.00  
161 SourceBladesXrayWindow_w161.egsdat ncase=1759999989     cpu=440854.00  
162 SourceBladesXrayWindow_w162.egsdat ncase=1759999989     cpu=441638.00  
163 SourceBladesXrayWindow_w163.egsdat ncase=1759999989     cpu=439947.00  
164 SourceBladesXrayWindow_w164.egsdat ncase=1759999989     cpu=440372.00  
165 SourceBladesXrayWindow_w165.egsdat ncase=1599999990     cpu=420384.00  
166 SourceBladesXrayWindow_w166.egsdat ncase=1599999990     cpu=420455.00  
167 SourceBladesXrayWindow_w167.egsdat ncase=1599999990     cpu=422452.00  
168 SourceBladesXrayWindow_w168.egsdat ncase=1599999990     cpu=418363.00  
169 SourceBladesXrayWindow_w169.egsdat ncase=1599999990     cpu=417529.00  
170 SourceBladesXrayWindow_w170.egsdat ncase=1599999990     cpu=414560.00  
171 SourceBladesXrayWindow_w171.egsdat ncase=1599999990     cpu=417724.00  
172 SourceBladesXrayWindow_w172.egsdat ncase=1599999990     cpu=413412.00  
173 SourceBladesXrayWindow_w173.egsdat ncase=1599999990     cpu=420468.00  
174 SourceBladesXrayWindow_w174.egsdat ncase=1599999990     cpu=422048.00  
175 SourceBladesXrayWindow_w175.egsdat ncase=1599999990     cpu=413778.00  
176 SourceBladesXrayWindow_w176.egsdat ncase=1599999990     cpu=417900.00  
177 SourceBladesXrayWindow_w177.egsdat ncase=1599999990     cpu=419341.00  
178 SourceBladesXrayWindow_w178.egsdat ncase=1599999990     cpu=417017.00  
179 SourceBladesXrayWindow_w179.egsdat ncase=1599999990     cpu=414798.00  
180 SourceBladesXrayWindow_w180.egsdat ncase=1599999990     cpu=414370.00  
181 SourceBladesXrayWindow_w181.egsdat ncase=1599999990     cpu=418899.00  
182 SourceBladesXrayWindow_w182.egsdat ncase=1599999990     cpu=414596.00  
183 SourceBladesXrayWindow_w183.egsdat ncase=1599999990     cpu=417456.00  
184 SourceBladesXrayWindow_w184.egsdat ncase=1599999990     cpu=443102.00  
185 SourceBladesXrayWindow_w185.egsdat ncase=1599999990     cpu=410749.00  
186 SourceBladesXrayWindow_w186.egsdat ncase=1599999990     cpu=410831.00  
187 SourceBladesXrayWindow_w187.egsdat ncase=1599999990     cpu=412731.00  
188 SourceBladesXrayWindow_w188.egsdat ncase=1599999990     cpu=412013.00  
189 SourceBladesXrayWindow_w189.egsdat ncase=1599999990     cpu=411899.00  
190 SourceBladesXrayWindow_w190.egsdat ncase=1599999990     cpu=415210.00  
191 SourceBladesXrayWindow_w191.egsdat ncase=1599999990     cpu=410679.00  
192 SourceBladesXrayWindow_w192.egsdat ncase=1599999990     cpu=413674.00  
193 SourceBladesXrayWindow_w193.egsdat ncase=1599999990     cpu=414410.00  
194 SourceBladesXrayWindow_w194.egsdat ncase=1599999990     cpu=410640.00  
195 SourceBladesXrayWindow_w195.egsdat ncase=1599999990     cpu=410460.00  
196 SourceBladesXrayWindow_w196.egsdat ncase=1599999990     cpu=412171.00  
197 SourceBladesXrayWindow_w197.egsdat ncase=1599999990     cpu=417443.00  
198 SourceBladesXrayWindow_w198.egsdat ncase=1599999990     cpu=411285.00  
199 SourceBladesXrayWindow_w199.egsdat ncase=1599999990     cpu=412653.00  
200 SourceBladesXrayWindow_w200.egsdat ncase=1599999990     cpu=410280.00  
201 SourceBladesXrayWindow_w201.egsdat ncase=1599999990     cpu=411729.00  
202 SourceBladesXrayWindow_w202.egsdat ncase=1599999990     cpu=414324.00  
203 SourceBladesXrayWindow_w203.egsdat ncase=1599999990     cpu=413596.00  
204 SourceBladesXrayWindow_w204.egsdat ncase=1759999989     cpu=441403.00  
205 SourceBladesXrayWindow_w205.egsdat ncase=1599999990     cpu=408469.00  
206 SourceBladesXrayWindow_w206.egsdat ncase=1759999989     cpu=443818.00  
207 SourceBladesXrayWindow_w207.egsdat ncase=1759999989     cpu=442302.00  
208 SourceBladesXrayWindow_w208.egsdat ncase=1759999989     cpu=441232.00  
209 SourceBladesXrayWindow_w209.egsdat ncase=1599999990     cpu=407961.00  
210 SourceBladesXrayWindow_w210.egsdat ncase=1599999990     cpu=408929.00  
211 SourceBladesXrayWindow_w211.egsdat ncase=1759999989     cpu=441286.00  
212 SourceBladesXrayWindow_w212.egsdat ncase=1599999990     cpu=409260.00  
213 SourceBladesXrayWindow_w213.egsdat ncase=1599999990     cpu=414606.00  
214 SourceBladesXrayWindow_w214.egsdat ncase=1599999990     cpu=410926.00  
215 SourceBladesXrayWindow_w215.egsdat ncase=1599999990     cpu=415491.00  
216 SourceBladesXrayWindow_w216.egsdat ncase=1599999990     cpu=420269.00  
217 SourceBladesXrayWindow_w217.egsdat ncase=1599999990     cpu=414522.00  
218 SourceBladesXrayWindow_w218.egsdat ncase=1599999990     cpu=417224.00  
219 SourceBladesXrayWindow_w219.egsdat ncase=1599999990     cpu=414462.00  
220 SourceBladesXrayWindow_w220.egsdat ncase=1599999990     cpu=410211.00  
221 SourceBladesXrayWindow_w221.egsdat ncase=1599999990     cpu=412608.00  
222 SourceBladesXrayWindow_w222.egsdat ncase=1599999990     cpu=414153.00  
223 SourceBladesXrayWindow_w223.egsdat ncase=1599999990     cpu=411136.00  
224 SourceBladesXrayWindow_w224.egsdat ncase=1599999990     cpu=418536.00  
225 SourceBladesXrayWindow_w225.egsdat ncase=1599999990     cpu=412994.00  
226 SourceBladesXrayWindow_w226.egsdat ncase=1599999990     cpu=417870.00  
227 SourceBladesXrayWindow_w227.egsdat ncase=1599999990     cpu=410430.00  
228 SourceBladesXrayWindow_w228.egsdat ncase=1599999990     cpu=409927.00  
229 SourceBladesXrayWindow_w229.egsdat ncase=1599999990     cpu=411055.00  
230 SourceBladesXrayWindow_w230.egsdat ncase=1599999990     cpu=412058.00  
231 SourceBladesXrayWindow_w231.egsdat ncase=1599999990     cpu=412352.00  
232 SourceBladesXrayWindow_w232.egsdat ncase=1599999990     cpu=415132.00  
233 SourceBladesXrayWindow_w233.egsdat ncase=1759999989     cpu=441946.00  
234 SourceBladesXrayWindow_w234.egsdat ncase=1759999989     cpu=440627.00  
235 SourceBladesXrayWindow_w235.egsdat ncase=1759999989     cpu=441824.00  
236 SourceBladesXrayWindow_w236.egsdat ncase=1599999990     cpu=411068.00  
237 SourceBladesXrayWindow_w237.egsdat ncase=1759999989     cpu=439676.00  
238 SourceBladesXrayWindow_w238.egsdat ncase=1599999990     cpu=407825.00  
239 SourceBladesXrayWindow_w239.egsdat ncase=1759999989     cpu=440745.00  
240 SourceBladesXrayWindow_w240.egsdat ncase=1599999990     cpu=435430.00  
241 SourceBladesXrayWindow_w241.egsdat ncase=1599999990     cpu=408204.00  
242 SourceBladesXrayWindow_w242.egsdat ncase=1759999989     cpu=445615.00  
243 SourceBladesXrayWindow_w243.egsdat ncase=1759999989     cpu=443133.00  
244 SourceBladesXrayWindow_w244.egsdat ncase=1759999989     cpu=444813.00  
245 SourceBladesXrayWindow_w245.egsdat ncase=1759999989     cpu=443734.00  
246 SourceBladesXrayWindow_w246.egsdat ncase=1759999989     cpu=442056.00  
247 SourceBladesXrayWindow_w247.egsdat ncase=1759999989     cpu=441840.00  
248 SourceBladesXrayWindow_w248.egsdat ncase=1759999989     cpu=445827.00  
249 SourceBladesXrayWindow_w249.egsdat ncase=1599999990     cpu=435471.00  
250 SourceBladesXrayWindow_w250.egsdat ncase=1759999989     cpu=442263.00  
251 SourceBladesXrayWindow_w251.egsdat ncase=1759999989     cpu=439898.00  
252 SourceBladesXrayWindow_w252.egsdat ncase=1759999989     cpu=441201.00  
253 SourceBladesXrayWindow_w253.egsdat ncase=1599999990     cpu=413804.00  
254 SourceBladesXrayWindow_w254.egsdat ncase=1599999990     cpu=419551.00  
255 SourceBladesXrayWindow_w255.egsdat ncase=1599999990     cpu=410940.00  
256 SourceBladesXrayWindow_w256.egsdat ncase=1599999990     cpu=409771.00  
257 SourceBladesXrayWindow_w257.egsdat ncase=1599999990     cpu=412800.00  
258 SourceBladesXrayWindow_w258.egsdat ncase=1599999990     cpu=408940.00  
259 SourceBladesXrayWindow_w259.egsdat ncase=1759999989     cpu=444340.00  
260 SourceBladesXrayWindow_w260.egsdat ncase=1599999990     cpu=411955.00  
261 SourceBladesXrayWindow_w261.egsdat ncase=1599999990     cpu=408080.00  
262 SourceBladesXrayWindow_w262.egsdat ncase=1599999990     cpu=408202.00  
263 SourceBladesXrayWindow_w263.egsdat ncase=1599999990     cpu=409227.00  
264 SourceBladesXrayWindow_w264.egsdat ncase=1599999990     cpu=415231.00  
265 SourceBladesXrayWindow_w265.egsdat ncase=1599999990     cpu=410423.00  
266 SourceBladesXrayWindow_w266.egsdat ncase=1759999989     cpu=443947.00  
267 SourceBladesXrayWindow_w267.egsdat ncase=1599999990     cpu=409051.00  
268 SourceBladesXrayWindow_w268.egsdat ncase=1599999990     cpu=408808.00  
269 SourceBladesXrayWindow_w269.egsdat ncase=1759999989     cpu=443931.00  
270 SourceBladesXrayWindow_w270.egsdat ncase=1599999990     cpu=412766.00  
271 SourceBladesXrayWindow_w271.egsdat ncase=1599999990     cpu=407976.00  
272 SourceBladesXrayWindow_w272.egsdat ncase=1599999990     cpu=411794.00  
273 SourceBladesXrayWindow_w273.egsdat ncase=1759999989     cpu=445987.00  
274 SourceBladesXrayWindow_w274.egsdat ncase=1759999989     cpu=439993.00  
275 SourceBladesXrayWindow_w275.egsdat ncase=1759999989     cpu=441396.00  
276 SourceBladesXrayWindow_w276.egsdat ncase=1759999989     cpu=445976.00  
277 SourceBladesXrayWindow_w277.egsdat ncase=1759999989     cpu=440739.00  
278 SourceBladesXrayWindow_w278.egsdat ncase=1759999989     cpu=441624.00  
279 SourceBladesXrayWindow_w279.egsdat ncase=1759999989     cpu=443226.00  
280 SourceBladesXrayWindow_w280.egsdat ncase=1759999989     cpu=442585.00  
281 SourceBladesXrayWindow_w281.egsdat ncase=1759999989     cpu=443150.00  
282 SourceBladesXrayWindow_w282.egsdat ncase=1759999989     cpu=444554.00  
283 SourceBladesXrayWindow_w283.egsdat ncase=1759999989     cpu=444234.00  
284 SourceBladesXrayWindow_w284.egsdat ncase=1759999989     cpu=442042.00  
285 SourceBladesXrayWindow_w285.egsdat ncase=1599999990     cpu=428944.00  
286 SourceBladesXrayWindow_w286.egsdat ncase=1759999989     cpu=441624.00  
287 SourceBladesXrayWindow_w287.egsdat ncase=1599999990     cpu=408687.00  
288 SourceBladesXrayWindow_w288.egsdat ncase=1759999989     cpu=444760.00  
289 SourceBladesXrayWindow_w289.egsdat ncase=1759999989     cpu=442080.00  
290 SourceBladesXrayWindow_w290.egsdat ncase=1759999989     cpu=443045.00  
291 SourceBladesXrayWindow_w291.egsdat ncase=1759999989     cpu=439897.00  
292 SourceBladesXrayWindow_w292.egsdat ncase=1759999989     cpu=445799.00  
293 SourceBladesXrayWindow_w293.egsdat ncase=1759999989     cpu=443962.00  
294 SourceBladesXrayWindow_w294.egsdat ncase=1759999989     cpu=439224.00  
295 SourceBladesXrayWindow_w295.egsdat ncase=1759999989     cpu=442750.00  
296 SourceBladesXrayWindow_w296.egsdat ncase=1759999989     cpu=441733.00  
297 SourceBladesXrayWindow_w297.egsdat ncase=1759999989     cpu=437900.00  
298 SourceBladesXrayWindow_w298.egsdat ncase=1759999989     cpu=442011.00  
299 SourceBladesXrayWindow_w299.egsdat ncase=1599999990     cpu=415076.00  
300 SourceBladesXrayWindow_w300.egsdat ncase=1759999989     cpu=442360.00  
301 SourceBladesXrayWindow_w301.egsdat ncase=1759999989     cpu=442665.00  
302 SourceBladesXrayWindow_w302.egsdat ncase=1759999989     cpu=439717.00  
303 SourceBladesXrayWindow_w303.egsdat ncase=1759999989     cpu=441167.00  
304 SourceBladesXrayWindow_w304.egsdat ncase=1759999989     cpu=440115.00  
305 SourceBladesXrayWindow_w305.egsdat ncase=1759999989     cpu=439037.00  
306 SourceBladesXrayWindow_w306.egsdat ncase=1759999989     cpu=440619.00  
307 SourceBladesXrayWindow_w307.egsdat ncase=1759999989     cpu=440349.00  
308 SourceBladesXrayWindow_w308.egsdat ncase=1759999989     cpu=440561.00  
309 SourceBladesXrayWindow_w309.egsdat ncase=1759999989     cpu=440843.00  
310 SourceBladesXrayWindow_w310.egsdat ncase=1759999989     cpu=439748.00  
311 SourceBladesXrayWindow_w311.egsdat ncase=1759999989     cpu=441478.00  
312 SourceBladesXrayWindow_w312.egsdat ncase=1759999989     cpu=442938.00  
313 SourceBladesXrayWindow_w313.egsdat ncase=1759999989     cpu=441373.00  
314 SourceBladesXrayWindow_w314.egsdat ncase=1759999989     cpu=441243.00  
315 SourceBladesXrayWindow_w315.egsdat ncase=1759999989     cpu=440533.00  
316 SourceBladesXrayWindow_w316.egsdat ncase=1599999990     cpu=413448.00  
317 SourceBladesXrayWindow_w317.egsdat ncase=1759999989     cpu=444611.00  
318 SourceBladesXrayWindow_w318.egsdat ncase=1759999989     cpu=438630.00  
319 SourceBladesXrayWindow_w319.egsdat ncase=1759999989     cpu=443224.00  
320 SourceBladesXrayWindow_w320.egsdat ncase=1599999990     cpu=409785.00  
321 SourceBladesXrayWindow_w321.egsdat ncase=1759999989     cpu=440380.00  
322 SourceBladesXrayWindow_w322.egsdat ncase=1759999989     cpu=442089.00  
323 SourceBladesXrayWindow_w323.egsdat ncase=1759999989     cpu=437251.00  
324 SourceBladesXrayWindow_w324.egsdat ncase=1759999989     cpu=441097.00  
325 SourceBladesXrayWindow_w325.egsdat ncase=1759999989     cpu=438008.00  
326 SourceBladesXrayWindow_w326.egsdat ncase=1759999989     cpu=438207.00  
327 SourceBladesXrayWindow_w327.egsdat ncase=1599999990     cpu=408096.00  
328 SourceBladesXrayWindow_w328.egsdat ncase=1759999989     cpu=438722.00  
329 SourceBladesXrayWindow_w329.egsdat ncase=1759999989     cpu=445194.00  
330 SourceBladesXrayWindow_w330.egsdat ncase=1599999990     cpu=409762.00  
331 SourceBladesXrayWindow_w331.egsdat ncase=1599999990     cpu=408764.00  
332 SourceBladesXrayWindow_w332.egsdat ncase=1759999989     cpu=442949.00  
333 SourceBladesXrayWindow_w333.egsdat ncase=1759999989     cpu=443977.00  
334 SourceBladesXrayWindow_w334.egsdat ncase=1759999989     cpu=441686.00  
335 SourceBladesXrayWindow_w335.egsdat ncase=1759999989     cpu=440264.00  
336 SourceBladesXrayWindow_w336.egsdat ncase=1759999989     cpu=439035.00  
337 SourceBladesXrayWindow_w337.egsdat ncase=1759999989     cpu=446047.00  
338 SourceBladesXrayWindow_w338.egsdat ncase=1599999990     cpu=409331.00  
339 SourceBladesXrayWindow_w339.egsdat ncase=1759999989     cpu=441122.00  
340 SourceBladesXrayWindow_w340.egsdat ncase=1759999989     cpu=442106.00  
341 SourceBladesXrayWindow_w341.egsdat ncase=1759999989     cpu=442396.00  
342 SourceBladesXrayWindow_w342.egsdat ncase=1759999989     cpu=444772.00  
343 SourceBladesXrayWindow_w343.egsdat ncase=1759999989     cpu=440300.00  
344 SourceBladesXrayWindow_w344.egsdat ncase=1759999989     cpu=444274.00  
345 SourceBladesXrayWindow_w345.egsdat ncase=1759999989     cpu=444765.00  
346 SourceBladesXrayWindow_w346.egsdat ncase=1599999990     cpu=417580.00  
347 SourceBladesXrayWindow_w347.egsdat ncase=1759999989     cpu=441910.00  
348 SourceBladesXrayWindow_w348.egsdat ncase=1759999989     cpu=444447.00  
349 SourceBladesXrayWindow_w349.egsdat ncase=1759999989     cpu=444885.00  
350 SourceBladesXrayWindow_w350.egsdat ncase=1759999989     cpu=438872.00  
351 SourceBladesXrayWindow_w351.egsdat ncase=1759999989     cpu=444381.00  
352 SourceBladesXrayWindow_w352.egsdat ncase=1759999989     cpu=442960.00  
353 SourceBladesXrayWindow_w353.egsdat ncase=1759999989     cpu=439988.00  
354 SourceBladesXrayWindow_w354.egsdat ncase=1759999989     cpu=433685.00  
355 SourceBladesXrayWindow_w355.egsdat ncase=1759999989     cpu=440388.00  
356 SourceBladesXrayWindow_w356.egsdat ncase=1759999989     cpu=441824.00  
357 SourceBladesXrayWindow_w357.egsdat ncase=1759999989     cpu=439091.00  
358 SourceBladesXrayWindow_w358.egsdat ncase=1759999989     cpu=443483.00  
359 SourceBladesXrayWindow_w359.egsdat ncase=1759999989     cpu=436993.00  
360 SourceBladesXrayWindow_w360.egsdat ncase=1759999989     cpu=438256.00  
361 SourceBladesXrayWindow_w361.egsdat ncase=1759999989     cpu=444823.00  
362 SourceBladesXrayWindow_w362.egsdat ncase=1759999989     cpu=439034.00  
363 SourceBladesXrayWindow_w363.egsdat ncase=1759999989     cpu=436210.00  
364 SourceBladesXrayWindow_w364.egsdat ncase=1759999989     cpu=440305.00  
365 SourceBladesXrayWindow_w365.egsdat ncase=1759999989     cpu=435057.00  
366 SourceBladesXrayWindow_w366.egsdat ncase=1759999989     cpu=443978.00  
367 SourceBladesXrayWindow_w367.egsdat ncase=1759999989     cpu=438766.00  
368 SourceBladesXrayWindow_w368.egsdat ncase=1759999989     cpu=437713.00  
369 SourceBladesXrayWindow_w369.egsdat ncase=1599999990     cpu=428201.00  
370 SourceBladesXrayWindow_w370.egsdat ncase=1759999989     cpu=435178.00  
371 SourceBladesXrayWindow_w371.egsdat ncase=1759999989     cpu=438121.00  
372 SourceBladesXrayWindow_w372.egsdat ncase=1759999989     cpu=436748.00  
373 SourceBladesXrayWindow_w373.egsdat ncase=1599999990     cpu=410925.00  
374 SourceBladesXrayWindow_w374.egsdat ncase=1759999989     cpu=440272.00  
375 SourceBladesXrayWindow_w375.egsdat ncase=1759999989     cpu=439701.00  
376 SourceBladesXrayWindow_w376.egsdat ncase=1759999989     cpu=441850.00  
377 SourceBladesXrayWindow_w377.egsdat ncase=1599999990     cpu=410093.00  
378 SourceBladesXrayWindow_w378.egsdat ncase=1599999990     cpu=408607.00  
379 SourceBladesXrayWindow_w379.egsdat ncase=1759999989     cpu=441488.00  
380 SourceBladesXrayWindow_w380.egsdat ncase=1599999990     cpu=409818.00  
381 SourceBladesXrayWindow_w381.egsdat ncase=1759999989     cpu=443400.00  
382 SourceBladesXrayWindow_w382.egsdat ncase=1599999990     cpu=410635.00  
383 SourceBladesXrayWindow_w383.egsdat ncase=1759999989     cpu=440838.00  
384 SourceBladesXrayWindow_w384.egsdat ncase=1599999990     cpu=408534.00  
385 SourceBladesXrayWindow_w385.egsdat ncase=1599999990     cpu=408178.00  
386 SourceBladesXrayWindow_w386.egsdat ncase=1599999990     cpu=410955.00  
387 SourceBladesXrayWindow_w387.egsdat ncase=1759999989     cpu=441554.00  
388 SourceBladesXrayWindow_w388.egsdat ncase=1759999989     cpu=443814.00  
389 SourceBladesXrayWindow_w389.egsdat ncase=1599999990     cpu=417035.00  
390 SourceBladesXrayWindow_w390.egsdat ncase=1599999990     cpu=408514.00  
391 SourceBladesXrayWindow_w391.egsdat ncase=1759999989     cpu=442448.00  
392 SourceBladesXrayWindow_w392.egsdat ncase=1759999989     cpu=439667.00  
393 SourceBladesXrayWindow_w393.egsdat ncase=1599999990     cpu=406921.00  
394 SourceBladesXrayWindow_w394.egsdat ncase=1759999989     cpu=441259.00  
395 SourceBladesXrayWindow_w395.egsdat ncase=1759999989     cpu=442396.00  
396 SourceBladesXrayWindow_w396.egsdat ncase=1599999990     cpu=408180.00  
397 SourceBladesXrayWindow_w397.egsdat ncase=1599999990     cpu=408053.00  
398 SourceBladesXrayWindow_w398.egsdat ncase=1759999989     cpu=442561.00  
399 SourceBladesXrayWindow_w399.egsdat ncase=1759999989     cpu=441300.00  
400 SourceBladesXrayWindow_w400.egsdat ncase=1759999989     cpu=439929.00  
401 SourceBladesXrayWindow_w401.egsdat ncase=1759999989     cpu=440661.00  
402 SourceBladesXrayWindow_w402.egsdat ncase=1599999990     cpu=411398.00  
403 SourceBladesXrayWindow_w403.egsdat ncase=1599999990     cpu=409335.00  
404 SourceBladesXrayWindow_w404.egsdat ncase=1759999989     cpu=443800.00  
405 SourceBladesXrayWindow_w405.egsdat ncase=1759999989     cpu=442184.00  
406 SourceBladesXrayWindow_w406.egsdat ncase=1599999990     cpu=416873.00  
407 SourceBladesXrayWindow_w407.egsdat ncase=1759999989     cpu=440784.00  
408 SourceBladesXrayWindow_w408.egsdat ncase=1759999989     cpu=440308.00  
409 SourceBladesXrayWindow_w409.egsdat ncase=1759999989     cpu=443067.00  
410 SourceBladesXrayWindow_w410.egsdat ncase=1599999990     cpu=408279.00  
411 SourceBladesXrayWindow_w411.egsdat ncase=1599999990     cpu=411997.00  
412 SourceBladesXrayWindow_w412.egsdat ncase=1759999989     cpu=440463.00  
413 SourceBladesXrayWindow_w413.egsdat ncase=1599999990     cpu=419990.00  
414 SourceBladesXrayWindow_w414.egsdat ncase=1599999990     cpu=423745.00  
415 SourceBladesXrayWindow_w415.egsdat ncase=1599999990     cpu=420604.00  
416 SourceBladesXrayWindow_w416.egsdat ncase=1599999990     cpu=418564.00  
417 SourceBladesXrayWindow_w417.egsdat ncase=1599999990     cpu=416545.00  
418 SourceBladesXrayWindow_w418.egsdat ncase=1599999990     cpu=416286.00  
419 SourceBladesXrayWindow_w419.egsdat ncase=1599999990     cpu=416965.00  
420 SourceBladesXrayWindow_w420.egsdat ncase=1599999990     cpu=418126.00  
421 SourceBladesXrayWindow_w421.egsdat ncase=1599999990     cpu=417725.00  
422 SourceBladesXrayWindow_w422.egsdat ncase=1599999990     cpu=417016.00  
423 SourceBladesXrayWindow_w423.egsdat ncase=1599999990     cpu=416548.00  
424 SourceBladesXrayWindow_w424.egsdat ncase=1599999990     cpu=418995.00  
425 SourceBladesXrayWindow_w425.egsdat ncase=1599999990     cpu=420874.00  
426 SourceBladesXrayWindow_w426.egsdat ncase=1599999990     cpu=417406.00  
427 SourceBladesXrayWindow_w427.egsdat ncase=1599999990     cpu=417711.00  
428 SourceBladesXrayWindow_w428.egsdat ncase=1599999990     cpu=418076.00  
429 SourceBladesXrayWindow_w429.egsdat ncase=1599999990     cpu=424987.00  
430 SourceBladesXrayWindow_w430.egsdat ncase=1599999990     cpu=417021.00  
431 SourceBladesXrayWindow_w431.egsdat ncase=1599999990     cpu=433558.00  
432 SourceBladesXrayWindow_w432.egsdat ncase=1599999990     cpu=425239.00  
433 SourceBladesXrayWindow_w433.egsdat ncase=1599999990     cpu=419362.00  
434 SourceBladesXrayWindow_w434.egsdat ncase=1599999990     cpu=415314.00  
435 SourceBladesXrayWindow_w435.egsdat ncase=1599999990     cpu=414693.00  
436 SourceBladesXrayWindow_w436.egsdat ncase=1599999990     cpu=410382.00  
437 SourceBladesXrayWindow_w437.egsdat ncase=1599999990     cpu=411152.00  
438 SourceBladesXrayWindow_w438.egsdat ncase=1599999990     cpu=416992.00  
439 SourceBladesXrayWindow_w439.egsdat ncase=1599999990     cpu=414179.00  
440 SourceBladesXrayWindow_w440.egsdat ncase=1599999990     cpu=411906.00  
441 SourceBladesXrayWindow_w441.egsdat ncase=1599999990     cpu=411349.00  
442 SourceBladesXrayWindow_w442.egsdat ncase=1599999990     cpu=410872.00  
443 SourceBladesXrayWindow_w443.egsdat ncase=1599999990     cpu=410566.00  
444 SourceBladesXrayWindow_w444.egsdat ncase=1599999990     cpu=416648.00  
445 SourceBladesXrayWindow_w445.egsdat ncase=1599999990     cpu=411389.00  
446 SourceBladesXrayWindow_w446.egsdat ncase=1599999990     cpu=414274.00  
447 SourceBladesXrayWindow_w447.egsdat ncase=1599999990     cpu=412443.00  
448 SourceBladesXrayWindow_w448.egsdat ncase=1599999990     cpu=414189.00  
449 SourceBladesXrayWindow_w449.egsdat ncase=1599999990     cpu=413474.00  
450 SourceBladesXrayWindow_w450.egsdat ncase=1599999990     cpu=414731.00  
451 SourceBladesXrayWindow_w451.egsdat ncase=1599999990     cpu=414092.00  
452 SourceBladesXrayWindow_w452.egsdat ncase=1599999990     cpu=412523.00  
453 SourceBladesXrayWindow_w453.egsdat ncase=1759999989     cpu=441418.00  
454 SourceBladesXrayWindow_w454.egsdat ncase=1599999990     cpu=408937.00  
455 SourceBladesXrayWindow_w455.egsdat ncase=1759999989     cpu=443189.00  
456 SourceBladesXrayWindow_w456.egsdat ncase=1759999989     cpu=442605.00  
457 SourceBladesXrayWindow_w457.egsdat ncase=1599999990     cpu=408502.00  
458 SourceBladesXrayWindow_w458.egsdat ncase=1759999989     cpu=444165.00  
459 SourceBladesXrayWindow_w459.egsdat ncase=1599999990     cpu=407666.00  
460 SourceBladesXrayWindow_w460.egsdat ncase=1759999989     cpu=444541.00  
461 SourceBladesXrayWindow_w461.egsdat ncase=1599999990     cpu=407949.00  
462 SourceBladesXrayWindow_w462.egsdat ncase=1599999990     cpu=408399.00  
463 SourceBladesXrayWindow_w463.egsdat ncase=1759999989     cpu=445250.00  
464 SourceBladesXrayWindow_w464.egsdat ncase=1599999990     cpu=407645.00  
465 SourceBladesXrayWindow_w465.egsdat ncase=1759999989     cpu=441930.00  
466 SourceBladesXrayWindow_w466.egsdat ncase=1599999990     cpu=409441.00  
467 SourceBladesXrayWindow_w467.egsdat ncase=1759999989     cpu=445169.00  
468 SourceBladesXrayWindow_w468.egsdat ncase=1759999989     cpu=443303.00  
469 SourceBladesXrayWindow_w469.egsdat ncase=1759999989     cpu=445168.00  
470 SourceBladesXrayWindow_w470.egsdat ncase=1599999990     cpu=412921.00  
471 SourceBladesXrayWindow_w471.egsdat ncase=1599999990     cpu=409013.00  
472 SourceBladesXrayWindow_w472.egsdat ncase=1599999990     cpu=419203.00  
473 SourceBladesXrayWindow_w473.egsdat ncase=1599999990     cpu=415905.00  
474 SourceBladesXrayWindow_w474.egsdat ncase=1599999990     cpu=424882.00  
475 SourceBladesXrayWindow_w475.egsdat ncase=1599999990     cpu=414613.00  
476 SourceBladesXrayWindow_w476.egsdat ncase=1599999990     cpu=418087.00  
477 SourceBladesXrayWindow_w477.egsdat ncase=1599999990     cpu=425545.00  
478 SourceBladesXrayWindow_w478.egsdat ncase=1599999990     cpu=425463.00  
479 SourceBladesXrayWindow_w479.egsdat ncase=1599999990     cpu=425307.00  
480 SourceBladesXrayWindow_w480.egsdat ncase=1599999990     cpu=426621.00  
481 SourceBladesXrayWindow_w481.egsdat ncase=1599999990     cpu=427635.00  
482 SourceBladesXrayWindow_w482.egsdat ncase=1599999990     cpu=427636.00  
483 SourceBladesXrayWindow_w483.egsdat ncase=1599999990     cpu=424444.00  
484 SourceBladesXrayWindow_w484.egsdat ncase=1599999990     cpu=432069.00  
485 SourceBladesXrayWindow_w485.egsdat ncase=1599999990     cpu=423088.00  
486 SourceBladesXrayWindow_w486.egsdat ncase=1599999990     cpu=423394.00  
487 SourceBladesXrayWindow_w487.egsdat ncase=1599999990     cpu=425277.00  
488 SourceBladesXrayWindow_w488.egsdat ncase=1599999990     cpu=423028.00  
489 SourceBladesXrayWindow_w489.egsdat ncase=1599999990     cpu=425709.00  
490 SourceBladesXrayWindow_w490.egsdat ncase=1599999990     cpu=423175.00  
491 SourceBladesXrayWindow_w491.egsdat ncase=1599999990     cpu=422910.00  
492 SourceBladesXrayWindow_w492.egsdat ncase=1599999990     cpu=422796.00  
493 SourceBladesXrayWindow_w493.egsdat ncase=1599999990     cpu=424618.00  
494 SourceBladesXrayWindow_w494.egsdat ncase=1599999990     cpu=428454.00  
495 SourceBladesXrayWindow_w495.egsdat ncase=1599999990     cpu=438217.00  
496 SourceBladesXrayWindow_w496.egsdat ncase=1599999990     cpu=425222.00  
497 SourceBladesXrayWindow_w497.egsdat ncase=1599999990     cpu=410087.00  
498 SourceBladesXrayWindow_w498.egsdat ncase=1599999990     cpu=411471.00  
499 SourceBladesXrayWindow_w499.egsdat ncase=1599999990     cpu=410696.00  
500 SourceBladesXrayWindow_w500.egsdat ncase=1599999990     cpu=410005.00  
501 SourceBladesXrayWindow_w501.egsdat ncase=1599999990     cpu=409659.00  
502 SourceBladesXrayWindow_w502.egsdat ncase=1599999990     cpu=410780.00  
503 SourceBladesXrayWindow_w503.egsdat ncase=1599999990     cpu=419212.00  
504 SourceBladesXrayWindow_w504.egsdat ncase=1599999990     cpu=412783.00  
505 SourceBladesXrayWindow_w505.egsdat ncase=1599999990     cpu=410974.00  
506 SourceBladesXrayWindow_w506.egsdat ncase=1599999990     cpu=412646.00  
507 SourceBladesXrayWindow_w507.egsdat ncase=1599999990     cpu=415040.00  
508 SourceBladesXrayWindow_w508.egsdat ncase=1599999990     cpu=412009.00  
509 SourceBladesXrayWindow_w509.egsdat ncase=1599999990     cpu=415652.00  
510 SourceBladesXrayWindow_w510.egsdat ncase=1599999990     cpu=420182.00  
511 SourceBladesXrayWindow_w511.egsdat ncase=1599999990     cpu=411964.00  
512 SourceBladesXrayWindow_w512.egsdat ncase=1599999990     cpu=415372.00  
513 SourceBladesXrayWindow_w513.egsdat ncase=1599999990     cpu=413831.00  
514 SourceBladesXrayWindow_w514.egsdat ncase=1599999990     cpu=417907.00  
515 SourceBladesXrayWindow_w515.egsdat ncase=1599999990     cpu=412362.00  
516 SourceBladesXrayWindow_w516.egsdat ncase=1599999990     cpu=409507.00  
517 SourceBladesXrayWindow_w517.egsdat ncase=1759999989     cpu=428600.00  
518 SourceBladesXrayWindow_w518.egsdat ncase=1759999989     cpu=429720.00  
519 SourceBladesXrayWindow_w519.egsdat ncase=1759999989     cpu=435224.00  
520 SourceBladesXrayWindow_w520.egsdat ncase=1759999989     cpu=422953.00  
521 SourceBladesXrayWindow_w521.egsdat ncase=1759999989     cpu=423879.00  
522 SourceBladesXrayWindow_w522.egsdat ncase=1759999989     cpu=430140.00  
523 SourceBladesXrayWindow_w523.egsdat ncase=1759999989     cpu=426999.00  
524 SourceBladesXrayWindow_w524.egsdat ncase=1759999989     cpu=425896.00  
525 SourceBladesXrayWindow_w525.egsdat ncase=1759999989     cpu=430135.00  
526 SourceBladesXrayWindow_w526.egsdat ncase=1759999989     cpu=428445.00  
527 SourceBladesXrayWindow_w527.egsdat ncase=1599999990     cpu=409985.00  
528 SourceBladesXrayWindow_w528.egsdat ncase=1599999990     cpu=411768.00  
529 SourceBladesXrayWindow_w529.egsdat ncase=1599999990     cpu=408541.00  
530 SourceBladesXrayWindow_w530.egsdat ncase=1599999990     cpu=409348.00  
531 SourceBladesXrayWindow_w531.egsdat ncase=1599999990     cpu=413619.00  
532 SourceBladesXrayWindow_w532.egsdat ncase=1599999990     cpu=413230.00  
533 SourceBladesXrayWindow_w533.egsdat ncase=1759999989     cpu=442512.00  
534 SourceBladesXrayWindow_w534.egsdat ncase=1599999990     cpu=411044.00  
535 SourceBladesXrayWindow_w535.egsdat ncase=1599999990     cpu=412848.00  
536 SourceBladesXrayWindow_w536.egsdat ncase=1759999989     cpu=443759.00  
537 SourceBladesXrayWindow_w537.egsdat ncase=1599999990     cpu=409139.00  
538 SourceBladesXrayWindow_w538.egsdat ncase=1759999989     cpu=443477.00  
539 SourceBladesXrayWindow_w539.egsdat ncase=1599999990     cpu=409456.00  
540 SourceBladesXrayWindow_w540.egsdat ncase=1759999989     cpu=444314.00  
541 SourceBladesXrayWindow_w541.egsdat ncase=1599999990     cpu=407981.00  
542 SourceBladesXrayWindow_w542.egsdat ncase=1599999990     cpu=410400.00  
543 SourceBladesXrayWindow_w543.egsdat ncase=1599999990     cpu=409722.00  
544 SourceBladesXrayWindow_w544.egsdat ncase=1599999990     cpu=409930.00  
545 SourceBladesXrayWindow_w545.egsdat ncase=1759999989     cpu=443359.00  
546 SourceBladesXrayWindow_w546.egsdat ncase=1599999990     cpu=408085.00  
547 SourceBladesXrayWindow_w547.egsdat ncase=1759999989     cpu=441586.00  
548 SourceBladesXrayWindow_w548.egsdat ncase=1759999989     cpu=444845.00  
549 SourceBladesXrayWindow_w549.egsdat ncase=1759999989     cpu=441971.00  
550 SourceBladesXrayWindow_w550.egsdat ncase=1759999989     cpu=439207.00  
551 SourceBladesXrayWindow_w551.egsdat ncase=1759999989     cpu=441182.00  
552 SourceBladesXrayWindow_w552.egsdat ncase=1759999989     cpu=440588.00  
553 SourceBladesXrayWindow_w553.egsdat ncase=1759999989     cpu=442101.00  
554 SourceBladesXrayWindow_w554.egsdat ncase=1759999989     cpu=442600.00  
555 SourceBladesXrayWindow_w555.egsdat ncase=1759999989     cpu=440573.00  
556 SourceBladesXrayWindow_w556.egsdat ncase=1759999989     cpu=438712.00  
557 SourceBladesXrayWindow_w557.egsdat ncase=1759999989     cpu=440549.00  
558 SourceBladesXrayWindow_w558.egsdat ncase=1759999989     cpu=439075.00  
559 SourceBladesXrayWindow_w559.egsdat ncase=1759999989     cpu=443155.00  
560 SourceBladesXrayWindow_w560.egsdat ncase=1759999989     cpu=439192.00  
561 SourceBladesXrayWindow_w561.egsdat ncase=1759999989     cpu=442255.00  
562 SourceBladesXrayWindow_w562.egsdat ncase=1759999989     cpu=441697.00  
563 SourceBladesXrayWindow_w563.egsdat ncase=1759999989     cpu=442121.00  
564 SourceBladesXrayWindow_w564.egsdat ncase=1759999989     cpu=444940.00  
565 SourceBladesXrayWindow_w565.egsdat ncase=1759999989     cpu=439481.00  
566 SourceBladesXrayWindow_w566.egsdat ncase=1599999990     cpu=408254.00  
567 SourceBladesXrayWindow_w567.egsdat ncase=1599999990     cpu=411710.00  
568 SourceBladesXrayWindow_w568.egsdat ncase=1599999990     cpu=407314.00  
569 SourceBladesXrayWindow_w569.egsdat ncase=1599999990     cpu=408097.00  
570 SourceBladesXrayWindow_w570.egsdat ncase=1599999990     cpu=412753.00  
571 SourceBladesXrayWindow_w571.egsdat ncase=1599999990     cpu=410684.00  
572 SourceBladesXrayWindow_w572.egsdat ncase=1599999990     cpu=409270.00  
573 SourceBladesXrayWindow_w573.egsdat ncase=1599999990     cpu=407652.00  
574 SourceBladesXrayWindow_w574.egsdat ncase=1599999990     cpu=408043.00  
575 SourceBladesXrayWindow_w575.egsdat ncase=1599999990     cpu=414800.00  
576 SourceBladesXrayWindow_w576.egsdat ncase=1599999990     cpu=415013.00  
577 SourceBladesXrayWindow_w577.egsdat ncase=1759999989     cpu=443710.00  
578 SourceBladesXrayWindow_w578.egsdat ncase=1599999990     cpu=408279.00  
579 SourceBladesXrayWindow_w579.egsdat ncase=1759999989     cpu=444762.00  
580 SourceBladesXrayWindow_w580.egsdat ncase=1599999990     cpu=410994.00  
581 SourceBladesXrayWindow_w581.egsdat ncase=1599999990     cpu=408918.00  
582 SourceBladesXrayWindow_w582.egsdat ncase=1599999990     cpu=408253.00  
583 SourceBladesXrayWindow_w583.egsdat ncase=1759999989     cpu=444697.00  
584 SourceBladesXrayWindow_w584.egsdat ncase=1599999990     cpu=409078.00  
585 SourceBladesXrayWindow_w585.egsdat ncase=1599999990     cpu=407376.00  
586 SourceBladesXrayWindow_w586.egsdat ncase=1599999990     cpu=417887.00  
587 SourceBladesXrayWindow_w587.egsdat ncase=1599999990     cpu=409143.00  
588 SourceBladesXrayWindow_w588.egsdat ncase=1599999990     cpu=411183.00  
589 SourceBladesXrayWindow_w589.egsdat ncase=1919999988     cpu=439969.00  
590 SourceBladesXrayWindow_w590.egsdat ncase=1919999988     cpu=442397.00  
591 SourceBladesXrayWindow_w591.egsdat ncase=1919999988     cpu=439810.00  
592 SourceBladesXrayWindow_w592.egsdat ncase=1919999988     cpu=433985.00  
593 SourceBladesXrayWindow_w593.egsdat ncase=1759999989     cpu=423104.00  
594 SourceBladesXrayWindow_w594.egsdat ncase=1919999988     cpu=435754.00  
595 SourceBladesXrayWindow_w595.egsdat ncase=1919999988     cpu=435293.00  
596 SourceBladesXrayWindow_w596.egsdat ncase=1919999988     cpu=438425.00  
597 SourceBladesXrayWindow_w597.egsdat ncase=1759999989     cpu=411122.00  
598 SourceBladesXrayWindow_w598.egsdat ncase=1919999988     cpu=440116.00  
599 SourceBladesXrayWindow_w599.egsdat ncase=1919999988     cpu=441572.00  
600 SourceBladesXrayWindow_w600.egsdat ncase=1919999988     cpu=437723.00  
601 SourceBladesXrayWindow_w601.egsdat ncase=1919999988     cpu=440752.00  
602 SourceBladesXrayWindow_w602.egsdat ncase=1919999988     cpu=440973.00  
603 SourceBladesXrayWindow_w603.egsdat ncase=1919999988     cpu=439695.00  
604 SourceBladesXrayWindow_w604.egsdat ncase=1919999988     cpu=440515.00  
605 SourceBladesXrayWindow_w605.egsdat ncase=1759999989     cpu=415653.00  
606 SourceBladesXrayWindow_w606.egsdat ncase=1759999989     cpu=410417.00  
607 SourceBladesXrayWindow_w607.egsdat ncase=1919999988     cpu=439656.00  
608 SourceBladesXrayWindow_w608.egsdat ncase=1919999988     cpu=438645.00  
609 SourceBladesXrayWindow_w609.egsdat ncase=1439999991     cpu=430441.00  
610 SourceBladesXrayWindow_w610.egsdat ncase=1439999991     cpu=427603.00  
611 SourceBladesXrayWindow_w611.egsdat ncase=1439999991     cpu=429845.00  
612 SourceBladesXrayWindow_w612.egsdat ncase=1439999991     cpu=431066.00  
613 SourceBladesXrayWindow_w613.egsdat ncase=1439999991     cpu=425095.00  
614 SourceBladesXrayWindow_w614.egsdat ncase=1439999991     cpu=425526.00  
615 SourceBladesXrayWindow_w615.egsdat ncase=1439999991     cpu=434507.00  
616 SourceBladesXrayWindow_w616.egsdat ncase=1439999991     cpu=427526.00  
617 SourceBladesXrayWindow_w617.egsdat ncase=1439999991     cpu=427846.00  
618 SourceBladesXrayWindow_w618.egsdat ncase=1439999991     cpu=428450.00  
619 SourceBladesXrayWindow_w619.egsdat ncase=1439999991     cpu=427295.00  
620 SourceBladesXrayWindow_w620.egsdat ncase=1439999991     cpu=427469.00  
621 SourceBladesXrayWindow_w621.egsdat ncase=1439999991     cpu=427892.00  
622 SourceBladesXrayWindow_w622.egsdat ncase=1439999991     cpu=427364.00  
623 SourceBladesXrayWindow_w623.egsdat ncase=1439999991     cpu=432815.00  
624 SourceBladesXrayWindow_w624.egsdat ncase=1439999991     cpu=429205.00  
625 SourceBladesXrayWindow_w625.egsdat ncase=1439999991     cpu=427175.00  
626 SourceBladesXrayWindow_w626.egsdat ncase=1439999991     cpu=431205.00  
627 SourceBladesXrayWindow_w627.egsdat ncase=1439999991     cpu=428147.00  
628 SourceBladesXrayWindow_w628.egsdat ncase=1439999991     cpu=427496.00  
629 SourceBladesXrayWindow_w629.egsdat ncase=1439999991     cpu=430215.00  
630 SourceBladesXrayWindow_w630.egsdat ncase=1439999991     cpu=428805.00  
631 SourceBladesXrayWindow_w631.egsdat ncase=1439999991     cpu=428048.00  
632 SourceBladesXrayWindow_w632.egsdat ncase=1439999991     cpu=426741.00  
633 SourceBladesXrayWindow_w633.egsdat ncase=1439999991     cpu=429664.00  
634 SourceBladesXrayWindow_w634.egsdat ncase=1439999991     cpu=433179.00  
635 SourceBladesXrayWindow_w635.egsdat ncase=1439999991     cpu=430565.00  
636 SourceBladesXrayWindow_w636.egsdat ncase=1439999991     cpu=433149.00  
637 SourceBladesXrayWindow_w637.egsdat ncase=1439999991     cpu=430500.00  
638 SourceBladesXrayWindow_w638.egsdat ncase=1439999991     cpu=430243.00  
639 SourceBladesXrayWindow_w639.egsdat ncase=1439999991     cpu=427832.00  
640 SourceBladesXrayWindow_w640.egsdat ncase=1439999991     cpu=435376.00  
641 SourceBladesXrayWindow_w641.egsdat ncase=1439999991     cpu=429870.00  
642 SourceBladesXrayWindow_w642.egsdat ncase=1439999991     cpu=430076.00  
643 SourceBladesXrayWindow_w643.egsdat ncase=1439999991     cpu=430168.00  
644 SourceBladesXrayWindow_w644.egsdat ncase=1439999991     cpu=427079.00  
645 SourceBladesXrayWindow_w645.egsdat ncase=1439999991     cpu=424630.00  
646 SourceBladesXrayWindow_w646.egsdat ncase=1439999991     cpu=430206.00  
647 SourceBladesXrayWindow_w647.egsdat ncase=1439999991     cpu=426610.00  
648 SourceBladesXrayWindow_w648.egsdat ncase=1439999991     cpu=425471.00  
649 SourceBladesXrayWindow_w649.egsdat ncase=1439999991     cpu=428495.00  
650 SourceBladesXrayWindow_w650.egsdat ncase=1439999991     cpu=427902.00  
651 SourceBladesXrayWindow_w651.egsdat ncase=1439999991     cpu=430659.00  
652 SourceBladesXrayWindow_w652.egsdat ncase=1439999991     cpu=427713.00  
653 SourceBladesXrayWindow_w653.egsdat ncase=1439999991     cpu=429576.00  
654 SourceBladesXrayWindow_w654.egsdat ncase=1439999991     cpu=426601.00  
655 SourceBladesXrayWindow_w655.egsdat ncase=1439999991     cpu=426450.00  
656 SourceBladesXrayWindow_w656.egsdat ncase=1439999991     cpu=429382.00  
657 SourceBladesXrayWindow_w657.egsdat ncase=1439999991     cpu=428966.00  
658 SourceBladesXrayWindow_w658.egsdat ncase=1439999991     cpu=428271.00  
659 SourceBladesXrayWindow_w659.egsdat ncase=1439999991     cpu=428230.00  
660 SourceBladesXrayWindow_w660.egsdat ncase=1439999991     cpu=431095.00  
661 SourceBladesXrayWindow_w661.egsdat ncase=1439999991     cpu=427874.00  
662 SourceBladesXrayWindow_w662.egsdat ncase=1439999991     cpu=436111.00  
663 SourceBladesXrayWindow_w663.egsdat ncase=1439999991     cpu=424268.00  
664 SourceBladesXrayWindow_w664.egsdat ncase=1439999991     cpu=428215.00  
665 SourceBladesXrayWindow_w665.egsdat ncase=1439999991     cpu=423403.00  
666 SourceBladesXrayWindow_w666.egsdat ncase=1439999991     cpu=422663.00  
667 SourceBladesXrayWindow_w667.egsdat ncase=1439999991     cpu=424867.00  
668 SourceBladesXrayWindow_w668.egsdat ncase=1439999991     cpu=422863.00  
669 SourceBladesXrayWindow_w669.egsdat ncase=1439999991     cpu=423132.00  
670 SourceBladesXrayWindow_w670.egsdat ncase=1439999991     cpu=424243.00  
671 SourceBladesXrayWindow_w671.egsdat ncase=1439999991     cpu=422961.00  
672 SourceBladesXrayWindow_w672.egsdat ncase=1439999991     cpu=424193.00  
673 SourceBladesXrayWindow_w673.egsdat ncase=1439999991     cpu=425642.00  
674 SourceBladesXrayWindow_w674.egsdat ncase=1439999991     cpu=423880.00  
675 SourceBladesXrayWindow_w675.egsdat ncase=1439999991     cpu=425934.00  
676 SourceBladesXrayWindow_w676.egsdat ncase=1439999991     cpu=424446.00  
677 SourceBladesXrayWindow_w677.egsdat ncase=1439999991     cpu=424909.00  
678 SourceBladesXrayWindow_w678.egsdat ncase=1439999991     cpu=426789.00  
679 SourceBladesXrayWindow_w679.egsdat ncase=1439999991     cpu=432887.00  
680 SourceBladesXrayWindow_w680.egsdat ncase=1439999991     cpu=430446.00  
681 SourceBladesXrayWindow_w681.egsdat ncase=1439999991     cpu=425063.00  
682 SourceBladesXrayWindow_w682.egsdat ncase=1439999991     cpu=429137.00  
683 SourceBladesXrayWindow_w683.egsdat ncase=1439999991     cpu=424878.00  
684 SourceBladesXrayWindow_w684.egsdat ncase=1439999991     cpu=424910.00  
685 SourceBladesXrayWindow_w685.egsdat ncase=1439999991     cpu=425774.00  
686 SourceBladesXrayWindow_w686.egsdat ncase=1439999991     cpu=423462.00  
687 SourceBladesXrayWindow_w687.egsdat ncase=1439999991     cpu=430339.00  
688 SourceBladesXrayWindow_w688.egsdat ncase=1439999991     cpu=427667.00  
689 SourceBladesXrayWindow_w689.egsdat ncase=1439999991     cpu=430358.00  
690 SourceBladesXrayWindow_w690.egsdat ncase=1439999991     cpu=426807.00  
691 SourceBladesXrayWindow_w691.egsdat ncase=1439999991     cpu=423534.00  
692 SourceBladesXrayWindow_w692.egsdat ncase=1439999991     cpu=435824.00  
693 SourceBladesXrayWindow_w693.egsdat ncase=1439999991     cpu=423125.00  
694 SourceBladesXrayWindow_w694.egsdat ncase=1439999991     cpu=423048.00  
695 SourceBladesXrayWindow_w695.egsdat ncase=1439999991     cpu=423417.00  
696 SourceBladesXrayWindow_w696.egsdat ncase=1439999991     cpu=423455.00  
697 SourceBladesXrayWindow_w697.egsdat ncase=1439999991     cpu=424436.00  
698 SourceBladesXrayWindow_w698.egsdat ncase=1439999991     cpu=424073.00  
699 SourceBladesXrayWindow_w699.egsdat ncase=1439999991     cpu=428321.00  
700 SourceBladesXrayWindow_w700.egsdat ncase=1439999991     cpu=426742.00  
701 SourceBladesXrayWindow_w701.egsdat ncase=1439999991     cpu=426584.00  
702 SourceBladesXrayWindow_w702.egsdat ncase=1439999991     cpu=426205.00  
703 SourceBladesXrayWindow_w703.egsdat ncase=1439999991     cpu=429004.00  
704 SourceBladesXrayWindow_w704.egsdat ncase=1439999991     cpu=425142.00  
705 SourceBladesXrayWindow_w705.egsdat ncase=1439999991     cpu=423178.00  
706 SourceBladesXrayWindow_w706.egsdat ncase=1439999991     cpu=426961.00  
707 SourceBladesXrayWindow_w707.egsdat ncase=1439999991     cpu=427467.00  
708 SourceBladesXrayWindow_w708.egsdat ncase=1439999991     cpu=424291.00  
709 SourceBladesXrayWindow_w709.egsdat ncase=1439999991     cpu=424786.00  
710 SourceBladesXrayWindow_w710.egsdat ncase=1439999991     cpu=425255.00  
711 SourceBladesXrayWindow_w711.egsdat ncase=1439999991     cpu=426089.00  
712 SourceBladesXrayWindow_w712.egsdat ncase=1439999991     cpu=424275.00  
713 SourceBladesXrayWindow_w713.egsdat ncase=1439999991     cpu=424387.00  
714 SourceBladesXrayWindow_w714.egsdat ncase=1439999991     cpu=428604.00  
715 SourceBladesXrayWindow_w715.egsdat ncase=1439999991     cpu=425069.00  
716 SourceBladesXrayWindow_w716.egsdat ncase=1439999991     cpu=428605.00  
717 SourceBladesXrayWindow_w717.egsdat ncase=1439999991     cpu=426803.00  
718 SourceBladesXrayWindow_w718.egsdat ncase=1439999991     cpu=423014.00  
719 SourceBladesXrayWindow_w719.egsdat ncase=1439999991     cpu=422580.00  
720 SourceBladesXrayWindow_w720.egsdat ncase=1439999991     cpu=426869.00  
721 SourceBladesXrayWindow_w721.egsdat ncase=1439999991     cpu=425698.00  
722 SourceBladesXrayWindow_w722.egsdat ncase=1439999991     cpu=425161.00  
723 SourceBladesXrayWindow_w723.egsdat ncase=1439999991     cpu=424538.00  
724 SourceBladesXrayWindow_w724.egsdat ncase=1439999991     cpu=426159.00  
725 SourceBladesXrayWindow_w725.egsdat ncase=1439999991     cpu=423562.00  
726 SourceBladesXrayWindow_w726.egsdat ncase=1439999991     cpu=423466.00  
727 SourceBladesXrayWindow_w727.egsdat ncase=1439999991     cpu=421823.00  
728 SourceBladesXrayWindow_w728.egsdat ncase=1439999991     cpu=424136.00  
729 SourceBladesXrayWindow_w729.egsdat ncase=1439999991     cpu=426833.00  
730 SourceBladesXrayWindow_w730.egsdat ncase=1439999991     cpu=422884.00  
731 SourceBladesXrayWindow_w731.egsdat ncase=1439999991     cpu=425937.00  
732 SourceBladesXrayWindow_w732.egsdat ncase=1439999991     cpu=426350.00  
733 SourceBladesXrayWindow_w733.egsdat ncase=1439999991     cpu=424884.00  
734 SourceBladesXrayWindow_w734.egsdat ncase=1439999991     cpu=426470.00  
735 SourceBladesXrayWindow_w735.egsdat ncase=1439999991     cpu=423273.00  
736 SourceBladesXrayWindow_w736.egsdat ncase=1439999991     cpu=425620.00  
737 SourceBladesXrayWindow_w737.egsdat ncase=1439999991     cpu=426105.00  
738 SourceBladesXrayWindow_w738.egsdat ncase=1439999991     cpu=425739.00  
739 SourceBladesXrayWindow_w739.egsdat ncase=1439999991     cpu=423091.00  
740 SourceBladesXrayWindow_w740.egsdat ncase=1439999991     cpu=426698.00  
741 SourceBladesXrayWindow_w741.egsdat ncase=1439999991     cpu=422800.00  
742 SourceBladesXrayWindow_w742.egsdat ncase=1439999991     cpu=428611.00  
743 SourceBladesXrayWindow_w743.egsdat ncase=1439999991     cpu=425704.00  
744 SourceBladesXrayWindow_w744.egsdat ncase=1439999991     cpu=432688.00  
745 SourceBladesXrayWindow_w745.egsdat ncase=1439999991     cpu=425007.00  
746 SourceBladesXrayWindow_w746.egsdat ncase=1439999991     cpu=426949.00  
747 SourceBladesXrayWindow_w747.egsdat ncase=1439999991     cpu=427072.00  
748 SourceBladesXrayWindow_w748.egsdat ncase=1439999991     cpu=424445.00  
749 SourceBladesXrayWindow_w749.egsdat ncase=1439999991     cpu=426805.00  
750 SourceBladesXrayWindow_w750.egsdat ncase=1439999991     cpu=422626.00  
751 SourceBladesXrayWindow_w751.egsdat ncase=1439999991     cpu=422821.00  
752 SourceBladesXrayWindow_w752.egsdat ncase=1439999991     cpu=422401.00  
753 SourceBladesXrayWindow_w753.egsdat ncase=1439999991     cpu=423628.00  
754 SourceBladesXrayWindow_w754.egsdat ncase=1439999991     cpu=427525.00  
755 SourceBladesXrayWindow_w755.egsdat ncase=1439999991     cpu=424094.00  
756 SourceBladesXrayWindow_w756.egsdat ncase=1439999991     cpu=424805.00  
757 SourceBladesXrayWindow_w757.egsdat ncase=1439999991     cpu=423998.00  
758 SourceBladesXrayWindow_w758.egsdat ncase=1439999991     cpu=423661.00  
759 SourceBladesXrayWindow_w759.egsdat ncase=1439999991     cpu=433349.00  
760 SourceBladesXrayWindow_w760.egsdat ncase=1439999991     cpu=423859.00  
761 SourceBladesXrayWindow_w761.egsdat ncase=1439999991     cpu=423788.00  
762 SourceBladesXrayWindow_w762.egsdat ncase=1439999991     cpu=427585.00  
763 SourceBladesXrayWindow_w763.egsdat ncase=1439999991     cpu=424237.00  
764 SourceBladesXrayWindow_w764.egsdat ncase=1439999991     cpu=423168.00  
765 SourceBladesXrayWindow_w765.egsdat ncase=1439999991     cpu=425646.00  
766 SourceBladesXrayWindow_w766.egsdat ncase=1439999991     cpu=426586.00  
767 SourceBladesXrayWindow_w767.egsdat ncase=1439999991     cpu=442315.00  
768 SourceBladesXrayWindow_w768.egsdat ncase=1439999991     cpu=422844.00  
769 SourceBladesXrayWindow_w769.egsdat ncase=1439999991     cpu=423931.00  
770 SourceBladesXrayWindow_w770.egsdat ncase=1439999991     cpu=422634.00  
771 SourceBladesXrayWindow_w771.egsdat ncase=1439999991     cpu=423245.00  
772 SourceBladesXrayWindow_w772.egsdat ncase=1439999991     cpu=423391.00  
773 SourceBladesXrayWindow_w773.egsdat ncase=1439999991     cpu=424466.00  
774 SourceBladesXrayWindow_w774.egsdat ncase=1439999991     cpu=424367.00  
775 SourceBladesXrayWindow_w775.egsdat ncase=1439999991     cpu=423105.00  
776 SourceBladesXrayWindow_w776.egsdat ncase=1439999991     cpu=426341.00  
777 SourceBladesXrayWindow_w777.egsdat ncase=1439999991     cpu=423895.00  
778 SourceBladesXrayWindow_w778.egsdat ncase=1439999991     cpu=422212.00  
779 SourceBladesXrayWindow_w779.egsdat ncase=1439999991     cpu=428953.00  
780 SourceBladesXrayWindow_w780.egsdat ncase=1439999991     cpu=424774.00  
781 SourceBladesXrayWindow_w781.egsdat ncase=1439999991     cpu=433715.00  
782 SourceBladesXrayWindow_w782.egsdat ncase=1439999991     cpu=431402.00  
783 SourceBladesXrayWindow_w783.egsdat ncase=1439999991     cpu=430498.00  
784 SourceBladesXrayWindow_w784.egsdat ncase=1439999991     cpu=429248.00  
785 SourceBladesXrayWindow_w785.egsdat ncase=1439999991     cpu=425781.00  
786 SourceBladesXrayWindow_w786.egsdat ncase=1439999991     cpu=427416.00  
787 SourceBladesXrayWindow_w787.egsdat ncase=1439999991     cpu=426098.00  
788 SourceBladesXrayWindow_w788.egsdat ncase=1439999991     cpu=430531.00  
789 SourceBladesXrayWindow_w789.egsdat ncase=1439999991     cpu=428342.00  
790 SourceBladesXrayWindow_w790.egsdat ncase=1439999991     cpu=429225.00  
791 SourceBladesXrayWindow_w791.egsdat ncase=1439999991     cpu=432298.00  
792 SourceBladesXrayWindow_w792.egsdat ncase=1439999991     cpu=428399.00  
793 SourceBladesXrayWindow_w793.egsdat ncase=1439999991     cpu=423674.00  
794 SourceBladesXrayWindow_w794.egsdat ncase=1439999991     cpu=422980.00  
795 SourceBladesXrayWindow_w795.egsdat ncase=1439999991     cpu=434184.00  
796 SourceBladesXrayWindow_w796.egsdat ncase=1439999991     cpu=427626.00  
797 SourceBladesXrayWindow_w797.egsdat ncase=1439999991     cpu=422129.00  
798 SourceBladesXrayWindow_w798.egsdat ncase=1439999991     cpu=424082.00  
799 SourceBladesXrayWindow_w799.egsdat ncase=1439999991     cpu=434000.00  
800 SourceBladesXrayWindow_w800.egsdat ncase=1439999991     cpu=426468.00  
801 SourceBladesXrayWindow_w801.egsdat ncase=1439999991     cpu=424110.00  
802 SourceBladesXrayWindow_w802.egsdat ncase=1439999991     cpu=425147.00  
803 SourceBladesXrayWindow_w803.egsdat ncase=1439999991     cpu=438946.00  
804 SourceBladesXrayWindow_w804.egsdat ncase=1439999991     cpu=423726.00  
805 SourceBladesXrayWindow_w805.egsdat ncase=1439999991     cpu=432658.00  
806 SourceBladesXrayWindow_w806.egsdat ncase=1439999991     cpu=427808.00  
807 SourceBladesXrayWindow_w807.egsdat ncase=1439999991     cpu=427876.00  
808 SourceBladesXrayWindow_w808.egsdat ncase=1439999991     cpu=429773.00  
809 SourceBladesXrayWindow_w809.egsdat ncase=1439999991     cpu=428510.00  
810 SourceBladesXrayWindow_w810.egsdat ncase=1439999991     cpu=427862.00  
811 SourceBladesXrayWindow_w811.egsdat ncase=1439999991     cpu=431018.00  
812 SourceBladesXrayWindow_w812.egsdat ncase=1439999991     cpu=432264.00  
813 SourceBladesXrayWindow_w813.egsdat ncase=1439999991     cpu=431583.00  
814 SourceBladesXrayWindow_w814.egsdat ncase=1439999991     cpu=428312.00  
815 SourceBladesXrayWindow_w815.egsdat ncase=1439999991     cpu=429492.00  
816 SourceBladesXrayWindow_w816.egsdat ncase=1439999991     cpu=428314.00  
817 SourceBladesXrayWindow_w817.egsdat ncase=1439999991     cpu=427827.00  
818 SourceBladesXrayWindow_w818.egsdat ncase=1439999991     cpu=424135.00  
819 SourceBladesXrayWindow_w819.egsdat ncase=1439999991     cpu=422964.00  
820 SourceBladesXrayWindow_w820.egsdat ncase=1439999991     cpu=424599.00  
821 SourceBladesXrayWindow_w821.egsdat ncase=1439999991     cpu=422830.00  
822 SourceBladesXrayWindow_w822.egsdat ncase=1439999991     cpu=423924.00  
823 SourceBladesXrayWindow_w823.egsdat ncase=1439999991     cpu=427721.00  
824 SourceBladesXrayWindow_w824.egsdat ncase=1439999991     cpu=435408.00  
825 SourceBladesXrayWindow_w825.egsdat ncase=1439999991     cpu=428429.00  
826 SourceBladesXrayWindow_w826.egsdat ncase=1439999991     cpu=426276.00  
827 SourceBladesXrayWindow_w827.egsdat ncase=1439999991     cpu=428406.00  
828 SourceBladesXrayWindow_w828.egsdat ncase=1439999991     cpu=424550.00  
829 SourceBladesXrayWindow_w829.egsdat ncase=1439999991     cpu=429419.00  
830 SourceBladesXrayWindow_w830.egsdat ncase=1439999991     cpu=426395.00  
831 SourceBladesXrayWindow_w831.egsdat ncase=1439999991     cpu=428346.00  
832 SourceBladesXrayWindow_w832.egsdat ncase=1439999991     cpu=427830.00  
833 SourceBladesXrayWindow_w833.egsdat ncase=1439999991     cpu=425078.00  
834 SourceBladesXrayWindow_w834.egsdat ncase=1439999991     cpu=436212.00  
835 SourceBladesXrayWindow_w835.egsdat ncase=1439999991     cpu=427292.00  
836 SourceBladesXrayWindow_w836.egsdat ncase=1439999991     cpu=427344.00  
837 SourceBladesXrayWindow_w837.egsdat ncase=1439999991     cpu=426119.00  
838 SourceBladesXrayWindow_w838.egsdat ncase=1439999991     cpu=434588.00  
839 SourceBladesXrayWindow_w839.egsdat ncase=1439999991     cpu=427760.00  
840 SourceBladesXrayWindow_w840.egsdat ncase=1439999991     cpu=426290.00  
841 SourceBladesXrayWindow_w841.egsdat ncase=1439999991     cpu=427727.00  
842 SourceBladesXrayWindow_w842.egsdat ncase=1439999991     cpu=427061.00  
843 SourceBladesXrayWindow_w843.egsdat ncase=1439999991     cpu=430900.00  
844 SourceBladesXrayWindow_w844.egsdat ncase=1439999991     cpu=428911.00  
845 SourceBladesXrayWindow_w845.egsdat ncase=1439999991     cpu=423469.00  
846 SourceBladesXrayWindow_w846.egsdat ncase=1439999991     cpu=428220.00  
847 SourceBladesXrayWindow_w847.egsdat ncase=1439999991     cpu=427143.00  
848 SourceBladesXrayWindow_w848.egsdat ncase=1439999991     cpu=426712.00  
849 SourceBladesXrayWindow_w849.egsdat ncase=1439999991     cpu=434352.00  
850 SourceBladesXrayWindow_w850.egsdat ncase=1439999991     cpu=424123.00  
851 SourceBladesXrayWindow_w851.egsdat ncase=1439999991     cpu=426832.00  
852 SourceBladesXrayWindow_w852.egsdat ncase=1439999991     cpu=426693.00  
853 SourceBladesXrayWindow_w853.egsdat ncase=1439999991     cpu=422326.00  
854 SourceBladesXrayWindow_w854.egsdat ncase=1439999991     cpu=428310.00  
855 SourceBladesXrayWindow_w855.egsdat ncase=1439999991     cpu=425203.00  
856 SourceBladesXrayWindow_w856.egsdat ncase=1439999991     cpu=422916.00  
857 SourceBladesXrayWindow_w857.egsdat ncase=1439999991     cpu=426929.00  
858 SourceBladesXrayWindow_w858.egsdat ncase=1439999991     cpu=423882.00  
859 SourceBladesXrayWindow_w859.egsdat ncase=1439999991     cpu=433012.00  
860 SourceBladesXrayWindow_w860.egsdat ncase=1439999991     cpu=437248.00  
861 SourceBladesXrayWindow_w861.egsdat ncase=1439999991     cpu=426152.00  
862 SourceBladesXrayWindow_w862.egsdat ncase=1439999991     cpu=426312.00  
863 SourceBladesXrayWindow_w863.egsdat ncase=1439999991     cpu=426985.00  
864 SourceBladesXrayWindow_w864.egsdat ncase=1439999991     cpu=427232.00  
865 SourceBladesXrayWindow_w865.egsdat ncase=1439999991     cpu=447511.00  
866 SourceBladesXrayWindow_w866.egsdat ncase=1439999991     cpu=444230.00  
867 SourceBladesXrayWindow_w867.egsdat ncase=1439999991     cpu=445040.00  
868 SourceBladesXrayWindow_w868.egsdat ncase=1439999991     cpu=444066.00  
869 SourceBladesXrayWindow_w869.egsdat ncase=1439999991     cpu=453328.00  
870 SourceBladesXrayWindow_w870.egsdat ncase=1439999991     cpu=448910.00  
871 SourceBladesXrayWindow_w871.egsdat ncase=1439999991     cpu=446009.00  
872 SourceBladesXrayWindow_w872.egsdat ncase=1439999991     cpu=442753.00  
873 SourceBladesXrayWindow_w873.egsdat ncase=1439999991     cpu=445555.00  
874 SourceBladesXrayWindow_w874.egsdat ncase=1439999991     cpu=445780.00  
875 SourceBladesXrayWindow_w875.egsdat ncase=1439999991     cpu=443514.00  
876 SourceBladesXrayWindow_w876.egsdat ncase=1439999991     cpu=450665.00  
877 SourceBladesXrayWindow_w877.egsdat ncase=1439999991     cpu=425990.00  
878 SourceBladesXrayWindow_w878.egsdat ncase=1439999991     cpu=425010.00  
879 SourceBladesXrayWindow_w879.egsdat ncase=1439999991     cpu=428793.00  
880 SourceBladesXrayWindow_w880.egsdat ncase=1439999991     cpu=434249.00  
881 SourceBladesXrayWindow_w881.egsdat ncase=1439999991     cpu=425071.00  
882 SourceBladesXrayWindow_w882.egsdat ncase=1439999991     cpu=427522.00  
883 SourceBladesXrayWindow_w883.egsdat ncase=1439999991     cpu=424930.00  
884 SourceBladesXrayWindow_w884.egsdat ncase=1439999991     cpu=426485.00  
885 SourceBladesXrayWindow_w885.egsdat ncase=1439999991     cpu=424422.00  
886 SourceBladesXrayWindow_w886.egsdat ncase=1439999991     cpu=429683.00  
887 SourceBladesXrayWindow_w887.egsdat ncase=1439999991     cpu=424652.00  
888 SourceBladesXrayWindow_w888.egsdat ncase=1439999991     cpu=422949.00  
889 SourceBladesXrayWindow_w889.egsdat ncase=1439999991     cpu=430847.00  
890 SourceBladesXrayWindow_w890.egsdat ncase=1439999991     cpu=429531.00  
891 SourceBladesXrayWindow_w891.egsdat ncase=1439999991     cpu=430452.00  
892 SourceBladesXrayWindow_w892.egsdat ncase=1439999991     cpu=430913.00  
893 SourceBladesXrayWindow_w893.egsdat ncase=1439999991     cpu=425319.00  
894 SourceBladesXrayWindow_w894.egsdat ncase=1439999991     cpu=430974.00  
895 SourceBladesXrayWindow_w895.egsdat ncase=1439999991     cpu=424614.00  
896 SourceBladesXrayWindow_w896.egsdat ncase=1439999991     cpu=427588.00  
897 SourceBladesXrayWindow_w897.egsdat ncase=1439999991     cpu=425111.00  
898 SourceBladesXrayWindow_w898.egsdat ncase=1439999991     cpu=425575.00  
899 SourceBladesXrayWindow_w899.egsdat ncase=1439999991     cpu=440095.00  
900 SourceBladesXrayWindow_w900.egsdat ncase=1439999991     cpu=427082.00  
901 SourceBladesXrayWindow_w901.egsdat ncase=1599999990     cpu=447867.00  
902 SourceBladesXrayWindow_w902.egsdat ncase=1599999990     cpu=453360.00  
903 SourceBladesXrayWindow_w903.egsdat ncase=1599999990     cpu=426023.00  
904 SourceBladesXrayWindow_w904.egsdat ncase=1599999990     cpu=428027.00  
905 SourceBladesXrayWindow_w905.egsdat ncase=1599999990     cpu=418444.00  
906 SourceBladesXrayWindow_w906.egsdat ncase=1599999990     cpu=423333.00  
907 SourceBladesXrayWindow_w907.egsdat ncase=1599999990     cpu=424627.00  
908 SourceBladesXrayWindow_w908.egsdat ncase=1599999990     cpu=424514.00  
909 SourceBladesXrayWindow_w909.egsdat ncase=1599999990     cpu=425128.00  
910 SourceBladesXrayWindow_w910.egsdat ncase=1599999990     cpu=423036.00  
911 SourceBladesXrayWindow_w911.egsdat ncase=1599999990     cpu=418943.00  
912 SourceBladesXrayWindow_w912.egsdat ncase=1599999990     cpu=420878.00  
913 SourceBladesXrayWindow_w913.egsdat ncase=1599999990     cpu=423119.00  
914 SourceBladesXrayWindow_w914.egsdat ncase=1599999990     cpu=426652.00  
915 SourceBladesXrayWindow_w915.egsdat ncase=1599999990     cpu=420478.00  
916 SourceBladesXrayWindow_w916.egsdat ncase=1599999990     cpu=422303.00  
917 SourceBladesXrayWindow_w917.egsdat ncase=1599999990     cpu=421374.00  
918 SourceBladesXrayWindow_w918.egsdat ncase=1599999990     cpu=418250.00  
919 SourceBladesXrayWindow_w919.egsdat ncase=1599999990     cpu=422899.00  
920 SourceBladesXrayWindow_w920.egsdat ncase=1599999990     cpu=423300.00  
921 SourceBladesXrayWindow_w921.egsdat ncase=1599999990     cpu=421515.00  
922 SourceBladesXrayWindow_w922.egsdat ncase=1599999990     cpu=423856.00  
923 SourceBladesXrayWindow_w923.egsdat ncase=1599999990     cpu=407892.00  
924 SourceBladesXrayWindow_w924.egsdat ncase=1599999990     cpu=409601.00  
925 SourceBladesXrayWindow_w925.egsdat ncase=1599999990     cpu=413149.00  
926 SourceBladesXrayWindow_w926.egsdat ncase=1599999990     cpu=409258.00  
927 SourceBladesXrayWindow_w927.egsdat ncase=1759999989     cpu=443316.00  
928 SourceBladesXrayWindow_w928.egsdat ncase=1599999990     cpu=406950.00  
929 SourceBladesXrayWindow_w929.egsdat ncase=1759999989     cpu=442550.00  
930 SourceBladesXrayWindow_w930.egsdat ncase=1599999990     cpu=408574.00  
931 SourceBladesXrayWindow_w931.egsdat ncase=1759999989     cpu=443920.00  
932 SourceBladesXrayWindow_w932.egsdat ncase=1599999990     cpu=408381.00  
933 SourceBladesXrayWindow_w933.egsdat ncase=1759999989     cpu=443152.00  
934 SourceBladesXrayWindow_w934.egsdat ncase=1759999989     cpu=443861.00  
935 SourceBladesXrayWindow_w935.egsdat ncase=1759999989     cpu=442913.00  
936 SourceBladesXrayWindow_w936.egsdat ncase=1759999989     cpu=443360.00  
937 SourceBladesXrayWindow_w937.egsdat ncase=1759999989     cpu=444133.00  
938 SourceBladesXrayWindow_w938.egsdat ncase=1599999990     cpu=409347.00  
939 SourceBladesXrayWindow_w939.egsdat ncase=1599999990     cpu=410683.00  
940 SourceBladesXrayWindow_w940.egsdat ncase=1599999990     cpu=411788.00  
941 SourceBladesXrayWindow_w941.egsdat ncase=1439999991     cpu=411596.00  
942 SourceBladesXrayWindow_w942.egsdat ncase=1599999990     cpu=412162.00  
943 SourceBladesXrayWindow_w943.egsdat ncase=1599999990     cpu=414943.00  
944 SourceBladesXrayWindow_w944.egsdat ncase=1599999990     cpu=414605.00  
945 SourceBladesXrayWindow_w945.egsdat ncase=1599999990     cpu=417141.00  
946 SourceBladesXrayWindow_w946.egsdat ncase=1599999990     cpu=416695.00  
947 SourceBladesXrayWindow_w947.egsdat ncase=1599999990     cpu=415724.00  
948 SourceBladesXrayWindow_w948.egsdat ncase=1599999990     cpu=417004.00  
949 SourceBladesXrayWindow_w949.egsdat ncase=1599999990     cpu=416664.00  
950 SourceBladesXrayWindow_w950.egsdat ncase=1599999990     cpu=420437.00  
951 SourceBladesXrayWindow_w951.egsdat ncase=1599999990     cpu=421021.00  
952 SourceBladesXrayWindow_w952.egsdat ncase=1599999990     cpu=415569.00  
953 SourceBladesXrayWindow_w953.egsdat ncase=1599999990     cpu=419265.00  
954 SourceBladesXrayWindow_w954.egsdat ncase=1599999990     cpu=425953.00  
955 SourceBladesXrayWindow_w955.egsdat ncase=1599999990     cpu=415522.00  
956 SourceBladesXrayWindow_w956.egsdat ncase=1599999990     cpu=416150.00  
957 SourceBladesXrayWindow_w957.egsdat ncase=1599999990     cpu=412254.00  
958 SourceBladesXrayWindow_w958.egsdat ncase=1599999990     cpu=415473.00  
959 SourceBladesXrayWindow_w959.egsdat ncase=1599999990     cpu=413106.00  
960 SourceBladesXrayWindow_w960.egsdat ncase=1599999990     cpu=415902.00  
961 SourceBladesXrayWindow_w961.egsdat ncase=1599999990     cpu=414101.00  
962 SourceBladesXrayWindow_w962.egsdat ncase=1599999990     cpu=416480.00  
963 SourceBladesXrayWindow_w963.egsdat ncase=1599999990     cpu=414516.00  
964 SourceBladesXrayWindow_w964.egsdat ncase=1599999990     cpu=413316.00  
965 SourceBladesXrayWindow_w965.egsdat ncase=1599999990     cpu=412611.00  
966 SourceBladesXrayWindow_w966.egsdat ncase=1599999990     cpu=411981.00  
967 SourceBladesXrayWindow_w967.egsdat ncase=1599999990     cpu=411980.00  
968 SourceBladesXrayWindow_w968.egsdat ncase=1599999990     cpu=413988.00  
969 SourceBladesXrayWindow_w969.egsdat ncase=1599999990     cpu=412463.00  
970 SourceBladesXrayWindow_w970.egsdat ncase=1599999990     cpu=413106.00  
971 SourceBladesXrayWindow_w971.egsdat ncase=1599999990     cpu=425602.00  
972 SourceBladesXrayWindow_w972.egsdat ncase=1599999990     cpu=419926.00  
973 SourceBladesXrayWindow_w973.egsdat ncase=1599999990     cpu=411822.00  
974 SourceBladesXrayWindow_w974.egsdat ncase=1599999990     cpu=412433.00  
975 SourceBladesXrayWindow_w975.egsdat ncase=1599999990     cpu=421984.00  
976 SourceBladesXrayWindow_w976.egsdat ncase=1599999990     cpu=411363.00  
977 SourceBladesXrayWindow_w977.egsdat ncase=1599999990     cpu=414466.00  
978 SourceBladesXrayWindow_w978.egsdat ncase=1599999990     cpu=417729.00  
979 SourceBladesXrayWindow_w979.egsdat ncase=1599999990     cpu=411844.00  
980 SourceBladesXrayWindow_w980.egsdat ncase=1599999990     cpu=415303.00  
981 SourceBladesXrayWindow_w981.egsdat ncase=1599999990     cpu=416719.00  
982 SourceBladesXrayWindow_w982.egsdat ncase=1599999990     cpu=419236.00  
983 SourceBladesXrayWindow_w983.egsdat ncase=1599999990     cpu=410066.00  
984 SourceBladesXrayWindow_w984.egsdat ncase=1599999990     cpu=410850.00  
985 SourceBladesXrayWindow_w985.egsdat ncase=1759999989     cpu=441486.00  
986 SourceBladesXrayWindow_w986.egsdat ncase=1599999990     cpu=411936.00  
987 SourceBladesXrayWindow_w987.egsdat ncase=1759999989     cpu=441735.00  
988 SourceBladesXrayWindow_w988.egsdat ncase=1599999990     cpu=408902.00  
989 SourceBladesXrayWindow_w989.egsdat ncase=1759999989     cpu=443256.00  
990 SourceBladesXrayWindow_w990.egsdat ncase=1599999990     cpu=412658.00  
991 SourceBladesXrayWindow_w991.egsdat ncase=1599999990     cpu=407165.00  
992 SourceBladesXrayWindow_w992.egsdat ncase=1599999990     cpu=414431.00  
993 SourceBladesXrayWindow_w993.egsdat ncase=1599999990     cpu=408202.00  
994 SourceBladesXrayWindow_w994.egsdat ncase=1599999990     cpu=410866.00  
995 SourceBladesXrayWindow_w995.egsdat ncase=1599999990     cpu=407088.00  
996 SourceBladesXrayWindow_w996.egsdat ncase=1759999989     cpu=441913.00  
997 SourceBladesXrayWindow_w997.egsdat ncase=1599999990     cpu=409582.00  
998 SourceBladesXrayWindow_w998.egsdat ncase=1599999990     cpu=408295.00  
999 SourceBladesXrayWindow_w999.egsdat ncase=1599999990     cpu=407181.00  
1000 SourceBladesXrayWindow_w1000.egsdat ncase=1599999990     cpu=411210.00  
=======================================================================
                            Total ncase=1599999990000  cpu=425729066.00



Finished simulation

Total cpu time for this run:            0.63 (sec.) 0.0002(hours)
CPU time including previous runs:       425729066.63 (sec.) 118258.0741 (hours)
Histories per hour:                     1.35297e+07   
Number of random numbers used:          5105002889857839
Number of electron CH steps:            6.93696e+13   
Number of all electron steps:           1.01916e+15   


 last case = -2022811408 Etot = 1.6e+11


======================================================
 Energy fractions
======================================================
The first and last items in the following list of energy fractions are the reflected and transmitted energy, respectively. These two values are only meaningful if the source is directed in the positive z-direction. The remaining values are the deposited energy fractions in the regions of the geometry, but notice that the identifying index is the region number offset by 1 (ir+1).

ir+1 | Reflected, deposited, or transmitted energy fraction for 1599999990000 particles:

  0  1.557838e-01 +/- 2.545003e-07  
  1  1.777181e-07 +/- 2.410771e-10  
  2  1.358590e-10 +/- 4.704438e-12  
  3  1.776234e-07 +/- 2.410229e-10  
  4  1.076959e-07 +/- 1.830923e-10  
  5  1.192118e-10 +/- 5.956453e-12  
  6  1.074870e-07 +/- 1.829556e-10  
  7  1.659341e-06 +/- 7.224788e-10  
  8  1.137635e-05 +/- 1.888728e-09  
  9  1.660461e-06 +/- 7.227800e-10  
  10  2.477729e-06 +/- 9.109624e-10  
  11  8.968762e-09 +/- 3.602694e-11  
  12  2.479489e-06 +/- 9.112700e-10  
  13  1.671784e-06 +/- 7.262689e-10  
  14  3.656285e-07 +/- 3.840650e-10  
  15  1.671780e-06 +/- 7.262939e-10  
  16  1.898037e-05 +/- 2.458751e-09  
  17  6.003008e-01 +/- 3.274493e-07  
  18  1.897586e-05 +/- 2.458383e-09  
  19  3.221407e-06 +/- 1.034920e-09  
  20  1.578909e-05 +/- 2.259201e-09  
  21  3.221623e-06 +/- 1.034935e-09  
  22  2.659878e-06 +/- 9.038450e-10  
  23  1.279533e-05 +/- 1.948218e-09  
  24  2.660089e-06 +/- 9.038791e-10  
  25  4.738691e-06 +/- 1.229396e-09  
  26  2.935114e-05 +/- 3.043169e-09  
  27  4.741578e-06 +/- 1.229847e-09  
  28  1.533801e-07 +/- 3.093763e-11  
  29  0.000000e+00 +/- 0.000000e+00  
  30  3.246960e-02 +/- 1.272121e-07  
  31  1.654385e-02 +/- 8.759086e-08  
  32  3.366699e-05 +/- 1.591625e-09  
  33  7.461966e-05 +/- 4.653580e-09  
  34  5.466747e-05 +/- 3.185333e-09  
  35  0.000000e+00 +/- 0.000000e+00  
  36  0.000000e+00 +/- 0.000000e+00  
  37  0.000000e+00 +/- 0.000000e+00  
  38  0.000000e+00 +/- 0.000000e+00  
  39  0.000000e+00 +/- 0.000000e+00  
  40  0.000000e+00 +/- 0.000000e+00  
  41  0.000000e+00 +/- 0.000000e+00  
  42  0.000000e+00 +/- 0.000000e+00  
  43  0.000000e+00 +/- 0.000000e+00  
  44  0.000000e+00 +/- 0.000000e+00  
  45  0.000000e+00 +/- 0.000000e+00  
  46  0.000000e+00 +/- 0.000000e+00  
  47  0.000000e+00 +/- 0.000000e+00  
  48  0.000000e+00 +/- 0.000000e+00  
  49  0.000000e+00 +/- 0.000000e+00  
  50  0.000000e+00 +/- 0.000000e+00  
  51  0.000000e+00 +/- 0.000000e+00  
  52  0.000000e+00 +/- 0.000000e+00  
  53  0.000000e+00 +/- 0.000000e+00  
  54  0.000000e+00 +/- 0.000000e+00  
  55  8.254299e-10 +/- 4.226856e-12  
  56  0.000000e+00 +/- 0.000000e+00  
  57  0.000000e+00 +/- 0.000000e+00  
  58  0.000000e+00 +/- 0.000000e+00  
  59  0.000000e+00 +/- 0.000000e+00  
  60  0.000000e+00 +/- 0.000000e+00  
  61  0.000000e+00 +/- 0.000000e+00  
  62  0.000000e+00 +/- 0.000000e+00  
  63  0.000000e+00 +/- 0.000000e+00  
  64  0.000000e+00 +/- 0.000000e+00  
  65  0.000000e+00 +/- 0.000000e+00  
  66  0.000000e+00 +/- 0.000000e+00  
  67  0.000000e+00 +/- 0.000000e+00  
  68  0.000000e+00 +/- 0.000000e+00  
  69  0.000000e+00 +/- 0.000000e+00  
  70  0.000000e+00 +/- 0.000000e+00  
  71  0.000000e+00 +/- 0.000000e+00  
  72  0.000000e+00 +/- 0.000000e+00  
  73  0.000000e+00 +/- 0.000000e+00  
  74  0.000000e+00 +/- 0.000000e+00  
  75  0.000000e+00 +/- 0.000000e+00  
  76  0.000000e+00 +/- 0.000000e+00  
  77  0.000000e+00 +/- 0.000000e+00  
  78  0.000000e+00 +/- 0.000000e+00  
  79  0.000000e+00 +/- 0.000000e+00  
  80  0.000000e+00 +/- 0.000000e+00  
  81  0.000000e+00 +/- 0.000000e+00  
  82  1.601249e-08 +/- 4.656361e-11  
  83  0.000000e+00 +/- 0.000000e+00  
  84  0.000000e+00 +/- 0.000000e+00  
  85  0.000000e+00 +/- 0.000000e+00  
  86  0.000000e+00 +/- 0.000000e+00  
  87  0.000000e+00 +/- 0.000000e+00  
  88  0.000000e+00 +/- 0.000000e+00  
  89  0.000000e+00 +/- 0.000000e+00  
  90  0.000000e+00 +/- 0.000000e+00  
  91  0.000000e+00 +/- 0.000000e+00  
  92  0.000000e+00 +/- 0.000000e+00  
  93  0.000000e+00 +/- 0.000000e+00  
  94  0.000000e+00 +/- 0.000000e+00  
  95  0.000000e+00 +/- 0.000000e+00  
  96  0.000000e+00 +/- 0.000000e+00  
  97  0.000000e+00 +/- 0.000000e+00  
  98  0.000000e+00 +/- 0.000000e+00  
  99  0.000000e+00 +/- 0.000000e+00  
  100  0.000000e+00 +/- 0.000000e+00  
  101  0.000000e+00 +/- 0.000000e+00  
  102  0.000000e+00 +/- 0.000000e+00  
  103  0.000000e+00 +/- 0.000000e+00  
  104  0.000000e+00 +/- 0.000000e+00  
  105  0.000000e+00 +/- 0.000000e+00  
  106  0.000000e+00 +/- 0.000000e+00  
  107  0.000000e+00 +/- 0.000000e+00  
  108  0.000000e+00 +/- 0.000000e+00  
  109  0.000000e+00 +/- 0.000000e+00  
  110  0.000000e+00 +/- 0.000000e+00  
  111  0.000000e+00 +/- 0.000000e+00  
  112  0.000000e+00 +/- 0.000000e+00  
  113  0.000000e+00 +/- 0.000000e+00  
  114  0.000000e+00 +/- 0.000000e+00  
  115  0.000000e+00 +/- 0.000000e+00  
  116  0.000000e+00 +/- 0.000000e+00  
  117  0.000000e+00 +/- 0.000000e+00  
  118  0.000000e+00 +/- 0.000000e+00  
  119  0.000000e+00 +/- 0.000000e+00  
  120  0.000000e+00 +/- 0.000000e+00  
  121  0.000000e+00 +/- 0.000000e+00  
  122  0.000000e+00 +/- 0.000000e+00  
  123  0.000000e+00 +/- 0.000000e+00  
  124  0.000000e+00 +/- 0.000000e+00  
  125  0.000000e+00 +/- 0.000000e+00  
  126  0.000000e+00 +/- 0.000000e+00  
  127  0.000000e+00 +/- 0.000000e+00  
  128  0.000000e+00 +/- 0.000000e+00  
  129  0.000000e+00 +/- 0.000000e+00  
  130  0.000000e+00 +/- 0.000000e+00  
  131  0.000000e+00 +/- 0.000000e+00  
  132  0.000000e+00 +/- 0.000000e+00  
  133  0.000000e+00 +/- 0.000000e+00  
  134  0.000000e+00 +/- 0.000000e+00  
  135  0.000000e+00 +/- 0.000000e+00  
  136  0.000000e+00 +/- 0.000000e+00  
  137  0.000000e+00 +/- 0.000000e+00  
  138  0.000000e+00 +/- 0.000000e+00  
  139  0.000000e+00 +/- 0.000000e+00  
  140  0.000000e+00 +/- 0.000000e+00  
  141  0.000000e+00 +/- 0.000000e+00  
  142  0.000000e+00 +/- 0.000000e+00  
  143  0.000000e+00 +/- 0.000000e+00  
  144  0.000000e+00 +/- 0.000000e+00  
  145  0.000000e+00 +/- 0.000000e+00  
  146  0.000000e+00 +/- 0.000000e+00  
  147  0.000000e+00 +/- 0.000000e+00  
  148  0.000000e+00 +/- 0.000000e+00  
  149  0.000000e+00 +/- 0.000000e+00  
  150  0.000000e+00 +/- 0.000000e+00  
  151  0.000000e+00 +/- 0.000000e+00  
  152  0.000000e+00 +/- 0.000000e+00  
  153  0.000000e+00 +/- 0.000000e+00  
  154  0.000000e+00 +/- 0.000000e+00  
  155  0.000000e+00 +/- 0.000000e+00  
  156  0.000000e+00 +/- 0.000000e+00  
  157  0.000000e+00 +/- 0.000000e+00  
  158  0.000000e+00 +/- 0.000000e+00  
  159  0.000000e+00 +/- 0.000000e+00  
  160  0.000000e+00 +/- 0.000000e+00  
  161  0.000000e+00 +/- 0.000000e+00  
  162  0.000000e+00 +/- 0.000000e+00  
  163  1.945978e-01 +/- 2.764280e-07  

Particle Track Scoring (tracks)
======================================================
   Total events scored:     0
   Total tracks scored:     0
   Still being scored:      0
   Output file name:        /home/rsmina/EGSnrc/egs_home/TB/SourceBladesXrayWindow.ptracks


======================================================
Phase Space Scoring Object(anodeXRayWPbPort)
======================================================

 IAEA format phase space output:
 Header file: /home/rsmina/EGSnrc/egs_home/TB/anodeXRayWPbPort.1.IAEAheader
 Data file: /home/rsmina/EGSnrc/egs_home/TB/anodeXRayWPbPort.1.IAEAphsp
Summary of scored data:
=> total no. of particles = 343101853 
=> no. of photons = 342956988 
=> max. k.e. of all particles = -1e+30 MeV
=> min. k.e. of charged particles = 1e+30 MeV
=> no. of primary histories represented = 2319688245475161906

======================================================


================================================================================
Finished simulation

  Elapsed time:                   11.4 s (  0.003 h)
  CPU time:                        3.5 s (  0.001 h)
  Ratio:                          3.219


End of run                                             Wed Sep 13 19:46:37 2023
================================================================================
finishSimulation(TB) 0
